id,ret
1,"您好！我们店铺默认支持**7天无理由退换货**哦。为方便您操作，退货时请保持商品完好、未使用，且原包装、吊牌、附件及赠品齐全即可申请。

关于运费说明：
• 若是个人原因（如不喜欢、尺码不合适等）发起的无理由退换，**退货运费通常需您先行垫付**；部分订单会赠送“运费险”，您可在订单详情页查看，退货后系统会自动理赔抵扣运费。
• 若是因商品质量问题、描述不符或我们发错货导致的退换，**往返运费均由我们全额承担**。

如果您已经拍下订单，可以直接回复**订单号**，我帮您快速核对是否符合退换条件，并指引您一键提交售后申请～有其他疑问也欢迎随时告诉我！"
2,"您好！关于您的咨询，为您说明如下：

我们的售后维修服务主要覆盖商品在质保期内的**非人为质量故障**（如零部件自然老化、功能异常等）。若属于人为损坏（如摔落、进水、挤压或私自拆解等），则不在免费保修范围内，但我们仍提供**付费维修服务**。费用会根据实际检测出的故障部位，按官方透明的“配件费+人工费”标准核算；正式维修前会先向您出具详细报价单，经您确认同意后再安排施工，确保消费知情、价格透明。

为了尽快为您核实具体情况，请您提供一下**订单号**和**商品损坏的描述/照片**。我将立即为您转接售后专员进行初步评估，并在1个工作日内给您明确的维修方案与费用明细。感谢您的理解与支持，如有其他疑问随时留言哦！"
3,"您好，我们的商品均支持开具正规发票哦。目前主要提供增值税电子普通发票，如需增值税专用发票，请提前提供企业全称及纳税人识别号。发票一般在订单支付成功或确认收货后1-3个工作日内开具，电子发票会直接发送至您的预留邮箱，或您可前往订单详情页自助下载与打印；若选择纸质发票邮寄，一般在开具后3-5个工作日内寄出。

请您提供一下订单编号、需要的发票类型及完整开票信息（如抬头、税号、收件人及联系方式），我立刻为您登记处理。若您最后一句“多久能收到呢”是指商品物流时效，也麻烦告知具体收货地址，我马上为您查询最新进度哦！"
4,"您好，非常抱歉给您带来不便！收到商品发现外包装破损，请您先放心，**这完全不会影响您的正常退换货权益**。

建议您立即对破损的外包装及内部商品拍摄清晰的现场照片或视频留存凭证。若是运输途中造成的损坏导致商品破损、缺损或您因此不满意，公司均承担来回运费，可为您快速安排免费补发、换新或退款。

麻烦您提供一下订单号与破损图片，客服会第一时间为您核实并开通绿色通道处理。如有其他疑问随时联系我们，祝您生活愉快！"
6,"您好！感谢您的咨询，关于退款政策与到账时效，为您简要说明如下：

🔹 **退款政策**：在商品保持完好、不影响二次销售的前提下，您可在订单允许退款的状态下提交申请，我们会在1个工作日内完成审核。  
🔹 **到账时效**：审核通过后，退款通常1-3个工作日内由系统发出。实际到账时间因支付方式略有差异：微信/支付宝一般1-3个工作日到账；银行卡类（含信用卡）因需经银行结算通道，通常需要3-7个工作日才能在账单上体现。  
🔹 **信用卡退款**：是的，所有退款均严格**原路退回**。信用卡退款会直接冲抵您的信用卡当期或下期账单，不会额外提现到储蓄卡，请您留意后续对账单即可。

如您有具体的退款订单需要跟进，可以发我订单号，我立即为您查询处理进度。如有其他疑问，随时留言，我会尽快为您解答！祝您生活愉快～"
7,"您好，非常抱歉给您带来不佳的购物体验！商品实物与详情页存在明显色差确实会严重影响心情，我们高度重视并会严肃处理。

为尽快为您妥善解决，麻烦您回复**订单号**及**实物正面/侧面清晰照片**，我们将立即安排专员核验。根据您的诉求，可为您快速办理以下任一方案：
1️⃣ **免费换货**：核实后为您重新发出，发货前会二次核对颜色并附赠运费险；
2️⃣ **七天无理由退货退款**：无需您承担往返运费，支持上门取件；
3️⃣ 若确属商家描述不符或品控问题，除退换外还将按平台规则为您申请相应补偿。

您只需告知处理意向，我们将在1小时内开通加急通道为您跟进。再次为此次失误致歉，感谢您的耐心反馈，我们将全力保障您的权益！"
8,"您好，非常抱歉给您带来不佳的购物体验！关于您反馈的宣传功能与实际不符的问题，我们高度重视并已记录。

为尽快核实情况并妥善解决，麻烦您提供以下信息：
1. **订单号**及商品名称/链接；
2. 宣传页面标注的功能与实物不一致的**截图或对比照片**。

收到资料后，我们会在1个工作日内介入调查，并根据核实结果为您安排免费退换、差价补偿或按平台规则升级处理。您的反馈对我们非常重要，我们一定负责到底！如需进一步协助，请随时告诉我。"
9,"您好，非常抱歉让您久等了！您反馈的“少件未补发”问题我已作为加急事项为您登记，会立即向仓库及售后对接人核查当前进度。

为加快处理速度，麻烦您提供一下之前的沟通记录截图或客服工单号（如有）。我将直接为您升级催办，并在**24小时内**向您同步确切的补发物流单号及预计送达时间。若因系统遗漏导致延误，我们也会优先发出并补偿您一份运费券/优惠券以表歉意。

感谢您的耐心与理解，我们会全程跟进直到您顺利收到补发商品，有任何进展第一时间联系您！"
10,您好，非常抱歉让您久等了！商品返厂维修本身需要一定的检测与配件准备周期，若已过半个月仍未完成，确实是我们内部跟进不够及时。麻烦您提供一下维修单号或原订单编号，我这边立即为您联系技术部门加急核查当前进度及卡点，并安排专员重点督办。我们承诺在24小时内向您同步详细进展，全程跟踪直至您顺利收到修好的商品。感谢您的反馈与耐心，我们一定会妥善为您处理好此事！
11,"您好，非常抱歉给您带来不好的购物体验！您反馈的商品仅剩1个月保质期的情况我们已高度重视。为切实保障您的权益，此类临近保质期的商品我们支持**免费退换货**或**按实付金额全额退款**。

请您回复提供以下信息：
1. 订单编号
2. 商品外包装盒清晰照片（需包含生产日期/有效期字样）

收到后我将立即为您提交售后工单，并在2小时内同步处理结果。后续我们会同步优化出库效期复核流程，避免同类问题发生。再次向您致歉，感谢您的及时反馈与包容！"
12,"您好，非常抱歉给您带来如此不愉快的收货体验！我们对快递员的不当言行零容忍，绝不允许此类情况发生。请您放心，我们会立即为您登记正式投诉，并协同物流合作方紧急核查处理。一经查实，将严肃追责涉事人员，并为您提供相应补偿与专属道歉。

为方便快速推进调查，麻烦您提供一下订单号、大致签收时间及快递单号（如有）。我们将在24小时内向您同步核查结果与处理方案。再次为这次糟糕的体验致歉，感谢您的反馈与监督，我们一定负责到底！"
13,"您好，非常抱歉给您带来不佳的购物体验，也为您之前联系客服未获及时响应深表歉意。您反馈的商品使用一次即出现损坏，我们已确认为质量问题，将立即为您优先处理。

请您提供一下**订单号**以及**商品故障的照片或短视频**，我将立刻为您登记加急售后工单。根据平台售后规则，此类情况支持**免费换新或退货退款**（按您偏好执行）。我的同事会在**1小时内**主动联系您核对信息并直接办理后续流程，全程无需您重复提交材料。

感谢您的监督与反馈，我们一定会对您此次的问题负责到底，尽快为您妥善解决！"
14,"您好，非常抱歉给您带来这么不好的购物体验！收到被拆封且有污渍的商品确实不符合我们的品控标准，是我们的工作失误，真的对不起。

关于您的投诉与售后处理，麻烦您提供订单号以及商品污渍、拆封痕迹的清晰照片或视频。核实后，我们将立即为您办理**全额退款**或**免费换发全新同款商品**，所有往返运费由我们承担，并会按平台规则为您申请额外补偿。同时，您的投诉已直接升级至品质核查专员跟进，我们将严格追溯入库与打包环节并内部追责，绝不推诿。

请问您更倾向退款还是换货？收到照片凭证后我马上为您开通加急通道处理，全程跟踪直到您确认满意为止。再次为此次糟糕的经历诚恳致歉！"
15,"您好，非常抱歉给您带来了如此糟糕的购物体验！我们郑重承诺所有在售商品均为正品。若您对商品真伪存疑，请放心，我们会全程跟进并为您负责到底。

为加快核实与处理进度，麻烦您提供以下信息：
1. 订单编号；
2. 商品实物、外包装及防伪标/序列号的清晰照片；
3. 验证结果的截图或第三方鉴别渠道说明。

我们收到后会立即升级至专项客服团队加急核查。若确认非正品，我们将严格按照平台规则为您办理极速退货退款，并依法依约支付相应赔偿，同时对该批次商品启动下架与供应商溯源追责。

感谢您的监督与反馈，请补充上述资料，我们第一时间向您同步处理进展。"
16,"您好，完全理解您的顾虑。即使划痕不影响使用，只要影响外观或您的购买体验，我们同样支持为您办理换货哦。

请您在签收之日起 **7天内**，进入【我的订单】-【申请售后】，选择「换货」，并按提示上传划痕部位清晰照片及原包装信息。我们会加急审核，审核通过后将由快递员免费上门取件（往返运费均由平台承担），同时为您发出全新正品。

提交申请后如有任何疑问，或需要我帮您核对操作入口，随时回复即可，我会全程跟进为您妥善处理。感谢您的信任与支持！"
17,"您好！您的原包装盒如果遗失了也没关系，只要商品本身完好、配件齐全且不影响二次销售，就可以正常办理换货哦。一般情况下，您不需要额外支付包装费，我们会为您统一准备标准的退换货包装材料，请您放心。

麻烦您提供一下订单号，并告知需要更换的具体款式或原因，我这边马上为您生成换货单，并发送准确的退货地址与物流操作指引。提交后我们会优先审核，后续有任何进度都会同步给您～如有其他疑问，随时叫我！"
18,您好，很抱歉给您带来不便。超过7天无理由退换货期后，通常无法直接办理无理由退货；但若商品存在质量问题、功能故障、破损或与页面描述不符等情况，我们仍可为您开通售后通道哦。请您提供订单号、商品具体问题及照片/视频凭证，我将立即为您登记并申请专项处理方案。感谢您的理解与配合！
19,"您好！关于商品说明书，我们通常默认会随包裹附带纸质版哦。如果您已遗失或需要额外补充，请提供您的订单号或商品具体型号，我们可为您登记安排免费补寄。

电子版说明书您可以通过以下任一方式获取：
1️⃣ 品牌官网“服务与支持/下载中心”页面，输入商品型号即可免费下载PDF版；
2️⃣ 订单详情页→我的订单→找到该商品→点击“查看电子说明书”；
3️⃣ 产品包装内侧或机身标签处通常印有官方二维码，手机扫码即可直达电子版。

若您不确定型号或操作中有疑问，直接把商品名称或订单信息发给我，我马上将电子版通过站内信或邮箱发送给您。感谢您的咨询，有任何其他问题随时叫我～"
20,您好，感谢您的咨询！我们目前支持大部分国家和地区的国际配送，具体能否送达取决于您的收货地址，您可以直接告诉我目标国家或城市，我为您实时核实。国际运费一般根据目的国、包裹实际重量/体积以及所选物流渠道综合计算，下单结算时会清晰展示所有费用，无隐形收费；正常发运后物流时效约为7-20个工作日（不含海关查验时间，偏远地区或大促高峰期可能略有延长）。您只需提供【收货国家】+【商品名称/链接】，我马上为您测算精准运费与可用时效，并为您匹配合适的邮寄方案，全程跟进直到签收哦！
21,"您好，关于公司发票的注意事项及信息更正，为您解答如下：

📌 **开具公司抬头的注意事项**  
通常需要准确提供**企业全称**和**统一社会信用代码**。部分商家/平台可能还需补充纳税人识别号、注册地址、联系电话及开户银行账号，建议您开票前与企业财务确认所需字段。您可以在订单详情页“申请开票”入口自行填写，或下单后发送给我，由客服协助录入。

🔄 **抬头写错能否重新开具**  
完全支持。请直接将正确的公司名称和税号发给我（或提供对应订单号），我们会立即为您作废原发票并重新开具。电子发票系统将自动刷新；若已打印纸质发票，按指引寄回原件即可免费重开，全程无需您额外承担费用。

您可以直接在此回复正确信息或订单号，我马上为您处理。如有其他开票或使用问题，随时告诉我哦！"
22,"您好，非常抱歉给您带来不好的购物体验！针对您的疑问为您解答：

商品存在质量瑕疵属于售后保障范围，即使已使用也能正常申请售后哦。具体是维修还是换货，主要取决于瑕疵的严重程度和您的购买时间。一般来说，若非人为导致的质量问题，我们在质保期内会优先安排免费维修；若瑕疵较大、严重影响正常使用，或符合平台退换货规则，我们也可以为您协商换货或进一步处理。

请您提供一下**订单号**以及**瑕疵部位的清晰照片/视频**，我会立即为您登记并加急核实，尽快为您匹配最合适的处理方案。感谢您的理解与配合！"
23,"您好！订单已付款但尚未发货的情况下，您可以直接在订单详情页点击“取消订单”并选择退款，平台审核通过后，款项通常会在1-3个工作日内原路全额退回您的支付账户。若商品已发货且无法直接取消，我们可尝试帮您联系快递公司拦截；若拦截失败，您也可以在收到货后直接拒收或申请退货退款，运费由我们承担。

请您先查看当前订单的物流状态，如果需要我协助操作或核对退款进度，请提供一下订单号，我马上为您跟进处理。感谢您的理解与支持！"
24,"您好！我们的商品发货时均会随箱附带售后保障卡，部分电子产品也同步支持线上电子保修登记哦。

如果卡片不慎丢失，**完全不影响享受正常的售后服务**。因为我们后台的售后权益是与您的订单信息及商品机身序列号（SN码）强绑定的。您只需要向我们提供有效的购买凭证（如订单截图、电子发票或支付记录），我们即可直接为您登记并安排相应的维修、换货或退货服务。

后续如有任何需要，随时联系客服即可，我们将第一时间为您处理，祝您购物愉快！"
25,"您好！我们目前支持部分品类的以旧换新服务哦。具体哪些商品可参与、旧物如何估价以及抵扣金额，会因商品类型和使用状况有所不同。您可以直接回复您的**商品名称/型号**，我立即为您查询是否符合条件，并帮您测算预计抵扣金额。

若支持该服务，常规流程为：在线提交申请 → 快递上门取件验机 → 确认旧机价值后，抵扣款可直接冲抵新机订单（或按规则原路结算）。整个过程无需您承担旧机寄回运费哦。

如有具体商品想确认，随时发我，我马上为您核实办理！"
26,"您好！我们的智能客服主要为您解答电商日常通用问题，例如：订单状态查询、物流进度追踪、退换货与退款政策、电子发票申请、基础商品咨询及账号操作指引等。

若智能客服未能覆盖您的具体问题，您可以直接点击当前对话窗口右下角的【转人工】按钮，联系专属客服专员；也可在帮助中心查看对应业务的官方服务专线。人工客服会优先为您介入处理，通常响应时间在几分钟内，并会为您出具明确的解决方案哦。

您目前具体遇到的是哪个环节的问题呢？可以直接描述给我，我马上为您登记并安排专人跟进处理！感谢您的信任与支持～"
33,"您好，我们店铺是支持7天无理由退货的哦。

需要满足的条件一般为：
1️⃣ 商品保持完好，不影响二次销售（不含人为损坏、拆毁防伪标签或擅自修改等）；
2️⃣ 原包装、配件、赠品及发票等齐全；
3️⃣ 自签收之日起7天内提出申请；
*注：定制类、生鲜易腐、贴身衣物、数字化商品等特殊商品可能不支持无理由退换，具体请以商品详情页标注为准。*

您可以在订单详情中点击“申请售后”选择“退货”，系统会自动为您生成退货指引与地址。如有任何操作问题，随时发我订单号，我一步步带您处理～"
34,"您好，非常抱歉给您带来不便！商品少发的情况我们高度重视。请您提供订单号，并拍一张收到的实际货物及包裹外包装照片发给我，我们核对后会立即为您安排免费补寄。

补寄单一般会在核实后24小时内发出，按正常物流时效即可送达，**全程无需您承担任何运费**。收到补寄件后如果您还有任何问题，随时联系我，我们会第一时间为您处理！"
35,您好，支持为您办理换货哦。只要商品保持完好、不影响二次销售（如吊牌未拆、原包装完整），且在签收后规定期限内，就可以申请更换其他款式。请您提供一下订单号和想换的款式信息，我马上帮您查询库存并为您登记换货流程。换货时寄回包裹的运费需由您先行垫付，流程确认后我们会尽快为您发出新商品。如有搭配建议或其他疑问，随时告诉我哦！
36,"您好！不同商品及生产批次的时间可能会有所差异哦。为了给您准确的答复，麻烦您提供一下具体的**商品名称、链接或订单编号**，我立刻为您核实该批次对应的生产日期。如果您已经收到实物，也可以直接在商品外包装或产品标签上查看日期标识。

提供信息后，我会第一时间为您查询并反馈结果。感谢您的支持与配合！"
37,您好！感谢您的咨询。我们部分商品（如大家电、定制家具等）是支持上门安装服务的，具体是否包含需以商品详情页的说明为准哦。如果您已经下单，可以告诉我订单号或商品名称，我帮您核实安装政策并协助预约师傅上门；若暂未提供上门安装服务，页面也会配有详细的图文/视频安装指南，方便您自行组装。如有其他疑问，随时告诉我，我会第一时间为您处理！
38,您好，感谢您的咨询！关于试用装的支持情况，主要取决于具体商品的品牌与活动政策哦。目前部分美妆、护肤、洗护及食品类商品会在页面标注“附赠小样”或支持会员/老客申领；若您有特定商品的体验需求，可以直接发我商品链接或名称，我帮您核实是否可单独申请试用装，或为您搭配含体验装的优惠组合。确认后会第一时间给您回复，有其他需要随时告诉我～
39,您好，非常理解您的心情！商品在使用中出现质量问题，是完全可以走售后服务的哦。一般情况下，非人为导致的质量问题在保修期内（通常为1年）我们都支持免费维修或更换；若在购买后15天内，也可申请换货或退货。为了尽快为您处理，请您提供订单号、故障的具体描述以及清晰的图片/视频，我们会立即核实并为您安排专属售后方案。如有其他需要，随时留言给我！
40,"您好，商品是支持更换更大尺寸的哦。请您在订单详情页点击【售后/退换】，选择“换货”或在申请时备注需要更换的具体尺码，提交后我们会为您审核放行。

关于尺寸差价的处理方式：若新尺码价格高于原订单，您需在重新拍下该商品时直接支付差额；若新尺码更便宜，在您退回原商品且仓库验收无误后，系统会自动将差价原路退还至您的支付账户。为保障顺利换货，请确保商品保持吊牌完整、未洗涤且不影响二次销售。如需我代您提前登记换货信息或核对库存，随时告诉我，我马上为您跟进！"
41,"您好，非常抱歉给您带来不便！遇到快递丢件请放心，我们会为您全程跟进处理。

为加快核查进度，麻烦您回复一下**订单编号**及**收件人联系方式**。确认丢件后，我们会立即启动内部理赔流程，并为您提供**免费补发同款商品**或**全额退款**（由您自行选择）。

关于处理时效：物流核实通常需要1-3个工作日；确认后我们会在1个工作日内为您操作退款或重新发货。退款一般1-7个工作日原路返回支付账户（具体到账时间以银行/平台规则为准）；补发出的新包裹会在操作完成后24小时内生成新物流单号并发货。

整个过程中如有任何进展，客服专员会通过短信或站内信及时通知您。感谢您的耐心与理解，如有其他疑问请随时告诉我！"
42,"您好，感谢您的咨询。按照电商通用售后规则，商品一旦拆封或使用过，通常就不再符合“七天无理由退货”条件（需保持商品完好、配件齐全且不影响二次销售）。

不过，如果您是想退换的原因涉及**质量问题、功能故障、与页面描述不符或发错货**等情况，我们完全支持！请您提供订单号，并简单描述具体问题或拍下瑕疵部位的照片，我会立即为您核对并安排换货、维修或协商处理方案。您也可以在原订单中直接点击“申请售后”，根据实际原因选择对应类型，系统会自动流转至对应服务流程。

有任何进展我会第一时间同步您，随时留言即可，祝您购物顺利！"
43,"您好，遇到这种情况不用着急哦。快递员通常会按以下流程处理：
- 若您订单备注或收货设置中同意代收，包裹一般会直接放入附近的快递柜或合作驿站；
- 若未设置代收，快递员会尝试电话联系您，并按规范将包裹暂存于派送网点或快递柜，随后向您发送取件短信及物流更新。

您可以留意收件手机的短信通知或物流轨迹中的最新状态，按提示前往自提点或快递柜凭取件码领取。如果您希望改为预约上门时间、指定放置在物业/家门口等安全位置，或直接联系派送员协商，可以告诉我您的订单号或收件手机号，我帮您核实当前包裹的具体安排并代为沟通调整。感谢您的配合！"
44,"您好，我们的优惠券通常有指定的适用范围，并非全场通用哦。具体能否使用，会根据活动规则有所区别，一般特价清仓、限量联名款或已参与其他大促的商品可能无法叠加使用。

您可以直接在优惠券详情页查看“适用商品/品类”说明；如果方便的话，也可以把您想买的商品链接或名称发给我，我马上为您手动核对确认！感谢您的咨询，祝您购物愉快～"
45,"您好，感谢您的咨询！我们目前的免费售后保障以国家三包政策及品牌质保期为准（通常为1-3年，具体因商品类目而异）。在质保期内，非人为质量问题支持免费维修或换新；质保期结束后，我们也提供长期付费维修服务，部分品类还可搭配会员权益享受终身保养或优先维修通道。

如果您方便提供具体的商品名称或订单号，我可以为您准确核对对应的售后条款，并帮您登记长期维护需求。后续有任何售后或使用问题，随时联系我们即可！"
46,"您好，非常抱歉给您带来如此不愉快的购物体验！维修周期过长且反馈非全新机，确实严重影响了您的权益，我们高度重视并会立即为您启动专项客诉流程。针对您的诉求，具体处理方案如下：

1. **关于维修超时与物流**：标准售后维修通常为7-10个工作日，目前15天未寄回已属异常。我已立即向售后仓储端调取您的返修单记录，确认为厂家漏发/错发或滞留，将由我们全额承担后续跟踪责任，2小时内同步最新进度。
2. **关于退换货**：鉴于商品存在质量异常及“非全新”争议，我们直接为您开通**快速退货退款绿色通道**。无需您先承担运费，安排专人上门取件（或包邮寄回），质检核对无误后，退款将原路全额返还，优先于常规流程到账。
3. **关于赔偿事宜**：如您购买时明确标注为“全新正品”，实际交付或维修后出现翻新痕迹，已涉嫌虚假宣传/消费欺诈。我们将为您升级至高级客诉专员，协助您依据《消费者权益保护法》及相关平台规则申请**相应补偿（符合条件的可依法申报退一赔三）**，具体金额将以核实凭证为准。

📦 **请您配合提供以下信息，以便我们立刻锁定工单并加急处理**：
- 订单编号 / 返修单号
- 发现为翻新机的清晰照片或视频（重点拍摄序列号、外观磨损、内部灰尘/指纹等细节）
- 方便接听的联系电话

此次服务疏漏我们深表歉意！专属客服将在收到您信息后全程跟进到底，直至退款及补偿到位。感谢您的及时反馈与监督，我们定会给出一份满意的处理结果。"
47,"您好，非常抱歉给您的企业采购工作带来不便！针对您反馈的批量订单问题，我们已为您开通企业售后绿色通道，具体处理流程如下：

- **质量问题换货**：请提供20件问题商品的清晰照片/视频及订单号，审核通过后我们将立即安排免费换新，往返运费由我方承担。
- **少发补寄**：请提供开箱照片或外包装面单，核实15件缺货品的具体名称与数量后，仓库将优先加急补发。
- **发票重开**：请回复正确的发票抬头、统一社会信用代码及开票接收方式（电子票/纸质票）。我们将按规定作废原发票并重新开具，电子发票即刻推送，纸质发票1-3个工作日内寄出。

为保证进度，建议您先在订单页面提交对应的“换货/补发/发票修改”申请以快速流转系统，或直接在此消息中补充上述信息。我们的企业专属客服将在2小时内为您建立工单并全程跟进，确保高效妥善解决。感谢您的信任与支持！"
48,"您好，非常抱歉给您带来这样的困扰！食品出现包装破损和受潮属于严重的品控与物流问题，我们高度重视您的反馈。针对您的情况，我们提供以下处理方案与健康保障：

1. **退货退款**：您可在订单页面直接申请“退货退款”，因商品质量问题产生的所有运费均由我们承担。仓库签收退回商品后，我们将第一时间完成全额退款。
2. **合理补偿**：根据平台售后政策及食品安全相关规范，除全额退款外，我们将为您提供额外的致歉补偿（具体形式以实际沟通为准），感谢您的监督与反馈。
3. **健康保障**：如您对食用受潮商品后的健康状况存在担忧，建议密切关注身体反应；如已出现不适，请务必尽早就医并妥善保管病历及票据。经我们核实商品问题后，将全力配合为您协调后续的医疗支持或费用协助。

为加快处理进度，请您将商品整体包装、破损/受潮部位以及清晰的生产日期照片，连同订单号一并发至本对话框。专属客服将在1小时内响应并为您开启加急通道。再次为此次不佳的购物体验诚恳致歉，祝您身体健康，生活愉快！"
49,"您好，非常抱歉给您带来困扰！即使已经签收，只要在签收时或拆包后发现的商品破损属于运输导致，您依然可以正常申请售后哦。签收并不代表放弃验货权利，平台也完全支持此类情况的处理。

为保障顺利理赔，建议您按以下步骤操作：
1. **保留证据**：拍摄清晰的照片或视频，包含完好/破损的快递外箱、面单信息、内层缓冲物及受损商品细节。
2. **提交申请**：进入订单详情页，点击“售后/退换货”，选择“商品破损”类型，上传上述凭证并提交即可。
3. **责任界定**：快递员是否承认不影响您的售后进度。若商品发货前经我方质检无误，后续我们将统一与物流公司对接索赔，您只需配合提供材料即可。

我们会加急审核您的申请，并根据商品具体情况为您提供补发或退款方案。如有任何操作困难，随时回复我，我为您一对一引导办理。感谢您的理解与配合！"
50,"您好，非常抱歉给您带来不佳的购物体验！针对您反馈的情况，我们高度重视并已为您开启专项售后通道，处理方案如下：

1. **关于额外收取配件费**：若商品详情页或订单明确承诺“免费安装”，则标准安装服务范围内不应收取基础配件费。我们将立即向合作物流商核实该师傅的收费资质与收费标准，若确属违规收费，支持全额退还，并会按平台规则对服务商进行扣分或下架处理。
2. **关于操作不规范导致损坏**：因安装人员未按规范操作造成的家电轻微损坏，属我方服务责任。我们将安排持证工程师免费上门修复或更换受损部件，确保恢复原状；若损坏影响核心功能或使用体验，您也可选择退换货或申请等值补偿。

为加快响应进度，麻烦您补充提供：**订单编号、现场损坏部位清晰照片/视频、师傅出具的收费明细或收据**。收到信息后，我们将在2小时内由专人对接处理，24小时内向您同步最终解决方案。再次为此次服务疏漏深表歉意，感谢您的监督与包容！"
51,"您好，非常抱歉给您带来不便！针对您反馈的情况，我们按以下原则为您快速处理：

1️⃣ **关于配件收费**：商品在质保期内因产品质量问题（非人为损坏）进行维修，所产生的检测费、人工费及必要配件费用均由品牌方/平台全额承担，不会向消费者收取任何费用。我们已登记该投诉，将立即与售后维修网点核实并取消不合理收费。
2️⃣ **关于超时未修**：此次进度已超出承诺的7天时效，我们深表歉意。我们将为您升级为“加急工单”优先处理；若后续仍因配件调度等原因延期，我们将同步为您提供备用机方案或发放延迟关怀补偿。

📌 **下一步操作**：请您方便时直接回复提供 **订单编号、维修单号**，以及维修人员要求收费的 **聊天记录或凭证截图**。专属售后客服将在 **24小时内** 主动联系您，全程跟进至维修完成并配送返厂。

感谢您的监督与支持，我们会为您严格把关售后质量！"
52,"您好，非常理解您对设备运输安全与维修周期的担忧！针对您的情况，我们已为您启动专项售后处理流程：

首先，关于返仓运输，我们将统一安排具备大型设备搬运资质的合作物流进行专车接送，全程配备专业防震包装与固定措施。运输途中若发生任何非人为损坏，相关维修或更换责任由我们全额承担，请您不必担心。

其次，由于设备返厂需进行深度拆检、故障定位及配件核对，当前确实无法给出精确到天的时效。但我们的技术团队会在设备送达仓库后24小时内完成初步检测，并主动向您同步预计维修周期；如遇配件调拨等特殊原因导致延期，我们会提前与您沟通，并根据实际情况提供备用机调配或合理补偿方案。

为加快处理进度，麻烦您提供一下**订单编号**及本次**上门检修的服务单号**。我将立即为您录入加急维修工单，并指派专属售后客服全程跟进，每48小时向您主动同步一次最新状态。

给您添麻烦了，感谢您的耐心与信任！如有任何紧急需求或进一步疑问，随时回复本消息，我会第一时间为您协调处理。"
53,"您好，非常抱歉给您带来了不佳的试用体验！针对您反馈的情况，我们完全可以为您妥善解决：

1. **故障更换**：试用期内非人为操作导致的故障，我们支持免费为您更换全新商品。请您提供订单编号及故障现象的清晰照片或短视频，我们会在后台快速核实后，立即安排换货流程。
2. **延长试用期**：因商品故障耽误了您的实际体验时间，我们完全支持为您顺延原定的试用期限。更换后的新商品将自动重新计算完整的试用与售后保障周期。

为加快办理进度，麻烦您方便时回复一下**订单编号**和**收件信息**，我会同步为您开启加急通道并全程跟进处理。如有其他需要协助的地方，随时留言即可，感谢您的理解与支持！"
54,您好，非常抱歉给您带来困扰！商品页面与包装均未显著提示临期信息，确实影响了您的知情权和使用计划。针对您的诉求，我们完全支持为您办理全额退货退款，退货运费由我们承担；关于赔偿事宜，为保障您的合法权益，我们可以为您申请额外的体验补偿（具体形式与金额需经平台/消保专员快速审核确认）。请您提供订单号及商品保质期实拍照片，专属客服将在24小时内主动联系您核实详情并落实处理方案。感谢您的及时反馈，我们会同步优化商品信息展示规范，如需加急处理可随时回复本消息或致电客服热线，我们将优先为您跟进。祝您生活愉快！
55,"您好，非常抱歉给您带来不佳的购物体验！商品颜色与详情页描述不一致且带有轻微异味，属于我们品控和发货环节的疏忽，完全支持为您办理免费换货。

请您回复以下信息，以便我们快速为您处理：
1️⃣ 您的订单编号；
2️⃣ 方便的话请上传2-3张清晰照片（含商品整体、吊牌/水洗标及异味部位）。

收到信息后，我们会立即为您生成免邮退换货运单，您按提示寄回后，我们将在1个工作日内安排重新发出符合描述的深红色商品。因描述不符及品质问题导致的退换货，来回运费均由我们承担，请您放心操作。

如您在换货过程中有任何不清楚的地方，随时告诉我，我会全程为您跟进。感谢您的理解与配合！"
57,"您好！非常抱歉给您带来不便。即使快递员已离开且未当场验货，**依然可以正常申请售后**。为保障您的权益，建议您尽快按以下步骤操作：

1. **保留证据**：请立即拍摄清晰照片或短视频，需包含外包装原貌、内部商品破损细节及快递面单信息；
2. **提交申请**：进入订单详情页，点击【申请售后】选择“商品破损/污渍”，上传上述凭证，并说明具体情况；
3. **处理时效**：我们收到凭证核实无误后，会优先为您安排免费补发或全额退款，无需您承担任何运费或差价。

该情况属于物流运输责任，理赔与沟通由我们直接与快递公司对接，您只需配合提供凭证即可。操作中若有任何不清楚的地方，请随时告诉我订单号，我会为您专人跟进到底。感谢您的理解与支持！"
58,"您好，非常抱歉给您带来不佳的购物体验！商品功能与详情页描述存在差异，且续航时间与宣传不符，确实影响了您的使用，我们完全支持您办理退货退款。

关于您的补偿诉求，依据现行售后及消费者权益保障政策，针对商品与描述不符的情况，我们主要为提供**全额退款（含正常寄回运费）**服务；常规流程中暂不直接提供额外现金赔偿，但您的反馈我们将立即登记并升级至商品运营与页面审核团队，核实描述准确性并进行整改，避免其他顾客遇到类似情况。若您愿意接受，我们在退货退款完成后，可额外为您发放一张店铺无门槛补偿券以表歉意。

为加快处理进度，请您在订单详情页点击【申请售后】→选择【退货退款】→原因勾选**“商品与详情描述不符”**。我们将第一时间审核通过，并短信发送退货地址给您。快递寄出后请保留单号，我们收到退回商品并核验无误后，3个工作日内原路退回全部货款。感谢您的理解、监督与支持！"
64,"""使用吹风机的人员需佩戴以下防护装备：<PIC>\n1. 合格的听力防护装备\n2. 合格的眼部防护装备\n3. 在多尘环境中操作时佩戴面罩\n4. 防滑鞋底的工作靴或工作鞋\n5. 急救箱"", [""Manual04_3""]"
65,"""操作吹风机时，人员需注意以下安全要点：\n1. **个人防护**：需佩戴合格的听力及眼部防护装备，多尘环境佩戴面罩，穿防滑工作鞋；禁止穿着宽松衣物或佩戴饰品，长发需束起。<PIC>\n2. **操作姿态**：双脚稳固站在地面上，严禁站在梯子或支架上操作。<PIC>\n3. **环境与距离**：确保无关人员及动物处于距操作人员10米范围外；严禁将吹风机喷口对准人或动物。<PIC> <PIC>\n4. **设备状态**：任何防护装置缺失、检修盖未关闭或损坏时严禁操作；安装或拆卸部件前必须先关闭发动机。<PIC> <PIC>\n5. **防火防烫**：催化消音器温度极高，严禁在室内或易燃材料附近启动设备；加油前必须关闭发动机。<PIC> <PIC>\n6. **其他**：操作人员需阅读说明书，严禁未成年人、酒后或疲劳状态下操作。<PIC>"", [""Manual04_3"", ""Manual04_2"", ""Blower_01"", ""Manual04_35"", ""Blower_02"", ""Manual04_34"", ""Manual04_4""]"
66,"""化油器设有的三个调节装置为：高速油针（H）、低速油针（L）及怠速调节螺钉（T）<PIC>。调节时，H和L油针顺时针旋入混合气变稀（转速升高），逆时针旋出混合气变浓（转速降低）；T螺钉顺时针旋入怠速升高，逆时针旋出降低。具体操作建议：先将H、L逆时针旋至限位终点，启动预热后，通过调节T螺钉设定精准怠速，微调L螺钉以优化怠速转速，最后在全油门状态下调节H螺钉直至达到最大转速。"", [""Manual04_42""]"
67,"""冷机启动步骤如下：\n1. 将停机开关调至启动位置。\n2. 将阻风门控制器调至阻风门位置（A） <PIC>。\n3. 反复按压泵油膜片直至燃油充满膜片 <PIC>。\n4. 左手将设备机身按压在地面，右手握紧启动手柄，缓慢拉动启动绳至感受到阻力，然后快速用力拉动 <PIC>。\n5. 发动机点火后立即按下阻风门控制器，重复操作直至发动机启动。发动机启动后迅速全开油门 <PIC>。"", [""Manual04_24"", ""Manual04_25"", ""Manual04_27"", ""Manual04_28""]"
68,"""热机启动步骤如下：首先，将停机开关调至启动位置。其次，先将阻风门控制器调至阻风门位置，再转回原位（B），仅启用启动油门，不使用阻风门。接着，反复按压泵油膜片直至燃油充满膜片（无需完全充满）。最后，左手将设备机身按压在地面（切勿用脚踩压），右手握紧启动手柄，缓慢拉动至感受到阻力（启动钩啮合），然后快速用力拉动。<PIC> 发动机点火后立即按下阻风门控制器，重复操作直至发动机启动。发动机启动后迅速全开油门，启动油门自动解除。"", [""Manual04_27""]"
69,"""通过停机开关切断点火电源关闭发动机。<PIC>"", [""Manual04_29""]"
70,"""空调的重要组成部件包括：室内机 <PIC>、室外机 <PIC> 以及无线遥控器 <PIC>。"", [""Manual01_0"", ""Manual01_1"", ""air_conditioner_01""]"
71,"""空调遥控器的按键主要位于遥控器面板上 <PIC>，附加功能的按键位于遥控器盖板下方。"", [""air_conditioner_01""]"
72,"""使用前请先安装电池，适用电池型号为 7 号。1 取下电池盖。<PIC> 2 装入新电池，确保电池正、负极安装正确。<PIC> 3 重新装上电池盖。"", [""Manual01_2"", ""Manual01_3""]"
73,"""安装遥控器支架请按以下步骤操作：\n1. 选择安全且便于取用的位置。\n2. 用螺丝刀将两颗螺丝拧紧，固定支架 <PIC>。\n3. 将遥控器滑入支架中 <PIC>。"", [""Manual01_4"", ""Manual01_5""]"
74,"""要快速调节室内温度，可使用极速制冷/制热模式：1. 按下开/关键开启电源。2. 按下极速键 <PIC>。极速制冷模式下，空调将以18摄氏度的温度强风出风30分钟；极速制热模式下，空调将以30摄氏度的温度强风出风30分钟。"", [""Manual01_16""]"
75,"""制冷和除湿运行时，室内机内部会产生水汽，可使用自清洁功能去除水汽。\n1 按下自清洁键，显示屏上会显示自清洁标识。\n<PIC>\n- 若关闭电源，风扇将继续运行 30 分钟，对室内机内部进行清洁。\n# 注\n自清洁功能运行时，部分按键无法使用。"", [""Manual01_17""]"
76,"""按下开/关键开启电源，然后按下等离子键，显示屏上会显示等离子标识 <PIC>。注：无需开启空调，直接按下等离子键即可使用该功能。"", [""Manual01_18""]"
77,"""1 按下开/关键开启电源。\n2 反复按下模式键，选择自动运行模式。\n3 若当前温度高于或低于所需温度，按下上升/下降键选择所需的运行代码 <PIC>。"", [""Manual01_19""]"
78,"""1. 按下开/关键开启电源。\n2. 反复按下模式键，选择自动转换运行模式，显示屏上会显示对应标识。<PIC>\n3. 按下上升/下降键设置所需温度，温度调节范围为18摄氏度（64华氏度）至30摄氏度（86华氏度）。"", [""Manual01_20""]"
79,"""1 按下开 / 关键开启电源。\n2 反复按下模式键，选择制冷模式。\n3 按下节能键，显示屏上会显示节能标识 <PIC>。"", [""Manual01_21""]"
80,"""遥控器无法使用时，可通过室内机的开/关键操作空调，此时风扇转速默认设为高速。\n1 打开前盖板，轻轻掀起盖板两侧即可。<PIC>\n2 按下开/关键。<PIC>\n- 冷暖型机型的运行模式会根据室内温度自动切换。<PIC>\n- 单冷型机型的温度将默认设为 22 摄氏度（71.6 华氏度）。"", [""Manual01_22"", ""Manual01_23"", ""Manual01_24""]"
81,"""该功能为工厂默认设置。若需开启或重新开启此功能，请先打开前盖板 <PIC>，然后按住开/关键 6 秒钟，设备会发出两声蜂鸣 <PIC>。"", [""Manual01_25"", ""Manual01_26""]"
82,"""不同型号空调的清洁频率因部件而异，具体请参考以下说明 <PIC>：空气滤网建议每两周清洁一次；3M多重防护滤网建议每月清洁一次；等离子滤网建议每三个月清洁一次；室内机表面与室外机需定期清洁。如有需要，可根据实际使用情况适当增加清洁频率。"", [""Manual01_28""]"
83,"""清洁空气滤网的方法如下：<br>1. 关闭电源并拔下电源线。<br>2. 打开前盖板，轻轻掀起盖板两侧即可。<PIC><br>3. 握住空气滤网的把手，轻轻向上提起，将其从机身中取出。<PIC><br>4. 用吸尘器清理滤网，或用温水冲洗。若滤网污垢较难清理，可在温水中加入洗涤剂清洗。<br>5. 将滤网置于阴凉处晾干。"", [""Manual01_29"", ""Manual01_30""]"
84,"""清洁 3M 多重防护滤网的步骤如下：\n1. 关闭电源并拔下电源线。\n2. 打开前盖板，取出空气滤网。\n3. 抽出 3M 多重防护滤网 <PIC>。\n4. 用吸尘器清理滤网污垢，切勿用水清洗 3M 多重防护滤网，以免造成滤网损坏。"", [""Manual01_31""]"
85,"""1 关闭电源并拔下电源线。\n2 打开前盖板，取出空气滤网。\n3 在 10 秒内取下等离子滤网 <PIC>。\n4 用吸尘器清理滤网污垢，若污垢较难清理，可用温水冲洗。\n5 将滤网置于阴凉处晾干。"", [""Manual01_32""]"
86,"""组装无需专用工具，请按以下说明操作：1. 将主机身固定扣（部件 15）从主机身（部件 7）背部取下。 2. 将主机身底部滑入旋转拖头（部件 18）颈部。<PIC> 图中主机身与旋转拖头背部的孔位已用白色标注以便识别。 3. 确保旋转拖头颈部背部的孔位与主机身孔位对齐。 4. 将主机身固定扣（部件 15）插入主机身背部孔位，将两部分锁紧。<PIC> 5. 按图示将手柄杆（部件 4）插入主机身（部件 7），直至听到咔嗒声到位。<PIC>"", [""Manual05_3"", ""Manual05_4"", ""Manual05_5""]"
87,"""实用的产品功能包括：旋转拖头（可清洁狭小空间及橱柜下方）、吸水纤维拖布（可吸附蒸汽松动的污垢，可机洗）、洁布（搭配布艺清洁头清洁玻璃及硬质表面）、弧形喷嘴（适用于硬质表面），以及消毒功能（对区域消毒需停留至少15秒但不超过20秒）。\n\n快速上手步骤：\n1. **组装**：将主机身底部滑入旋转拖头颈部，确保孔位对齐并插入固定扣锁紧，再将手柄杆插入主机身直至听到咔嗒声。<PIC><PIC><PIC>\n2. **安装拖布**：按下拖布释放扣拉开挡板，装入拖布。<PIC>\n3. **加水**：使用配套量杯按图示加水，也可取下水箱在水槽加水。<PIC>\n4. **使用**：展开电源线插入接地插座，等待手柄处的就绪指示灯亮起。清洁前请先扫地或吸尘，缓慢移动同时按下开关出蒸汽进行清洁。"", [""Manual05_3"", ""Manual05_4"", ""Manual05_5"", ""Manual05_6"", ""Manual05_7""]"
88,"""本蒸汽清洁机适用于瓷砖、Vinyl地板、复合地板、大理石、石材及封边木地板。清洁前请先扫地或吸尘。建议使用弧形喷嘴（<PIC>）搭配使用。操作时缓慢移动并按住蒸汽开关。如需消毒，将拖把置于该区域至少15秒但不超过20秒。请勿在同一位置长时间喷射蒸汽，以免损坏地板蜡；也不可用于未封边木地板。若不出蒸汽，请拔掉电源并加水。"", [""Manual05_16""]"
89,"""组装人体工学椅涉及以下主要部件：椅背、座椅、底座、扶手、气杆、底盘、脚踏、连接件、脚轮、头枕、腰枕、扳手、底座盖、橡胶圈以及配套的螺丝和垫圈 <PIC>。"", [""Manual02_0""]"
90,"""大多数情况下，扶手和椅背的螺丝会在使用一段时间后松动。"", []"
91,"""这款椅子具备以下功能：\n\n1. **高度调节**：向上拉起 \""升降\"" 拉杆即可调节椅子高度，到达所需高度后松开 \""升降\"" 拉杆。调节高度时请将身体微微抬离座椅 <PIC>。\n2. **椅背后仰功能**：向上拉起 \""后仰\"" 拉杆，椅背角度可随人体动作独立倾斜。向下按下 \""后仰\"" 拉杆，椅背角度即可锁定 <PIC>。\n3. **按摩功能**：插入 USB 即可启用腰枕的按摩功能 <PIC>。"", [""Manual02_11"", ""Manual02_13"", ""Manual02_15""]"
92,"""洗碗机的部件包括：1. 台式（视型号而定）、2. 上层喷淋臂、3. 下层碗篮、4. 下层喷淋臂、5. 过滤器、6. 控制面板、7. 机门、8. 洗涤剂盒、9. 下层喷淋臂槽、10. 餐具篮、11. 专用盐箱盖、12. 上层篮导轨、13. 带支架的上层碗篮、14. 风扇烘干系统（视型号而定）<PIC>"", [""Dish_washer_08""]"
93,"""排水管可直接连接到排水孔或水槽排水口。连接点距地面高度最小为 50 厘米，最大为 100 厘米 <PIC>。请将排水管平直连接，不得弯折，并牢固固定以防止工作时脱落。务必将排水管连接到污水系统，不可连接到地表水。"", [""Manual06_2""]"
94,"""首次使用前添加专用盐的方法如下：\n1. 取出下层碗篮以便添加。\n2. 逆时针旋转盐箱盖打开 <PIC>。\n3. 首次使用前，先向盐箱注入 1 升水 <PIC>。\n4. 使用盐斗向盐箱加盐 <PIC>，为加速溶解可用勺子搅拌。\n5. 盐箱加满后盖上盖子并拧紧。\n6. 若加盐后不立即启动，请空载运行最短程序以溶解散落的盐。"", [""Dish_washer_01"", ""Dish_washer_02"", ""Dish_washer_03""]"
95,"""请在即将运行机器前添加洗碗机专用洗涤剂。<PIC> 向右推动卡扣打开洗涤剂盒盖。<PIC> 根据餐具量或脏污程度，向洗涤剂盒内加入建议量的粉末、块状或洗涤块，并参照刻度加至15cm³或25cm³位置；若餐具残渣已干涸，可同时加满5cm³小格。最后轻轻按下关闭盒盖，听到咔嗒声即表示关紧。切勿加入溶剂。"", [""Dish_washer_03"", ""Manual06_4""]"
96,"""首先向右推动卡扣打开洗涤剂盒盖 <PIC>。根据洗涤块包装上的使用说明，将洗涤块放置在洗碗机内的合适位置（如洗涤剂盒或碗篮等） <PIC>。最后轻轻按下关闭洗涤剂盒盖，听到咔嗒声即表示已关紧。使用洗涤块时，建议在程序选择后按下半载/洗涤块键直至指示灯亮起以激活该功能。"", [""Dish_washer_03"", ""Manual06_5""]"
97,"""亮碟剂可帮助提高烘干效率，防止餐具留下水渍或水垢。\n1. **判断添加**：查看亮碟剂指示灯（3），若指示灯熄灭则表示需要添加 <PIC>。\n2. **添加操作**：按下卡扣打开亮碟剂盒盖（B） <PIC>，向盒内加注至 MAX 刻度线，轻轻关闭盒盖并擦净溢出的亮碟剂。\n3. **剂量调节**：将旋钮调至 1-6 之间（默认 4）。若餐具上有污渍需调高剂量；若手擦后有蓝色痕迹则调低剂量。请务必使用洗碗机专用亮碟剂。"", [""Manual06_7"", ""Manual06_6""]"
98,"""根据手册，以下物品不适合在洗碗机中清洗：\n1. 沾有烟灰、蜡烛残渣、抛光剂、染料、化学品等的餐具。\n2. 铁制器具（以免生锈或污染其他物品）。\n3. 带有木质或骨质手柄、黏合部件、不耐热部件的银质餐具、刀具，以及铜和镀锡容器。\n4. 铝制器具。\n5. 带有装饰花纹的瓷器（可能会褪色）。\n6. 某些精致玻璃和水晶（可能会失去光泽）。\n7. 表面质量变差的厨具。\n8. 劣质不锈钢制成的银质餐具（会生锈）。\n9. 已生锈的厨具（锈迹会转移到其他物品）。"", []"
99,"""餐具篮视型号而定。餐具篮设计用于更干净地清洗叉、勺等餐具。<PIC>"", [""Manual06_11""]"
100,"""可折叠下层篮架丝位于机器下层碗篮上。您可通过按下卡扣（A）放下折叠架丝（1、2），以便为锅、碗等大件物品创造更大空间。<PIC>"", [""Manual06_13""]"
101,"""调节满载时上层碗篮高度的方法如下：<br>升高碗篮：抓住上层篮一侧架丝（左或右）向上提起，另一侧重复相同操作。<PIC><br>降低碗篮：按下碗篮调节机构上的卡扣降低碗篮，另一侧重复相同操作，并确保碗篮高度调节机构两侧处于同一水平。<PIC>"", [""Manual06_13"", ""Manual06_15""]"
102,"""进水管滤网用于防止杂质损坏机器。清洁步骤如下：1. 关闭水龙头并拆下水管。<PIC> 2. 取出滤网后在自来水下清洁。3. 将清洁后的滤网装回水管原位。4. 将水管装回水龙头。"", [""Manual06_22""]"
103,"""检查上层喷淋臂上的孔是否堵塞。若堵塞，拆下并清洁喷淋臂。向左旋转螺母拆下上层喷淋臂。安装上层喷淋臂时确保螺母拧紧。<PIC>"", [""Manual06_23""]"
104,"""使用前请拆除滤网上的塑料包装。拆除滤网包装前请务必拔下设备插头。\\n1 双手握住设备上盖并向上拉起。<PIC>\\n2 握住背部滤网盖把手并向前拉出。<PIC>\\n3 拆除滤网上的塑料包装。<PIC>"", [""Manual03_0"", ""Manual03_1"", ""Manual03_2""]"
105,"""1 从空气净化器包装盒内找到一小盒，内含4个脚轮和8颗螺丝。\n2 用螺丝刀拆下空气净化器底部四个底座。\n3 使用两颗螺丝将每个脚轮替换原底座。\n4 保留拆下的底座和螺丝以备后续使用。"", []"
106,"""空气净化器具有以下四种主要运行模式：\n\n1. **常规运行模式**：按下启动键开机后，通过控制面板上的上下键可在1档（F1）至18档（18档）之间调节风速。<PIC>\n2. **自动运行模式**：按下“Auto”键可选择该模式，设备会根据VOC传感器检测到的室内空气质量自动调节风速，此模式下不可手动调节风速。<PIC>\n3. **涡轮风扇运行模式**：同时长按控制面板上的上下键3秒即可启动。此模式下设备能更快净化室内空气，按下控制面板下键至18档时停止该模式。<PIC>\n4. **睡眠运行模式**：按下“Sleep”键进入睡眠模式，设备会在不干扰睡眠的情况下运行且显示屏熄灭，默认风速设为1档。<PIC>\n\n控制面板图示：<PIC>；功能说明：<PIC>"", [""Manual03_12"", ""Manual03_13"", ""Manual03_14"", ""Manual03_15"", ""Manual03_16"", ""Manual03_17""]"
107,"""室内空气质量（IAQ）指示灯以灯光形式环绕显示屏外缘，用于实时查看室内空气质量。设备根据检测到的细颗粒物浓度，通过四种不同颜色显示空气状态：<PIC>。"", [""Manual03_20""]"
108,"""清洁前请务必拔下电源插头。为保证最佳效果，建议每月清洁1-2次。\n1. 外壳：用温水或温和清洁剂浸湿的布擦拭净化器外壳，再用软布擦干。\n2. 内部：打开背部滤网盖并取出滤网。用吸尘器和湿毛巾清洁滤网仓内部。\n3. 预过滤网：可用吸尘器或软刷清洁，切勿用水清洗。\n4. 灰尘传感器：双手握住设备上盖并向上拉起 <PIC>；握住背部滤网盖把手并向前拉出 <PIC>；拆下设备右侧灰尘传感器盖 <PIC>；用蘸少量水的棉签擦拭灰尘传感器镜头和进风口，再用干净干棉签彻底擦干 <PIC>；最后装回各部件。"", [""Manual03_22"", ""Manual03_23"", ""Manual03_24"", ""Manual03_25""]"
109,"""清洁空气净化器滤网请参考以下步骤：\n1. **安全准备**：清洁前请务必拔下电源插头。\n2. **主滤网**：若滤网过脏请直接更换。**切勿用水清洗滤网**。\n3. **预过滤网**：可用吸尘器或软刷清洁，建议每月清洁1-2次。\n4. **滤网仓内部**：打开背部滤网盖并取出滤网，用吸尘器和湿毛巾清洁滤网仓内部。\n5. **外壳**：用温水或温和清洁剂浸湿的布擦拭净化器外壳，再用软布擦干。"", []"
110,"""更换滤网步骤如下：<br>1. 请务必先拔下设备插头，切勿在通电状态下更换。<br>2. 双手握住设备上盖并向上拉起。<PIC><br>3. 握住背部滤网盖把手并向前拉出。<PIC><br>4. 取出旧滤网，将新滤网（若未拆封请拆除塑料包装）上下推入设备，确保滤网贴合紧密。<PIC><br>5. 装回滤网盖。先将盖子插入设备底部固定卡槽，向前滑动盖子使其卡入顶部卡槽。<PIC><br>6. 双手握住设备上盖并滑回原位，确保标识朝前。<PIC><br>7. 重置指示灯：长按控制面板上的“睡眠”+“自动”键 5 秒以上，直到红色滤网指示灯熄灭。<PIC>"", [""Manual03_22"", ""Manual03_23"", ""Manual03_3"", ""Manual03_4"", ""Manual03_5"", ""Manual03_21""]"
111,"""清洁灰尘传感器的步骤如下：1. 双手握住设备上盖并向上拉起。<PIC> 2. 握住背部滤网盖把手并向前拉出。<PIC> 3. 拆下设备右侧灰尘传感器盖。<PIC> 4. 用蘸少量水的棉签擦拭灰尘传感器镜头和进风口，再用干净干棉签彻底擦干。<PIC> 5. 装回灰尘传感器盖、滤网盖，并将设备上盖标识朝前装回。请勿使用丙酮、酒精等强腐蚀性化学试剂擦拭传感器部件。"", [""Manual03_22"", ""Manual03_23"", ""Manual03_24"", ""Manual03_25""]"
112,"""长期存放前，请先在晴天运行设备1小时，随后拔下电源插头并将设备内部彻底晾干。之后遮盖设备，并将其存放在干燥且无阳光直射的地方。"", []"
113,"""您可以查阅“技术规格”部分。<PIC> <PIC> 具体参数如下：最大使用者重量：136 千克（300 磅），设备总占地面积：5670 平方厘米，机器重量：26.5 千克（58.4 磅），工作电压：220V–240V 交流电，50Hz，工作电流：0.4A，符合 CE 认证。"", [""Manual14_0"", ""Manual14_1""]"
114,"""在启动健身单车前，请确保机器已完全装配且所有配件紧固。<PIC> 调节后稳定器两侧的旋钮以平衡脚垫，确保单车水平、稳固。<PIC> 检查机器是否有松动、磨损或损坏的零件，如有请勿使用。连接交流电源适配器。穿着橡胶底运动鞋及适合运动的衣物，并调整好座椅和脚踏绑带。"", [""Manual14_16"", ""Manual14_17""]"
115,"""这款健身单车的控制台配有带触控按键的显示屏，可提供运动重要信息并控制阻力等级。<PIC> 显示屏分为上部和下部。<PIC>\n上部显示区包括：\n- 程序显示：网格区域显示程序运动曲线，列高代表阻力等级，闪烁列代表当前区间。<PIC>\n- 强度显示：显示实时运动强度。\n- 心率区间显示：显示当前心率区间（如最大心率、无氧、有氧、燃脂等）。\n- 目标显示：显示目标类型、完成值和百分比。\n- 用户显示：显示当前用户档案。\n- 成就显示：达到运动目标时提示。\n下部显示区显示具体的运动数据，可自定义，包括：\n- 速度（英里/小时或公里/小时）、时间、距离、阻力等级、转速（RPM）、心率（每分钟心跳次数）和卡路里。<PIC>\n此外，把手上的不锈钢部分为接触式心率传感器，双手握持可检测脉搏。<PIC>"", [""Manual14_19"", ""Manual14_20"", ""Manual14_21"", ""Manual14_22"", ""exercise_bikes_02""]"
116,"""为确保运动舒适度，请在运动前调整以下设置：\n1. **座椅高度**：正确的座椅位置可提升运动效率与舒适度。将脚踏板转到前位，脚掌中心对准脚踏板中心，膝盖应保持微弯。如腿部过直或脚无法踩到脚踏板，将座椅调低；如膝盖弯曲过度，将座椅调高。调节座椅前请先下车，松开并拉出座管上的调节旋钮，将座椅调至所需高度，松开旋钮使锁销卡入并拧紧。\n2. **脚部姿势/脚踏绑带**：带绑带的脚踏板可提供稳固支撑。将脚掌中心放在脚踏板上，转动脚踏板至可触及位置，将绑带固定在鞋面上，确保脚尖和膝盖朝前，以保证最佳踩踏效率。<PIC>"", [""Manual14_24""]"
117,"""使用健身单车的轻松骑行类别时，您能体验到的预设运动程序包括：起伏山丘 <PIC>、公园骑行 <PIC> 以及轻松之旅 <PIC>。"", [""Manual14_27"", ""Manual14_28"", ""Manual14_29""]"
118,"""使用健身单车的山地类别时，您可以体验到以下预设运动程序：<PIC>派克峰、<PIC>胡德山和<PIC>金字塔。"", [""Manual14_30"", ""Manual14_31"", ""Manual14_32""]"
119,"""挑战类别（最高难度）包含以下预设运动程序：上坡冲刺 <PIC>、交叉训练 <PIC>、间歇训练 <PIC>。"", [""Manual14_33"", ""Manual14_34"", ""Manual14_35""]"
120,"""要编辑健身单车的用户档案，请遵循以下步骤：\n1. 在开机模式界面，按增加（♠）或减少（▼）按钮选择一个用户档案。\n2. 按确认按钮选择用户档案。\n3. 控制台显示编辑提示和当前用户档案名称。按确认键开始编辑用户档案选项。\n4. 控制台显示姓名提示。使用增加/减少按钮浏览字母和空格，按左（◀）或右（▶）按钮切换段。按确认按钮接受显示的用户名。\n5. 编辑其他用户数据（编辑年龄、编辑体重、编辑身高、编辑性别），使用增加/减少按钮调节，每项设置完成后按确认键。\n6. 控制台显示扫描提示（控制运动中运动数据的显示方式）。按确认按钮设置运动数据显示方式。\n7. 控制台显示编辑下部显示提示（自定义运动中显示的运动数据）。按确认键设置。\n8. 控制台返回已选择用户的开机模式界面。<PIC>"", [""Manual14_26""]"
121,"""您可以根据基于年龄的通用建议目标心率图表 <PIC> 来了解适合您的目标心率区间。需要注意的是，图表数据仅供参考，您的最佳目标心率可能因人而异，请在开始运动计划前咨询医生以获取专业的个人目标心率指导。"", [""Manual14_23""]"
122,"""体能测试程序用于评估您的体能水平提升情况。该程序将功率输出（瓦特）与心率进行对比，体能提升后，相同心率下的功率输出将增加。运行此程序需连接心率传感器（CHR或HRM）以获取数据。测试会根据您的年龄、体重及选定的体能水平（初级/高级）自动调节强度，当心率达到目标区间并保持平稳3分钟后，系统将结合生理数据计算出“体能得分”。该得分仅用于与您自身的历史得分对比，以直观查看体能进步。"", []"
123,"""请按照以下步骤为电钻充电：\n1. 首先将充电器插入合适的插座。\n2. 将电池组插入充电器并推至完全就位 <PIC>。\n3. 红色指示灯持续闪烁表示正在充电 <PIC>；当红色指示灯变为常亮时，表示充电已完成 <PIC>。"", [""Manual11_2"", ""drill0_08"", ""drill0_09""]"
124,"""DCB101 指示灯闪烁标识包括：电池组充电中 <PIC>、电池组已充满 <PIC>、过热/过冷延迟 <PIC>、电池组或充电器故障 <PIC>、电源故障 <PIC>。"", [""drill0_08"", ""drill0_09"", ""drill0_10"", ""drill0_11"", ""drill0_12""]"
126,"""1. 关闭工具并断开工具电源。<PIC> 2. 一只手握住夹头黑色套筒，另一只手固定工具。逆时针旋转套筒至足够大，装入所需附件。<PIC> 3. 将附件插入夹头约3/4英寸（19毫米），顺时针旋转夹头套筒紧固，另一只手握住工具。<PIC>"", [""drill0_01"", ""drill0_02"", ""drill0_03""]"
127,"""安装与拆卸电池组（图6）：<PIC>\n安装：将电池组（K）对准工具手柄内导轨，滑入手柄直至电池组牢固就位且不会松脱。\n拆卸：按下释放按钮（J），将电池组从工具手柄中平稳拔出。\n注：为获得最佳效果，确保电池组充满电。"", [""Manual11_8""]"
128,"""使用腰带挂钩和批头夹时请注意以下事项 <PIC>：在调整、拆卸或安装前，请务必关闭工具并取下电池组。请勿将工具悬挂在高处，或在腰带挂钩上悬挂物体，仅将工具腰带挂钩挂在工作腰带上。安装或更换腰带挂钩或批头夹时，仅使用随附的螺钉并务必拧紧 <PIC>。腰带挂钩和批头夹可安装在工具任意一侧。"", [""Manual11_7"", ""drill0_14""]"
129,"""根据手册，工具配有腰带挂钩和随附螺钉（<PIC>）。请注意，批头夹需另购。使用时需安装钻头（<PIC>）。"", [""Manual11_7"", ""drill0_01""]"
130,"""三年有限保修包含以下服务：\n1. 1年免费服务：购买后第一年内，制造商将免费维护工具，更换正常使用造成的磨损部件。\n2. 2年免费服务：适用于电池组DC9071、DC9091、DC9096、DC9280、DC9360、DC9180、DCB120、DCB127、DCB201、DCB203、DCB207。\n3. 3年免费服务：适用于其他电池组。\n注意：如果电池组被擅自改装，产品保修失效。"", []"
131,"""包装盒内包含配有小号表带的手表<PIC>、充电线<PIC>和额外大号表带<PIC>。"", [""fitness_trackers_01"", ""fitness_trackers_02"", ""fitness_trackers_03""]"
132,"""请按照以下步骤充电：1. 将充电线插入电脑的USB端口、UL认证的USB墙充充电器或其他低功耗充电设备。2. 将充电线的另一端靠近手表背面的充电接口，直至磁吸吸附，确保充电线上的金属触点与手表背面的接口对齐。<PIC>"", [""Manual16_1""]"
133,"""不运动时，将健身追踪器佩戴在腕骨上方一指宽的位置。<PIC> 运动时，可将表带向上移动以获得更贴合的佩戴效果。<PIC>"", [""Manual16_4"", ""Manual16_5""]"
134,"""将健身追踪器戴在手腕上，将底部表带穿入顶部表带的第一个环扣 <PIC>，收紧表带至舒适贴合，将表扣钉按入表带上的其中一个孔 <PIC>，再将表带的松散端穿入第二个环扣，使其平整贴在手腕上 <PIC>。佩戴时应留有空隙，如感到不适，请适当松开表带。"", [""Manual16_6"", ""Manual16_7"", ""Manual16_8""]"
135,"""将健身追踪器翻面，找到表带卡扣 <PIC>。松开卡扣，将扁平按钮向表带方向滑动。轻轻将表带从手表上拔下松开 <PIC>。"", [""Manual16_9"", ""Manual16_10""]"
136,"""通过轻点屏幕、左右上下滑动或按下按钮操作健身追踪器。主屏幕为时钟界面，向下滑动查看快捷设置，向上滑动查看通知，左右滑动查看功能卡片 <PIC>。按下按钮可打开应用菜单或返回时钟界面；长按时钟界面可切换表盘；长按按钮激活预设功能；双击按钮打开快捷入口。"", [""Manual16_12""]"
137,"""健身追踪器可显示手机的来电、短信、日历和应用通知。"", []"
138,"""健身追踪器每晚记录你的皮肤温度，显示与个人基准的差异，帮你识别身体变化。<PIC> 注意：必须佩戴健身追踪器睡觉3晚才能看到个人皮肤温度基准。<PIC>"", [""Manual16_35"", ""Manual16_36""]"
139,"""健身追踪器通过运动应用追踪并分析运动的情况如下：\n1. **自动追踪**：自动识别并记录持续至少15分钟的高强度活动（步行、跑步、骑行等），您可在手机端查看基本数据；也可开启检测设置，使手表识别运动后自动启动应用。\n2. **实时监测与摘要**：运动中可查看心率、卡路里、耗时等实时数据，并在运动结束后提供手腕端的运动摘要。\n3. **GPS与轨迹分析**：支持动态GPS功能（自动连接手机或启用内置GPS），在应用内可查看完整的运动数据及运动强度地图。\n4. **心率区间分析**：基于心率储备设置个性化心率区间（如燃脂、心肺、峰值）。运动中若进入特定区间，手表会通过震动提醒（如<PIC>所示），并根据在各区间的消耗时间计算“活动区域分钟数”。\n5. **自定义设置**：您可以针对不同的运动类型调整参数，如自定义显示的统计数据、GPS模式或自动暂停功能等（<PIC>）。"", [""Manual16_44"", ""Manual16_43""]"
140,"""根据产品手册，未详细说明健身追踪器测量心率的具体技术原理。它可用于监测静息和运动心率，帮助用户查看实时数据、自定义心率区间，并在检测到心率异常时接收通知。"", []"
141,"""请在手表上打开钱包或健身追踪器支付应用（可通过双击按钮快速访问）<PIC>。如提示，请输入4位手表PIN码。屏幕显示默认卡后<PIC>，将手腕靠近支付终端即可完成支付；如需使用其他卡，滑动屏幕找到要使用的卡，然后将手腕靠近支付终端。"", [""Manual16_46"", ""Manual16_47""]"
142,"""使用健身追踪器时可能遇到的问题及解决方法如下：\n1. **心率信号丢失**：若手表难以检测信号并显示虚线 <PIC>，请确保佩戴正确，可在手腕上上下移动手表或调整表带松紧，保持设备与皮肤接触，并伸直手臂片刻。\n2. **GPS信号丢失**：环境因素可能干扰信号 <PIC>，运动中信号丢失时图标会显示为红色 <PIC>。建议在运动前等待找到信号，或让手表尝试重新连接。\n3. **其他问题**：如遇到无法同步、无响应、无法追踪数据或无法显示通知等情况，请重启手表。"", [""Manual16_48"", ""Manual16_49"", ""Manual16_50""]"
144,"""在健身追踪器应用的今日页面，点击左上角图标 > 健身追踪器卡片，选择“设备锁”即可开启。"", []"
145,"""使用冰箱冰柜时需注意以下几点：1. 请勿在冰箱顶部放置重物或装液体的物品。<PIC> 2. 请勿倚靠或悬挂在冰箱门体及搁架上。<PIC> 3. 防止儿童进入产品内部。<PIC> 4. 开关冰箱门时请小心。<PIC> 5. 请勿在冰箱内或周围存放或使用易燃物品。<PIC>"", [""Manual17_10"", ""Manual17_11"", ""Manual17_12"", ""Manual17_13"", ""Manual17_14""]"
146,"""1. 应使用专用插座。\\n2. 一个插座同时使用多个设备可能引发火灾。<PIC>\\n3. 若本机连接漏电保护器，保护器可能跳闸，导致食物变质。\\n4. 请勿让电源插头朝上或被挤压在冰箱冰柜背面。<PIC>\\n5. 安装过程中拔下插头后推入冰箱时，防止电源线被挤压或弯折。<PIC>"", [""Manual17_0"", ""Manual17_1"", ""Manual17_2""]"
153,"""加油时务必关闭发动机 <PIC>。加油时严禁吸烟或靠近明火 <PIC>。加油时注意不要将燃油洒在发动机或消音器上。如不慎吞入燃油、吸入燃油蒸汽或燃油入眼，请立即就医。如燃油溅到皮肤或衣物上，请立即用肥皂水清洗并更换衣物。操作或运输发电机时，请务必保持机身直立 <PIC>。运输发电机时，请务必拧紧油箱盖通气旋钮。切勿加注至燃油滤清器顶部以上，否则燃油受热膨胀后可能溢出。立即擦拭溢出的燃油。加油后务必拧紧油箱盖。"", [""generator_20"", ""generator_21"", ""generator_03""]"
154,"""请将发电机放置在行人或儿童不易触碰的地方。<PIC>运行时避免在排气口附近放置任何易燃物品。<PIC>检修或维修时，在其冷却前切勿用身体或衣物触碰。<PIC>务必仅通过提手搬运发电机。<PIC>"", [""generator_04"", ""Manual18_8"", ""generator_11"", ""Manual18_11""]"
155,"""防止触电需遵守以下规定：切勿在雨雪中运行发动机<PIC>；切勿湿手触碰发电机，否则会触电<PIC>；务必对发电机进行接地，并注：使用足够载流量的接地导线<PIC>。"", [""Manual18_12"", ""Manual18_13"", ""Manual18_14""]"
156,"""将燃油开关旋钮置于“开启”位置。<PIC> 若燃油开关旋钮无法转动，取下盖板①，使用内部燃油开关拨杆供油。<PIC>"", [""Manual18_27"", ""Manual18_20""]"
157,"""使用前请确认油箱内燃油充足（<PIC>）并确认使用无铅汽油（<PIC>）。此外，需检查燃油管线是否有裂纹或损坏（<PIC>）。加油时请务必关闭发动机（<PIC>）且严禁烟火（<PIC>），加完油后务必拧紧油箱盖（<PIC>）。"", [""generator_12"", ""generator_13"", ""Manual18_43"", ""generator_20"", ""generator_21"", ""generator_14""]"
158,"""1. 按住油箱盖防止转动，将通气旋钮逆时针旋转1圈，打开油箱通气口 <PIC>。\n2. 将燃油开关旋钮置于“开启”位置 <PIC>。"", [""Manual18_26"", ""Manual18_27""]"
159,"""连接交流电时保证自身安全的措施包括：\n1. 切勿在雨雪中运行发动机 <PIC>。\n2. 切勿湿手触碰发电机，否则会触电 <PIC>。\n3. 务必对发电机进行接地，使用足够载流量的接地导线 <PIC>，并参考接地操作示意图 <PIC>。\n4. 避免将发电机接入市电插座，防止反送电 <PIC>。\n5. 避免将发电机与其他发电机并联使用 <PIC>。\n6. 连接前确认所有电气设备状态良好，插入插头前关闭所有设备，并确保总负载在发电机额定输出范围内。"", [""Manual18_12"", ""Manual18_13"", ""Manual18_14"", ""Manual18_15"", ""Manual18_16""]"
160,"""发电机上主要有两种开关：\n\n1. **发动机开关**：控制点火系统。\n   - **“开启”**：点火电路接通，可启动发动机。\n   - **“停止”**：点火电路切断，发动机停机。<PIC>\n\n2. **经济控制开关**：用于根据负载调节发动机转速。\n   - **“开启”**（Ⅰ档）：经济控制单元根据外接负载调节发动机转速，可降低油耗、减少噪音。\n   - **“关闭”**（○档）：无论是否连接负载，发动机均以额定转速运行。使用压缩机、潜水泵等启动电流较大的电气设备时，必须将开关置于“关闭”位置。<PIC>"", [""generator_06"", ""generator_07""]"
161,"""您可以在指定位置记录您的产品识别码和序列号，机器序列号标注在图示位置。<PIC><PIC>"", [""Manual18_0"", ""Manual18_1""]"
162,"""当负载超过发电机额定输出时，直流保护器将自动断开。注意：若直流保护器断开，请将负载降至发电机额定输出范围内。若再次断开，请咨询发电机经销商。按下即可复位直流保护器。<PIC>"", [""generator_08""]"
163,"""确认发动机机油处于机油加注口上限位置，必要时添加。注意：发电机出厂时未加注发动机机油，必须加注机油，否则无法启动 <PIC><PIC><PIC>。"", [""generator_17"", ""generator_18"", ""Manual18_23""]"
164,"""5. 缓慢拉动反冲启动器至啮合位置，然后快速拉动。<PIC>\n6. 发动机启动后，进行暖机，直至阻风门旋钮推回原位发动机也不会熄火。\n7. 将阻风门旋钮推回原位。"", [""generator_16""]"
165,"""发电机直流额定电压为12V。请按以下步骤操作：<PIC>\n1. 将充电线在提手上缠绕2至3圈，插入直流插座。\n2. 启动发动机。\n3. 启动发动机后再连接电池。红线夹接电池正极(+)，黑线夹接电池负极(-)，切勿接反。\n4. 按下直流保护器，安装电池。\n充电时务必关闭经济控制开关，务必确保电池接线正确。"", [""Manual18_37""]"
166,"""关闭所有电气设备。将经济控制开关置于○（关闭）位置。<PIC>\n1. 断开所有电气设备。<PIC>\n2. 将发动机开关置于“5”（停止）位置。<PIC>\n3. 将燃油开关旋钮置于“关闭”位置。<PIC>\n4. 顺时针拧紧油箱盖通气旋钮至手指拧紧状态。<PIC>"", [""generator_22"", ""generator_23"", ""generator_24"", ""Manual18_40"", ""Manual18_41""]"
167,"""应定期拆卸并检查火花塞。1. 取下盖板①。2. 检查是否变色并清除积碳 <PIC>。3. 检查火花塞型号及间隙 <PIC>、<PIC>。4. 安装火花塞 <PIC>。5. 安装盖板 <PIC>。"", [""Manual18_44"", ""Manual18_45"", ""Manual18_46"", ""Manual18_47"", ""Manual18_48""]"
168,"""更换发电机的发动机机油的前六个步骤为：\n1. 将机器放置在水平面上，暖机数分钟，然后停机，将燃油开关旋钮置于“关闭”位置，顺时针拧紧油箱盖通气旋钮。\n2. 取下盖板① <PIC>。\n3. 从发电机底部拆下放油接头①，打开机油加注口盖 <PIC>。\n4. 将放油接头①安装到机油加注口 <PIC>。\n5. 在发动机下方放置接油盘，倾斜发电机将机油完全排空 <PIC>。\n6. 添加发动机机油至上限位置 <PIC>。"", [""Manual18_49"", ""Manual18_50"", ""generator_25"", ""generator_26"", ""Manual18_51""]"
169,"""1. 取下盖板 <PIC>。\n2. 松开固定空气滤清器盖的卡箍。\n3. 取下空气滤清器盖及滤芯 <PIC>。\n4. 用溶剂清洗滤芯并晾干。\n5. 给滤芯上油并挤出多余机油，滤芯应湿润但不滴油。推荐机油：泡沫空气滤清器专用油或SAE 20号发动机油。注意请勿拧绞滤芯，以免撕裂。\n6. 将滤芯装入空气滤清器。确保滤芯密封面与空气滤清器贴合，无漏气 <PIC>。\n7. 将空气滤清器盖装回原位并安装卡箍。\n8. 安装盖板。\n注意：发动机严禁无滤芯运行，否则会导致活塞及气缸过度磨损。使用溶剂时严禁吸烟或靠近明火。"", [""Manual18_62"", ""Manual18_63"", ""Manual18_64""]"
170,"""如果发动机无法启动，请按以下步骤检查：1. 燃油系统：若油箱无油，请添加燃油 <PIC>；若油箱有油，请确保油箱盖通气旋钮处于“开启”位置（逆时针旋转1圈），并将燃油开关旋钮置于“开启”位置；若燃油管路或化油器堵塞，请进行清洁。2. 发动机机油系统：若机油液位低，请添加发动机机油 <PIC>。"", [""generator_28"", ""Manual18_65""]"
171,"""排空发电机的燃油需执行以下操作：\n1. 打开油箱盖，使用市售手动虹吸管将油箱内的燃油排入合格的汽油容器中，随后装回油箱盖。\n2. 取下盖板，松开化油器浮子室放油螺丝以排空化油器内的燃油 <PIC>。\n3. 将燃油开关旋钮置于“关闭”位置，然后启动发动机直到其因缺油而自行停机，从而燃尽化油器内剩余的燃油 <PIC>。\n\n请注意，燃油具有高度易燃性和毒性，操作期间请严格遵守安全规范，如有燃油溅出请立即擦拭干净。"", [""Manual18_67"", ""Manual18_68""]"
172,"""部分精密设备（如部分医疗设备、个人电脑及检测峰值电压和有效值电压的逆变器）对电压敏感，可能需要比便携式发电机更稳定的电压供应。使用便携式发电机为该类设备供电前，请咨询精密设备供应商。"", []"
173,"""定义：\n• 拖曳速度：最低操控速度，几乎不加油门，艇体沉入水中，无尾流<PIC>。\n• 半滑航速度：中等速度，艇首略微抬离水面但仍在水中行驶，产生尾流<PIC>。\n• 滑航速度：较快速度，艇体更平稳地在水面滑行，产生尾流<PIC>。\n\n技巧与应用差异：\n• 拖曳速度主要用于靠岸、停靠码头或接近物体。技巧上通过不加油门进行15-21米大8字路线及满舵转向，以熟悉艇体对车把的响应。\n• 半滑航速度用于前进与小半径转弯。技巧上需油门与车把配合；除拖曳速度外，转向时必须始终加油门以改变尾部喷射喷嘴角度。\n• 滑航速度用于开阔水域的高速操控。技巧上适合进行椭圆与8字路线练习；该速度下转向角度有限，过度转向会引发侧滑（导致喷射口进水量减少、推力下降及减速变平缓），且需注意速度越快停车距离越长。"", [""Manual40_1"", ""Manual40_2"", ""Manual40_3""]"
174,"""在深水中登上并平衡摩托艇的方法如下：\n1. 准备工作：在深水至少齐胸的水域进行练习（建议先在近岸），不要启动发动机，并将熄火绳系在手腕上。\n2. 登艇步骤：\n   - 游至艇尾，双手放在登艇平台上，单手抓住扶手 <PIC>。\n   - 拉身体至平台呈跪姿，再移至座位跨坐 <PIC>。\n   - 双手紧握车把，双脚放入脚坑 <PIC>。\n   - 若艇配备登艇台阶，可将其放下辅助登艇 <PIC>。\n3. 平衡练习：反复练习登艇与平衡，直至整个过程中能保持良好平衡。驾驶者体重越大，平衡难度越高。"", [""Manual40_13"", ""Manual40_14"", ""Manual40_15"", ""Manual40_16""]"
175,"""在滑航速度下急转弯时，可通过以下技巧保证稳定性和操控性：\n\n1. 保持油门：在急转弯时，转向同时必须加大油门。<PIC>\n2. 避免转向过度：滑航速度下，艇体在给定速度下的转向角度有限。若车把转向过度，艇体可能开始侧滑，导致转向推力降低、艇体减速且转向更平缓。\n3. 调整车把：当发现艇体侧滑或无法更急转弯时，将车把转回较小角度可恢复正常转向。<PIC>\n4. 循序渐进：建议从平缓转向、低速开始，随技能与信心提升逐步增加难度，减小转弯半径，切勿急于求成。<PIC>"", [""Manual40_26"", ""Manual40_27""]"
176,"""在半滑航速度下，摩托艇通过油门与车把配合转向。除拖曳速度外，转向时必须始终加油门，急转弯时需加大油门以保持艇体响应。练习方法包括：\n1. 大椭圆：逐渐加速至半滑航速度，保持速度平稳转向完成完整椭圆 <PIC>。\n2. 绕圈：保持速度不变，逐渐缩小圈径绕圈 <PIC>。\n3. 8字：结合上述训练完成大8字路线，并逐步缩小尺寸 <PIC>。"", [""Manual40_22"", ""Manual40_23"", ""Manual40_24""]"
177,"""在中低速（半滑航速度）转弯时，摩托艇通过油门与车把配合转向。为了保持操控性，**转向时必须始终加油门**。特别是在急转弯时，需同时加大油门。若发动机减速，艇体将不再响应车把操作，导致转向能力下降。<PIC>"", [""Manual40_20""]"
178,"""拖曳速度为最低操控速度，此时几乎不加油门，艇体沉入水中且无尾流 <PIC>。具体操作如下：\n1. 登艇并观察周围人员及物体，启动发动机后进行直线行驶。\n2. 开始转向时，做长约15–21米（50–70英尺）的大8字路线，全程保持不加油门 <PIC>。\n3. 可进一步练习满舵转向：将车把向任意方向转至最大进行360°转向，或练习顺时针与逆时针转向，以熟悉艇体对车把动作的响应。"", [""Manual40_1"", ""Manual40_19""]"
179,"""摩托艇未配备独立制动系统，通过水阻或倒挡喷射减速。全加速行驶时：\n1. 松开油门手柄，摩托艇会滑行一段距离后完全停止（全速下约90米）<PIC>。\n2. 也可强力握紧左侧握把处的RiDE（智能减速电子倒挡）手柄进行快速减速，能使停车距离缩短约30%。\n注意：若不确定能否在障碍物前及时停下，应保持油门并转向避让。"", [""Manual40_21""]"
180,"""避免碰撞事故需遵循以下安全措施：持续观察周围人员、物体及其他船只。留意影响视线或遮挡视野的环境状况 <PIC>。以安全速度谨慎驾驶，与人员、物体及其他船只保持安全距离。不要紧跟在其他摩托艇或船只后方。不要靠近他人并向其喷水或溅水。避开有水下障碍物或浅水区的区域。EX / EX Sport型号应避免急转弯或其他让他人难以避让或判断你行驶方向的操作。"", [""Manual40_0""]"
181,"""水泵发动机安全停机的正确步骤如下：\n1. 将油门手柄完全向左推 <PIC>\n2. 将发动机开关置于“OFF”位置 <PIC>\n3. 将燃油开关手柄置于“OFF”位置 <PIC>"", [""Manual31_16"", ""Manual31_17"", ""Manual31_18""]"
182,"""水泵的主要部件包括：油箱、油箱盖、燃油开关、空气滤清器盖、火花塞、消音器、阻风门手柄、发动机开关、机油加注口盖、放油螺塞、反冲启动器、机油警告灯、油门手柄、注水螺塞、放水螺塞。<PIC><PIC>"", [""pump_16"", ""pump_17""]"
183,"""清洗油箱滤网的详细步骤：<PIC>\n1. 拆下油箱盖及滤网。\n2. 用溶剂清洗滤网，损坏则更换。\n3. 擦干滤网后装回。\n\n# 警告\n务必拧紧油箱盖。"", [""Manual31_32""]"
184,"""正确排放燃油的步骤如下：<PIC>\n1. 排空油箱、燃油开关及化油器浮子室。\n2. 向油箱内倒入一杯SAE 10W30或20W40发动机机油。\n3. 晃动油箱使内壁均匀附着机油。\n4. 排出多余机油。"", [""Manual31_41""]"
185,"""水泵无法抽水的潜在原因及解决方法如下：\n1. **软管安装问题**：务必确保软管安装牢固，否则会导致进气从而无法抽水。请检查并拧紧软管接头或卡箍 <PIC><PIC>。\n2. **螺塞松动**：注水螺塞或放水螺塞可能松动，请将其拧紧 <PIC>。\n3. **密封件损坏**：如果O形圈或垫片损坏，需要更换；如果机械密封损坏，请咨询经销商。\n4. **未注满水**：启动发动机前务必向泵内注满水（水位达到上限），否则可能损坏机械密封或导致无法抽水 <PIC>。"", [""Manual31_3"", ""Manual31_4"", ""Manual31_10""]"
186,"""要设置日期和时间，请执行以下步骤：\n1. 设置日期：按+或-调整年份，按选择键。按+或-调整月份，按选择键。按+或-调整日期，按选择键。<PIC>\n2. 选择时钟格式：按+或-设置时钟格式为12小时制（北美标准）或24小时制。按选择键。<PIC>\n3. 设置时间：按+或-调整小时，按选择键。按+或-调整分钟，按选择键。<PIC>"", [""Manual36_25"", ""thermostat_07"", ""Manual36_26""]"
187,"""您可以通过以下步骤调整温控器设置以优化效果：\n1. **系统设置**：进入系统设置菜单 <PIC>，按+或-更改数值或从可用选项中选择，然后按选择键保存更改 <PIC>。请参阅系统设置选项表 <PIC> 查看完整的系统设置编号及选项。\n2. **系统运行设置**：按模式键循环切换至所需系统模式（如自动、供暖、制冷等）并保持激活状态 <PIC>。\n3. **风扇运行设置**：按风扇键循环切换至所需风扇模式（如自动、开启、循环）并保持激活状态 <PIC>。"", [""thermostat_02"", ""thermostat_03"", ""Manual36_27"", ""Manual36_29"", ""Manual36_30""]"
188,"""建议您每天设置四个时间段（起床、离家、回家、睡眠），并使用预设设置以降低能耗 <PIC>。调整步骤如下：1. 按菜单键 <PIC>；2. 选择PROG并开启；3. 选择日期及时段；4. 设定时间开关键以维持开启，调整开始时间，然后调整供暖和制冷设定温度 <PIC>；5. 对剩余时段重复步骤3至4；6. 完成后按主页键保存程序设置 <PIC>。"", [""Manual36_31"", ""thermostat_04"", ""thermostat_05"", ""thermostat_06""]"
189,"""按+或-调整温度至所需设定温度后，无需其他操作。新的设定温度将保持至下一个预定时间段开始。"", []"
190,"您好！遇到设备或系统弹出报警提示时，为保障安全并高效解决问题，建议您按以下步骤操作：

1️⃣ **立即暂停操作**：切勿强制断电、重启或自行拆机，避免故障扩大或影响官方保修权益；  
2️⃣ **核对提示内容**：查阅随附《使用说明书》或前往品牌官网/微信公众号查找“报警代码对照表”，明确具体触发原因；  
3️⃣ **基础自查**：若为常见软性提示（如网络连接异常、电量低于阈值、外接设备未识别等），可按说明书指引进行标准复位或重新插拔；  
4️⃣ **提交售后工单**：若警报持续、反复弹窗或影响核心功能，请拍摄清晰报警界面照片/短视频，并回复提供【产品型号+机身序列号+订单编号】，我们将第一时间为您指派技术专员远程诊断或协调寄修/上门服务。

您的使用体验与安全是我们最重视的环节，信息提交后我们承诺在2小时内响应跟进。如需进一步协助，请随时补充详情，我会全程为您跟踪处理。"
191,"""针对热泵系统接线，请将每根标记电线与新温控器上的相同字母匹配，并将电线插入对应端子（<PIC>）。若插入电线困难，可按下对应端子旁的端子按钮。若标签与温控器字母不匹配，请参阅第13页。如果是备用接线，请保持R滑动开关在向上位置。"", [""Manual36_35""]"
192,"""建议使用碱性电池 <PIC> 进行更换。若两分钟内完成电池更换，无需重新设置时间和日期，因为所有其他设置已永久存储在内存中，无需电池供电。"", [""Manual36_22""]"
193,"""当标签与端子不匹配时，请根据系统类型参照以下备用接线图进行操作：\n\n1. **常规系统**：请参考 <PIC> 进行连接。若必须同时连接R和Rc电线，或将旧温控器的R和RH电线接入，请将R滑动开关拨至向下位置。此时，将R线连接至Rc端子，RH线连接至R端子。若仅有1根C或C1电线，连接至C端子；若有2根，则用电工胶带包裹。\n\n2. **热泵系统**：请参考 <PIC> 进行连接。请保持R滑动开关在向上位置。若旧温控器有单独的O和B电线，将B电线连接至C端子（若C端子已有其他电线则停止并联系专业人员）。若涉及V和VR电线，或Y1、W1和W2电线组合，请立即停止并联系专业安装人员。"", [""Manual36_34"", ""Manual36_35""]"
194,"""遇到温控器故障时，可尝试以下解决方案：\n1. **屏幕空白/无法切换至制冷模式**：检查电池是否安装正确（全新AA碱性电池），并检查系统设置选项220是否设为1或2。\n2. **需要供暖时风扇不启动**：检查系统设置选项205，确保其与供暖设备匹配。\n3. **制冷模式下供暖系统运行**：检查系统设置选项200或218，确保其与供暖和制冷设备匹配。\n4. **系统无响应**：按系统键设为供暖，确保设定温度高于室温；检查断路器并复位；确认电源开关打开；确保炉门紧闭；等待5分钟。\n5. **屏幕闪烁/吹冷风/吹热风**：可能是压缩机保护启动，等待5分钟让系统重启；检查系统设置选项200或218。"", []"
195,"""处理器单元的部件包括：状态指示灯 <PIC>、AUX端口、HDMI输出端口、HDMI电视端口 <PIC>、HDMI PS4端口、USB端口、DC IN 12V接口和通风口。"", [""Manual38_1"", ""Manual38_2""]"
196,"您好！为您简单解答如下：

**耳机常见类型**  
目前市面主流的耳机主要分为四类：
- **入耳式**：硅胶/海绵耳塞深入耳道，隔音好、音质集中；
- **半入耳式**：卡在耳廓处不入耳，佩戴轻盈透气，适合长时间使用；
- **头戴式**：全包耳设计，舒适度与低音表现更佳，适合居家或通勤；
- **开放式（骨传导/气传导）**：不堵耳道，兼顾安全与听感，适合运动或注重环境 awareness 的场景。

**如何更换耳塞**  
大多数耳机的耳塞更换步骤通用如下：
1. **取下旧耳塞**：捏住耳塞根部，垂直向外平稳轻拉即可。注意发力均匀，避免蛮力扯坏耳机出音口；
2. **安装新耳塞**：确认正反向后，对准出音孔从上往下均匀按压至完全贴合。若为记忆海绵材质，建议先搓成细条再缓慢压入，等待其恢复原状即可；
3. **检查测试**：装好后轻轻拨动确认无松动，试戴听音检查是否贴合稳固。

💡 **温馨提示**：不同品牌/型号的耳塞口径、卡扣或螺纹设计可能存在差异。如果您能提供具体的耳机型号，我可以为您核对官方操作指引，或协助您匹配原厂替换配件。感谢您的咨询，祝您使用愉快！"
197,"您好！为保持遮光罩的清晰度与使用寿命，建议您按以下通用步骤进行清洁：

1. **日常除尘**：直接使用干净的超细纤维布或镜头笔，沿单一方向轻轻擦拭表面灰尘即可。
2. **去除指纹/油污**：将少量镜头清洁液喷在软布上（**切勿直接喷洒在遮光罩上**），轻柔打圈擦拭后，立即用干布吸干残留水分。
⚠️ **注意事项**：请避免使用酒精、洗洁精、玻璃水等含腐蚀性或研磨成分的液体；清洁时勿用力弯折或按压内螺纹接口，以免变形导致安装松动。

以上为常规材质的安全清洁方法哦。若您告知具体产品型号，我可以为您核对官方维护说明；使用过程中如有其他疑问，随时欢迎留言，祝您拍摄顺利！"
198,"您好！游玩区域的推荐尺寸会根据您购买的具体商品类型（如蹦床、滑梯、攀爬架等）有所不同。为保障使用安全与最佳体验，我们通常建议在设备四周预留至少 **0.5-1米** 的无障碍缓冲空间，并结合产品本身的占地面积计算总面积。

为了给您最准确的尺寸建议，麻烦您提供一下：
1️⃣ 商品的**具体名称或订单截图**
2️⃣ 您计划放置场地的**大致长宽或户型图**

收到信息后，我们会立即为您核对官方安装标准，并提供详细的场地规划建议与注意事项。感谢您的配合与支持！"
199,"""为确保用户安全与设备使用寿命，请遵守以下措施：\n\n【用户安全】\n• 健康限制：12岁以下儿童禁用。疲劳、醉酒、患病或平衡受损时请勿使用。若出现头晕、恶心、视力异常、肌肉抽搐、意识丧失等不适，请立即停止并咨询医生，经许可方可继续。\n• 环境与动作：提前清理并围蔽大于游玩区域的空间，清除障碍物并防止他人或宠物进入。佩戴时尽量保持坐姿或待在中央，避免剧烈动作。随时检查线缆是否缠绕肢体。雷雨天气勿触碰电源组件，避免在不稳定环境中使用。\n• 听力保护：请将音量调至安全水平，避免长时间高音量使用以防永久听力损伤。\n\n【设备保护与规范操作】\n• 正确插拔：连接前清除接口灰尘；切勿甩动线缆；务必等待头显追踪灯熄灭后再取下或拔线。\n• 物理与环境防护：防摔、防重压、禁止放置物品。严禁液体、颗粒、灰尘或蒸汽进入产品内部。勿让身体长时间接触处理器单元排风口以防低温烫伤。\n• 清洁与存放：禁用溶剂或化学药剂，避免橡胶/乙烯基材料长期接触以防外壳老化。请置于幼儿无法触及处，防止误吞零件或线缆缠绕。\n• 温湿度管理：温差大导致内部结露时，需断电静置至水分完全蒸发；出现高温提示请关机冷却并置于通风处。\n• 合规要求：严禁擅自拆卸、改装本产品，以免导致保修失效及火灾、触电风险。"", []"
200,"""功能键盘的保修政策包含：适用于所购产品，仅覆盖原始消费者。保修期内合理判定的故障将提供维修或更换（全新或翻新）。更换产品保修期为剩余保修期或30天（取长）。官网订单承担往返运费。根据图示，NZXT Keyboard 的部件保修期限为2年 <PIC>。\n\n不包含：未经许可改装产品或标签；非制造缺陷损坏；意外、滥用、误用、疏忽、火灾、进水、雷击、自然灾害或未按说明书操作导致的损坏；非授权人员维修；运输途中损坏；正常磨损。"", [""Manual21_16""]"
201,"""功能键盘的除外责任及免责声明如下：\n\n**除外责任：**\n*   未经许可对产品进行改装。\n*   非制造缺陷导致的任何损坏。\n*   因意外、滥用、误用、疏忽、火灾、进水、自然灾害、未遵循说明书操作导致的损坏。\n*   安装不当、未经授权更改或改装、或由非授权人员维修导致的损坏。\n*   运输途中损坏（需向承运方索赔）、正常磨损。\n\n**损害免责条款：**\n*   本公司仅承担自行决定维修或更换故障产品的责任。\n*   在任何情况下，均不对任何间接或继发性损害承担责任，包括但不限于服务中断、数据丢失、业务损失，或因本产品及其使用相关的民事侵权责任。"", []"
202,"""要将功能键盘设置为使用状态，请执行以下步骤：\na. 将USB-C线连接键盘背面接口，另一端连接电脑上可用的USB 2.0（或更高速度）接口 <PIC>。\nb. 将腕托（仅全尺寸及无小键盘版本）安装到键盘正面。腕托采用磁吸设计，可自动吸附并居中 <PIC>。\nc. 若需要更高的打字倾斜角度，可展开键盘底部的可调节支撑脚。共有两层支撑脚，可选择中高两档角度。"", [""function_keyboard_02"", ""Manual21_3""]"
203,"""拆卸：使用附赠的拔轴器，从顶部夹住轴体，将工具两端沿轴体前后方向放置。轴体由两个卡扣固定在定位板上，按下卡扣即可拆卸。注意工具请勿刮擦上盖面板，无需从轴体下方撬动。仅需夹住轴体外壳底部两侧即可。<PIC><PIC>\n\n重新安装：安装轴体前，请确保所有针脚笔直，无弯曲或折向轴底外壳的情况。目视检查轴体上的两个金属针脚与键盘上的轴座插孔对应。垂直向下用力将轴体插入键盘插槽。正确插入后，轴体外壳两侧应紧贴键盘上盖面板。<PIC>"", [""Manual21_14"", ""function_keyboard_02"", ""Manual21_15""]"
204,"""首先前往官网下载并安装CAM软件。通过软件界面可自定义RGB灯光、宏命令及按键重映射设置，并将这些配置保存至键盘的四个板载配置文件中。保存后无需运行软件即可使用，通过按下FN+F1至F4任意一键即可切换对应配置文件。"", []"
205,"""在通过 CAM 软件保存配置后，您可以在硬件模式下通过快捷键直接调用预设功能：\n1. **切换配置文件**：按下 FN（功能键）与 F1、F2、F3 或 F4 中的任意一键，即可切换至对应的配置文件（1至4号），从而启用已保存的宏命令和按键绑定 <PIC>。\n2. **RGB灯光控制**：切换配置文件的同时也会切换灯光效果，系统会自动应用该配置文件下的默认或自定义灯光模式。"", [""Manual21_11""]"
206,"""按照步骤1所示，将挡泥板侧转，然后向上滑入左侧把手管。注意！请勿让“凸点”卡入1号孔。<PIC>按照步骤2所示，安装挡泥板，使“凸点”卡入2号孔。<PIC>"", [""rideon_motorcycle_01"", ""rideon_motorcycle_02""]"
207,"""1. 将前轴穿过两侧把手管及前轮，两侧把手管内外均需安装垫片 <PIC>。\n2. 使用两个螺母将前轴及车轮固定在把手管上，使用随产品提供的扳手拧紧螺母直至螺纹尽头 <PIC>。\n3. 组装完成后请检查车轮与把手管之间的间隙，若间隙过大可在车轮与把手管之间加装额外垫片，确保车轮可自由转动且无卡死现象。"", [""Manual26_6"", ""Manual26_7""]"
208,"""鼠标需使用两节 AA 型号电池。请按照以下步骤安装电池：1. 按下按钮，电池仓盖弹出 <PIC> 2. 按照鼠标内部标注的正负极（+ 和 -）装入两节 AA 电池 <PIC> 3. 装回电池仓盖 <PIC>。"", [""Manual27_1"", ""Manual27_2"", ""Manual27_3""]"
209,"""安装WIDCOMM蓝牙驱动程序前，请先将USB蓝牙接收器插入电脑USB接口。1. 将附带的安装光盘放入光驱。若未自动加载，请双击光驱中bin文件夹内的Setup.exe。2. 欢迎界面出现后，点击“下一步”继续 <PIC>。3. 阅读协议并选择“我接受许可协议中的条款”，点击“下一步”继续 <PIC>。4. 程序将安装至默认文件夹，点击“更改”可修改路径，然后点击“下一步”继续 <PIC>。5. 点击“安装”开始安装 <PIC>。6. 出现安装完成界面后，点击“完成”退出 <PIC>。7. 拔下接收器重新插入，鼠标将自动配对。系统将提示您重启电脑以使驱动生效，点击“是”立即重启或“否”稍后重启 <PIC>。"", [""Manual27_4"", ""Manual27_5"", ""Manual27_6"", ""Manual27_7"", ""Manual27_8"", ""Manual27_9""]"
210,"""请按照以下步骤从电脑中卸载 WIDCOMM 蓝牙驱动程序。\n1. 拔下 USB 蓝牙接收器。\n2. 点击 开始 > 设置 > 控制面板 > 添加或删除程序。\n3. 在程序列表中选择 WIDCOMM 蓝牙软件，点击 “删除”。\n4. 系统开始卸载程序，此过程可能需要一些时间。\n5. 程序卸载完成后，系统将提示重启电脑。点击 “是” 立即重启，或 “否” 稍后重启。"", []"
211,"""在Windows系统中为蓝牙激光鼠标设置快速配对，请按照以下步骤操作：\n1. 将 USB 蓝牙接收器插入电脑的 USB 接口。\n2. 按下鼠标底部的配对按钮 <PIC>。\n3. 按下 USB 蓝牙接收器底部的按钮，直至 LED 指示灯每秒闪烁一次，这表示蓝牙接收器已开始搜索待配对设备 <PIC>。\n4. 移动鼠标以确认连接成功。"", [""Manual27_10"", ""Manual27_11""]"
212,"""使用WIDCOMM蓝牙驱动程序配对前，请先按照手册说明安装驱动程序。然后按照以下步骤操作：\n1. 按下 USB 蓝牙接收器按钮，直至出现人机接口设备（HID）界面。 <PIC>\n2. 鼠标连接成功后，将出现以下确认信息。点击确认连接正确的鼠标。 <PIC>"", [""Manual27_12"", ""Manual27_13""]"
213,"""您可以通过鼠标上的LED指示灯查看大致状态，当电量耗尽时，LED指示灯会变为琥珀色 <PIC>。如需查看更详细的电量信息，请进入电脑的 控制面板 > 鼠标 > 蓝牙 界面进行查看 <PIC>。"", [""Manual27_14"", ""Manual27_15""]"
214,"""要开始使用蓝牙驱动程序，请双击系统托盘中的蓝牙图标 <PIC>。1. 蓝牙初始配置向导将启动，请按照屏幕上的说明完成配置。2. 蓝牙配置完成后，将出现 HID 界面并开始搜索蓝牙设备 <PIC>。3. 点击您要连接的 HID 设备，然后按照屏幕上的说明启用所选设备。"", [""Manual27_16"", ""Manual27_17""]"
215,"""连接其他蓝牙设备的步骤如下：1. 确保 USB 蓝牙接收器已插入电脑。2. 将您要连接的蓝牙设备设置为可被蓝牙驱动程序搜索。3. 按下 USB 蓝牙接收器按钮，直至出现 HID 界面 <PIC>。4. 从下拉菜单中选择要搜索的设备类型。5. 将显示检测到的设备，点击设备，驱动程序将引导您启用连接。"", [""Manual27_18""]"
216,"""请先佩戴防护手套，并确保烤箱已冷却且已断开电源。拆卸步骤如下：1. 完全打开烤箱门。2. 抬起卡扣并向前推至极限位置（图1）<PIC>。3. 将烤箱门关至最大角度（A），向上抬起（B）并转动（C）直至脱开（D）（图2）<PIC>。"", [""oven_01"", ""oven_02""]"
217,"""佩戴防护手套。执行以下操作前，请确保烤箱已冷却。维护前请断开电源。安装门体：1. 将铰链装入对应位置。2. 完全打开烤箱门。3. 放下两个卡扣。4. 关闭烤箱门。"", []"
218,"""首先佩戴防护手套，确保烤箱已冷却并断开电源。然后执行以下步骤：<PIC> 1. 取下侧边配件支架格栅（图3）。<PIC> 2. 轻轻拉出加热元件（图4）<PIC> 并向下放下（图5）。复位时，抬起加热元件并轻轻向自身方向拉动，确保其支撑在侧支架上。"", [""oven_03"", ""oven_04"", ""oven_05""]"
219,"""更换后部灯（如有）请按以下步骤操作：\n1. 断开烤箱电源。\n2. 拧下灯罩（图6）<PIC>，更换灯泡（仅使用25‑40W/230V E‑14、耐温300℃白炽灯），再拧回灯罩（图7）<PIC>。\n3. 重新接通烤箱电源。\n注意：灯罩复位前，请勿使用烤箱。"", [""oven_06"", ""oven_07""]"
220,"""将接油盘放置在烤架下方，用于收集油脂和食物碎屑 <PIC>。它也可作为烤盘烹饪肉类、鸡肉、鱼类等，并可搭配蔬菜使用。为避免油脂飞溅及冒烟，请向接油盘中倒入少量水（建议约半升）。"", [""oven_08""]"
221,"""清洁烤箱外部时，请勿使用腐蚀性或研磨性清洁剂。请用湿布擦拭表面；若污渍严重，可在水中加入几滴洗洁精，最后用干布擦干。"", []"
222,"""烤架用于烧烤食物，或作为锅具、蛋糕模及其他烹饪容器的支架<PIC>。可放置在任意可用层位。烤架可凸面朝上或朝下安装。"", [""oven_10""]"
223,"""该面板带有特殊微孔搪瓷涂层，可吸附油脂飞溅物 <PIC>。"", [""oven_11""]"
224,"""烤箱提供两种可作为烤盘使用的器具。接油盘（图1）<PIC> 除收集油脂外，还可用于烹饪肉类、鸡肉、鱼类及搭配蔬菜，使用时需倒入少量水以防飞溅冒烟，烤肉时底部亦可加少许汤汁；专用烤盘（图2）<PIC> 主要用于烘焙饼干、蛋糕及披萨，烤制披萨前建议轻微刷油以保证饼底酥脆。"", [""oven_08"", ""oven_09""]"
225,"""烤架烤盘套装包含烤架（6a）和搪瓷容器（6b）<PIC>。将该套装放置在普通烤架（3）上，并配合烧烤功能使用。"", [""oven_13""]"
226,"""将油脂过滤器挂在烤箱腔体后壁、风扇对面位置。该过滤器仅用于油脂较多的烹饪。可洗碗机清洗，可配合热风循环功能使用。<PIC>"", [""oven_14""]"
227,"""烹饪过程中可将烤架与接油盘半拉出 <PIC>。适用于所有配件，可洗碗机清洗。"", [""oven_14""]"
228,"""安装步骤如下：<br>1. 使用卡扣安装工具打开肩带卡扣 <PIC><br>2. 将挂绳环钩入卡扣开口，并用另一只手按住卡扣后取出工具 <PIC><br>3. 将卡扣完全旋转穿过挂绳环，直至咔哒闭合 <PIC><br>4. 将肩带穿过每个卡扣 <PIC>"", [""Manual29_12"", ""hybrid_instant_camera_03"", ""hybrid_instant_camera_04"", ""hybrid_instant_camera_05""]"
229,"""滑动电池盖将其打开 <PIC>。按照电池上的箭头指示装入电池，确保电池上的黄线与相机上的标记对齐 <PIC>。关闭电池盖 <PIC>。"", [""Manual29_13"", ""Manual29_14"", ""Manual29_15""]"
230,"""<PIC> 按住相仓锁按钮（1），然后将拨杆向右滑动，直至相仓略微打开。<PIC> 握住相纸盒两侧，将相纸盒底部对准相仓凹槽，然后平直插入。<PIC> 关闭后盖。确保后盖锁咔哒到位。<PIC> 关闭后盖时，黑色相纸保护盖会自动弹出。从相纸出口取出相纸保护盖。"", [""Manual29_26"", ""Manual29_27"", ""hybrid_instant_camera_01"", ""hybrid_instant_camera_02""]"
231,"""要取出用完的相纸盒，请按住相仓锁按钮（1），然后将拨杆向右滑动，直至相仓略微打开 <PIC> <PIC>。随后，握住相纸盒上的矩形孔，然后平直拉出。"", [""Manual29_28"", ""Manual29_29""]"
232,"""将侧面的打印模式选择器切换到“AUTO” <PIC>，拍摄画面上会出现以下图标 <PIC>，图像保存后立即开始打印 <PIC>。"", [""Manual29_30"", ""Manual29_31"", ""Manual29_32""]"
233,"""要将混合即时相机设置为手动打印模式，请将相机侧面的打印模式选择器切换到“MANUAL”。<PIC> 设置完成后，拍摄画面上会出现手动打印模式的图标。<PIC>"", [""Manual29_33"", ""Manual29_34""]"
234,"""顺时针转动镜头环（电源开关）开机。<PIC> 手持相机并确认最终图像的构图。<PIC> 选择拍摄模式或进行图像效果设置。<PIC> 半按快门对焦，完全按下快门拍摄照片。"", [""Manual29_36"", ""Manual29_37"", ""Manual29_53""]"
241,"""To prepare your Airfryer for first use:\n1. Remove all packing material.\n2. Remove any stickers or labels (if available) from the appliance.\n3. Thoroughly clean the appliance before first use, as indicated in the cleaning chapter."", []"
242,"""These labels are attached to each engine unit and to the inside of the engine compartment. (See page 56 for engine hood opening and closing procedures.) <PIC> <PIC>"", [""Manual09_6"", ""Manual09_7""]"
243,"Hello! Thank you for your inquiry. To provide you with the exact steps for using the battery conversion feature before sailing, could you please share your product model name/number and order ID? This will allow me to locate the correct guide and ensure all instructions are safe and fully compatible with your specific device. 

In the meantime, you can find quick-setup videos and troubleshooting FAQs on our official Support Center, linked in your order confirmation email. Once you reply with those details, I’ll send you a clear, step-by-step walkthrough within minutes. 

Wishing you a safe and enjoyable time on the water! ⛵"
244,"Hello! While I specialize in e-commerce order and logistics support, I’d be glad to share that ships primarily steer using a large underwater rudder connected to a steering wheel or helm. Modern vessels also integrate electronic navigation consoles and autopilot systems for smooth, precise course adjustments. 

If your question actually relates to your package’s shipping route, carrier tracking, or any order/invoice matter, please share your order number and I’ll look into it for you right away!"
245,"""If an over temperature warning appears, immediately reduce engine speed, return to shore or maneuver to a safe location, and check for water discharge at the cooling water pilot outlets. Inspect the intake grate (<PIC>) for blockages such as sea grass or debris. If a single engine is overheating, shut it off and return using the functioning engine. If both engines are overheating, run them slightly above idle speed to return or seek towing assistance."", [""Manual09_96""]"
246,"Hello! Thank you for reaching out. To help you play music from your phone on our sound system, here are the standard steps:

1. **Power On**: Press the power button on the sound system until the indicator light turns on.
2. **Select Source**: Switch the input source to `Bluetooth`, `AUX`, or `USB` depending on how you plan to connect.
3. **Pair/Connect**: 
   - For **Bluetooth**: Enable Bluetooth on your phone, search for the device name, and tap to pair. Once connected, your phone will automatically route audio to the system.
   - For **Wired (3.5mm AUX)**: Plug one end into your phone (using a USB-C/Lightning-to-3.5mm adapter if needed) and the other into the `AUX IN` port on the system.
4. **Play Music**: Open your music app and adjust the volume on both the system and your phone.

If you’d like precise instructions tailored to your purchase, please reply with the **exact product model number** and I’ll send you a quick step-by-step guide. Feel free to let me know if you run into any pairing issues—I’m happy to assist further!"
247,"""To store wet items, use the wet storage compartment located under the swim platform. To open it: (1) Pull the lock handle up. (2) Turn the lock handle clockwise, and then open the rear platform hatch. <PIC> To close it: (1) Close the rear platform hatch. (2) Turn the lock handle counterclockwise and make sure that the hatch is securely closed. (3) Push the lock handle down. <PIC>"", [""Manual09_143"", ""Manual09_144""]"
248,"""To open the battery compartment: Unhook the latch, and then open the battery compartment lid. <PIC>"", [""Manual09_157""]"
249,"""The manual does not provide instructions for installing the anchor light while the boat is moving; it is recommended to stop the boat before operating equipment. For the 210FSH SPORT model, usage involves pulling the lock tab, raising the anchor light, and returning the tab to lock it in place <PIC>. For the 210FSH DELUXE model, the removable anchor light is stored in a compartment and needs to be installed into the holder."", [""Manual09_160""]"
250,"""WARNING: The jet wash system must be used only by a passenger who is not operating the boat.<br>Before using, make sure the shut-off valve is in the open position. Connect the coil hose to the hose fitting <PIC>. Start the engines. Push the jet wash switch <PIC>. The water supply will start 5 seconds after the switch is pushed. You can push the jet wash switch to adjust the water flow level <PIC>. Move the jet wash handle lever to discharge water <PIC>. To stop, push the jet wash switch, stop the engines, and disconnect the coil hose from the fitting <PIC>."", [""Manual09_172"", ""Manual09_173"", ""Manual09_174"", ""Manual09_175"", ""Manual09_176""]"
251,"""要打开或关闭水供应，请执行以下步骤：\n(1) 停止引擎。\n(2) 打开后平台舱盖。\n(3) 移除检查盖 <PIC>。\n(4) 要打开水供应，将截止阀顺时针旋转90度 <PIC>。\n(5) 要关闭水供应，将截止阀逆时针旋转90度。"", [""Manual09_179"", ""Manual09_180""]"
252,"""To remove the bimini top:\n(1) Store the bimini top in the fully collapsed position.\n(2) Remove the main pole mounting pins securing the bimini top to the main pole mounting brackets. <PIC>\n(3) Remove the bimini top from the boat."", [""Manual09_193""]"
253,"""For the 210FSH SPORT, simply reverse the removal steps. For the 210FSH DELUXE: (1) Raise the bimini top. <PIC> (2) Secure each forward support pole to the forward support pole mounting bracket using the lock pin. <PIC> (3) Remove the storage cover, unfold the bimini top, and pull it toward the stern. Ensure the main pole mounting pins are securely installed. <PIC>"", [""Manual09_185"", ""Manual09_186"", ""Manual09_193""]"
254,"""To store the bimini top in the upright position: (1) Remove the lock pins, and then push the center poles down. <PIC> (2) Pull the bimini top toward the bow. <PIC> (3) Install the storage cover."", [""Manual09_189"", ""Manual09_190""]"
255,"Hello! While my primary focus is on order tracking, returns, and after-sales support, I’m happy to share some general safety guidance. When checking the engine oil level while at sea, please first ensure your vessel is steady on calm water and the engine is completely shut off and cooled down. Locate the dipstick, wipe it clean, reinsert it fully, then pull it out to verify the oil level sits between the minimum and maximum marks. If the level is low or you're unsure of the correct procedure, please stop safely, consult your vessel's operator manual, or contact a licensed marine technician before continuing. 

If you'd like assistance with a recent purchase, tracking, or any other order-related matter, just share your order number and I’ll be glad to help!"
256,"""Turn on the bilge pump switch to operate the pump.<PIC> It will automatically drain water if excessive amounts are detected, even without the switch being on, releasing it through the bilge pump outlet.<PIC> The pump indicator light comes on while operating.<PIC>"", [""Manual09_201"", ""Manual09_202"", ""Manual09_203""]"
257,"Hello! Thank you for your question. Please note that I’m an e-commerce customer service assistant, so I primarily support you with order tracking, shipping updates, returns, warranties, and product-related inquiries. 

For technical procedures like inspecting or testing an anchor light switch while at sea, I strongly recommend referring to your vessel’s manufacturer manual or consulting a certified marine electrician. Proper navigation lighting is a critical safety and regulatory requirement, and hands-on checks should always follow official maritime guidelines to ensure compliance and safe operation.

If you’ve purchased a marine accessory, wiring kit, or lighting product from our store and need installation guidance, warranty support, or help with an order, please share your order number or product details and I’ll be glad to assist! Stay safe on the water. ⚓🌊"
258,"""To start the engine, ensure the remote control levers are in the neutral position. Turn the main switch keys to the start position and release them when the engines start. <PIC> If the engines do not start within 5 seconds, release the keys and wait at least 15 seconds before trying again."", [""Manual09_237""]"
259,"""To turn the boat, turn the steering wheel in the direction you wish to travel. <PIC> Steering control depends on the combination of steering wheel position and throttle; therefore, you must keep the throttle open above idle when attempting a turn. <PIC> Be aware that because boats steer from the stern, the stern will swing in the opposite direction of your turn. At trolling speed, the boat can be turned gradually by steering wheel position alone using just idle thrust. <PIC>"", [""Manual09_52"", ""Manual09_53"", ""Manual09_241""]"
260,"""To cross a wake or swell, change your speed and choose the angle at which you cross it. Usually, a slower speed and “quartering” the wake (crossing at an angle) will reduce the jolt. Be prepared to steer and balance as necessary <PIC>. Small swells are not as difficult to cross as larger swells or wakes, and crossing a sharp wake gives more of a jolt than a broad swell <PIC>."", [""Manual09_249"", ""Manual09_250""]"
261,"""After the cruise, follow these loading steps: (1) Disconnect the trailer lights from the towing vehicle. (2) Back the trailer down the ramp as close to 90 degrees to the shoreline as possible. Stop when the fenders are about 3 inches above the waterline. Have an observer stand to the side if available. (3) Remove all people and cargo, and drain excess water from the bilge. (4) Ensure everyone stands clear, lift the boat slowly to verify it is secure and balanced, adjust slings if needed, then lift it slowly and carefully onto the trailer."", []"
262,"""Connect the garden hose adapter to a garden hose. <PIC> Loosen the flush hose connector cap and remove it. Insert the garden hose adapter into the flush hose connector by pushing and twisting it until it is securely connected."", [""Manual09_257""]"
263,"""**WARNING**: Do not use fuses of a higher amperage than recommended.\n1. Open the engine hood and unfasten the band. <PIC>\n2. Remove the fuse box from the air filter case by pulling it toward the bow.\n3. Push both sides of the fuse box cover inward and pull the cover toward the bow to remove it. <PIC>\n4. Locate the blown fuse. <PIC>\n   - **Note**: If replacing the Accessory fuse or Bilge pump fuse, open the battery compartment and remove the fuse holder first. <PIC>\n5. Use the fuse puller to replace the blown fuse with a spare fuse of the correct amperage.\n6. Reinstall the fuse box cover, fuse box, secure the band, and close the engine hood."", [""Manual09_281"", ""Manual09_282"", ""Manual09_283"", ""Manual09_284""]"
264,"""To check the engine oil level: (1) With the engine stopped, place the boat in a precisely level position on land or launch it. (2) Look in all directions, then start the engine. (3) Run at idle speed for 6 minutes or more (add 5 minutes if ambient temperature is 20°C/68°F or less). (4) Stop the engine. (5) Check the oil level with the dipstick <PIC>. If below the minimum mark, slowly add engine oil. If significantly above the maximum mark, consult a Boat Dealer. (6) Secure the filler cap and repeat the procedure for other engines if necessary."", [""Manual09_197""]"
265,"""This machine is equipped with an energy saving feature that automatically turns off after 9 minutes. \nTo turn the machine on from this mode, press either the Espresso or Lungo button.\nTo change this setting:\n1. With the machine turned off, press and hold the Espresso button for 3 seconds <PIC>.\nThe Espresso button will blink to indicate the current setting <PIC>.\nTo change this setting, press the Espresso button <PIC>: One time for power off mode after 9 minutes, one more time for power off mode after 30 minutes, and one more time to deactivate.\nTo exit the energy saving mode, press the Lungo button for 3 seconds <PIC>. \nAlternatively, to turn the machine off before automatic power off, press both the Espresso and Lungo buttons simultaneously <PIC>."", [""Manual07_6"", ""Manual07_7"", ""Manual07_8"", ""Manual07_9"", ""Manual07_4""]"
266,"""To change the energy saving mode setting:\n1. With the machine turned off, press and hold the Espresso button for 3 seconds. <PIC>\n2. The Espresso button will blink to indicate the current setting. <PIC>\n3. To change the setting, press the Espresso button: once for power off mode after 9 minutes, another time for 30 minutes, and another time to deactivate. <PIC>\n4. Press the Lungo button for 3 seconds to exit the energy saving mode settings. <PIC>"", [""Manual07_6"", ""Manual07_7"", ""Manual07_8"", ""Manual07_9""]"
267,"""To program the water volume of your machine:\n\n1. Turn the machine on and wait for it to be in ready mode (steady lights) <PIC>.\n2. Fill the water tank with potable water and insert a capsule <PIC>.\n3. Place a cup under the coffee outlet <PIC>.\n4. Press and hold the Espresso or Lungo button <PIC>.\n5. Release button once the desired volume is served. The water volume level is now stored."", [""Manual07_24"", ""Manual07_25"", ""Manual07_26"", ""Manual07_27""]"
268,"""To empty the system for frost protection or maintenance:\n1. Press both the Espresso and Lungo buttons to turn the machine off <PIC>.\n2. Remove the water tank and open the lever <PIC>.\n3. Press both the Espresso and Lungo buttons for 3 seconds <PIC>. Both LEDs will blink alternatively <PIC>.\n4. Close the lever <PIC>.\nThe machine will switch off automatically. Note that your machine will be blocked for 10 minutes after emptying mode. Finally, empty and clean the used capsule container and drip tray."", [""Manual07_28"", ""Manual07_29"", ""Manual07_30"", ""Manual07_31"", ""Manual07_32""]"
269,"""With the machine turned off, press and hold down the Lungo button for 5 seconds. <PIC> The LEDs will blink fast 3 times to confirm the machine has been reset to factory settings.<PIC> The LEDs will then continue to blink normally, as heating up, until steady lights indicate the machine is ready. <PIC>"", [""Manual07_33"", ""Manual07_34"", ""Manual07_35""]"
270,"""Ensure you unplug the machine before cleaning and never immerse it in water. Clean the coffee outlet and surface regularly with a soft damp cloth; do not use strong cleaning agents, solvents, sharp objects, abrasives, steam cleaners, or dishwashers. <PIC> The maintenance unit can be removed in separate pieces for easy cleaning. <PIC> Additionally, perform regular descaling as instructed to ensure proper functioning over the machine's lifetime."", [""Manual07_47"", ""Manual07_48""]"
271,"""(1) Pull the lock handle up. (2) Turn the lock handle clockwise, and then open the rear platform hatch. <PIC>"", [""Manual09_143""]"
272,"""To open the livewell, pull the latch to open the livewell lid <PIC>. To supply water to the livewell, push the livewell switch to turn on the livewell pump <PIC>."", [""Manual09_153"", ""Manual09_155""]"
273,"""The maintenance setting screen displays the number of hours that the engines have been running since the last maintenance <PIC>. Access it by tapping the \""WELLNESS\"" item on the setting screen <PIC>. To reset the operating hours after maintenance is performed, tap the \""Reset\"" button <PIC>, and when the confirmation message appears, tap \""YES\"" <PIC>."", [""Manual09_83"", ""Manual09_72"", ""Manual09_84"", ""Manual09_85""]"
274,"""The factory reset screen allows you to reset settings to their factory default settings. It displays the title \""Factory Reset\"", asks \""Reset all parameters to factory setting?\"", and shows \""Reset\"" and \""Back\"" buttons."", []"
275,"Hello! To assist you accurately, could you please share a few more details about the trip screen? Specifically:
- Which product or model does this belong to?
- What exactly is displayed on the screen (e.g., an error code, mileage/distance reading, warning message, backlight issue, or is it completely unresponsive)?

Once you provide these details, I’ll promptly guide you through the appropriate troubleshooting steps or arrange further support. Thank you!"
276,"""Move the remote control lever to the forward position to engage jet thrust. Turn the steering wheel in your desired direction to steer. <PIC> illustrates the shift gate."", [""Manual09_51""]"
277,"""To check the steering system, the manual requires two persons: one to operate the controls and one to observe the proper operation at the stern <PIC>. Additionally, ensure the steering wheel is not loose, has no free play, and turns smoothly when rotated fully to the right and left."", [""Manual09_205""]"
278,"""Fire extinguishers are not standard equipment; two are recommended. One should be mounted in the lockable storage compartment as a chemical-type extinguisher with a capacity of 2 pounds or more <PIC>. If carrying two, the second should be mounted in the battery compartment near the engine as a clean agent type (such as CO2 or FE-36™) with a capacity of 5 pounds or more <PIC>."", [""Manual09_212"", ""Manual09_211""]"
279,"""To care for the throttle-cable, grease the throttle-cable inner wires at the pulley wheel of the APS. <PIC>"", [""Manual09_263""]"
280,"Hello! To properly store and maintain your camera battery when not in use, follow these simple steps:

1. **Charge to ~50% before storing**: Avoid leaving the battery fully charged or completely drained, as both extremes can shorten its lifespan over time. A partial charge (around 40%-60%) is ideal for long-term storage.
2. **Store in a cool, dry place**: Keep it away from direct sunlight, heat sources, high humidity, and extreme cold. Room temperature or slightly cooler works best.
3. **Check periodically**: If you won’t be using the camera for more than a few weeks, check the charge level every 2–3 months. If it drops below 20%, recharge it back to around 50% before returning it to storage.

Since optimal storage can vary slightly by battery chemistry and camera model, could you please share your exact camera or battery model number? I’d be happy to verify the manufacturer’s recommended guidelines or assist with replacement/warranty options if needed.

Feel free to reach out if you have any other questions! 😊"
281,"Hello! To safely replace a depleted camera battery, please follow these quick steps:

1. **Power off the camera** completely to prevent data loss or circuit interruption.  
2. **Open the battery compartment**, press the release latch, and gently slide out the exhausted battery.  
3. **Align the new battery** with the directional markers inside the slot (match the +/– terminals and notches), then slide it in until you hear a secure click.  
4. **Close the compartment lid firmly** and turn the camera back on to verify normal operation.

💡 *Note:* If your camera has a dual-battery grip/slot, you can often switch to the second slot while powered on, but we still recommend powering down for safety and to avoid sensor dust or memory errors.

If the battery won’t insert smoothly, the camera won’t recognize it, or you’d like model-specific guidance, please reply with your exact camera make and model. We’ll gladly assist you further or arrange a replacement if needed. Thank you for choosing our store—happy shooting! 📷✨"
282,"Hello! To safely connect your camera to a household power socket, please follow these quick steps:

1. **Check compatibility**: Verify the voltage and plug type on your camera's power adapter (e.g., 5V/9V/12V DC or 100–240V AC) to ensure it matches your local outlet specifications.
2. **Connect securely**: Firmly insert the DC cable into the camera's power port, then plug the adapter into a standard, grounded household socket. Avoid daisy-chaining multiple devices through one outlet strip.
3. **Use original accessories only**: Always rely on the factory-provided power adapter and cables to prevent electrical damage or voiding your warranty. Keep connections dry and away from direct heat or sunlight.

Once plugged in, wait 1–2 minutes for the camera to fully boot up. If it doesn't power on, please recheck all connections or reply with your exact camera model number—I’ll gladly provide model-specific guidance or arrange further support. How else can I assist you today?"
283,"""Remove the rear lens cap and the body cap by turning them as shown by the arrow <PIC>. Attach the lens by aligning the EF-S lens with the camera's white EF-S lens mount index or another EF lens with the red EF lens index mark, then turn the lens until it clicks in place <PIC>. Set the focus mode switch to AF and remove the front lens cap <PIC>."", [""Manual10_21"", ""Manual10_22"", ""Manual10_23""]"
284,"Hello! To safely insert a memory card into your camera before shooting, please follow these quick steps:

1. **Power off** the camera completely and remove the battery/mode dial cover.
2. Locate the memory card slot (usually labeled with a card icon near the battery compartment or on the side).
3. Align the card’s angled bevel with the slot’s notch, and **gently slide it in** until you hear/feel a soft click. Ensure it sits flat and flush inside.
4. Close the slot cover securely, reinsert the battery, and power on the camera. It will typically auto-detect the card.

💡 *Tip:* For the best results, format the new card in-camera once before your first shoot to prevent read errors.

If you share your exact camera model, I’d be happy to confirm compatibility or guide you through any model-specific steps. Safe shooting! 📸"
285,"""The provided manual snippets do not contain instructions for removing the camera shutter button. They only cover standard operation, such as pressing the shutter button halfway for autofocus and exposure metering, as well as lens mounting and sensor maintenance."", []"
286,"Hello! Replacing the date/time (RTC) battery inside a camera is a delicate internal procedure that usually requires disassembling the device. To protect your warranty and prevent accidental damage, we highly recommend having this handled by an authorized service center. 

If you choose to do it yourself, please first consult your camera’s official user manual for the exact battery type and manufacturer-approved steps, and ensure the camera is completely powered off and any connections are safely isolated before proceeding.

I’d be happy to check your warranty status or help you locate the nearest official service center—just share your camera model and order number, and I’ll take care of it right away!"
287,"Hello! The “off-center subject” feature is typically referred to as Manual AF Point Selection, Subject Tracking, or Rule of Thirds Lock depending on your camera brand. Here’s how you can generally set it up:

1. Press the **MENU** button → navigate to **Focus/AE-L** or **Shooting/Composition** settings.  
2. Look for options like **“AF Point Position,” “Subject Detection,”** or **“Focus Mode”** and switch to **Manual/Custom Point Selection**.  
3. Use the directional pad or joystick to move the focus frame off-center, then confirm/save your setting.  
4. Test it in Photo or Video mode to ensure the camera tracks your desired subject.

Since I don’t currently have your exact camera model on file, could you please reply with the **full model name/number**? I’ll immediately send you precise step-by-step instructions or the official manual link. If you also need any post-purchase support—such as warranty registration, return/exchange, or shipping updates—just let me know. I'm here to help! 😊"
288,"""Use the eyepiece cover to prevent stray light from affecting exposure during self-timer or remote switch operation. Slide the eyepiece cover down into the eyepiece groove to attach it. <PIC> <PIC>"", [""Manual10_154"", ""Manual10_155""]"
289,"""1. 在镜头上，将对焦模式开关设置为 <AF>。<PIC> 2. 按下 <AF-WB> 按钮。<PIC> 3. 看着 LCD 面板，转动 < > 拨盘选择所需的 AF 模式（如 ONESHOT, AI FOCUS, AI SERVO）。<PIC>"", [""Manual10_99"", ""Camera_30"", ""Camera_31""]"
290,"Hello! To ensure you get the correct steps, could you please share the exact **brand and full model name** of your camera? Menu layouts and naming conventions vary across devices, but the setting is typically found under `Menu` → `Setup/System` → `Camera Model` or `Device Type`. If your manual is handy, searching for `""P""` or `""Model Setting""` will usually pinpoint the exact path.

Once you provide the product details or order number, I’ll gladly look up the precise instructions for you or escalate this to our technical support team for step-by-step guidance. Thanks, and I’m here to help!"
291,"Hello! To view your camera’s live feed or recorded footage on a TV for better clarity, you can use one of the following reliable methods:

• **HDMI Cable (Recommended)**: Connect your camera to the TV using the appropriate HDMI cable (e.g., mini/micro-HDMI to standard HDMI). Switch your TV to the corresponding HDMI input, and you’ll get real-time live view while shooting or instant playback afterward. This method provides the clearest picture quality.

• **Screen Mirroring / Wireless Casting**: If your camera supports Wi-Fi or has a companion mobile app, use the app’s “Miracast,” “AirPlay,” or “Chromecast” function to mirror the display to a compatible smart TV. Both devices must be on the same Wi-Fi network.

• **USB/SD Card Playback via TV**: After shooting, remove the memory card, read it via a card reader, transfer the video files to a USB flash drive, and plug it directly into your TV’s USB port to playback through the TV’s media player.

💡 *Tip*: Original camera adapters or high-speed HDMI cables ensure stable connections and avoid signal dropouts. 

Could you please share your exact camera model and TV brand/ports? I’d be glad to confirm compatible cables, app setup steps, or direct you to official accessories if needed."
292,"Hello! To delete a single photo on most digital cameras, please follow these general steps:

1. Turn on your camera and switch to **Playback mode** (usually marked with a ▶ or play icon).
2. Use the arrow buttons or navigation dial to scroll until the photo you want to remove is highlighted.
3. Press the **MENU**, **SET**, or **OK** button (or look for the 🗑️ Delete option on-screen or on the camera body), then select **Delete**.
4. Confirm the action when prompted. Please note that once confirmed, the photo cannot be recovered.

Since menu layouts and button locations vary slightly by brand and model, feel free to reply with your exact camera model, and I will gladly provide precise, step-by-step instructions tailored to your device. Let me know if you need any further assistance!"
293,"Hello! Thank you for reaching out to us. To quickly erase all images from your camera, you can typically follow these steps:

1. Switch to **Playback mode** and open the camera's main menu.
2. Look for **“Format”** or **“Delete All”** (the exact name varies slightly by brand/model).
3. Select it, choose to apply it to all files/memory card, and confirm when prompted. 
⚠️ Please note: Formatting will permanently erase everything on the memory card, so make sure any important photos or videos are safely backed up first.

If you'd like to share your specific camera model, I’ll gladly provide the exact button paths for your device. Additionally, if you're not satisfied with the product and would prefer to look into a return or exchange, we’re happy to guide you through our policy right away. 

Feel free to reply with any details, and I’ll take care of it promptly!"
294,"Hello! Thank you for your question. Here’s how to use the Direct Print (CP) function on most compatible cameras:

1. **Prepare devices**: Power on both your camera and the CP-compatible printer, and ensure they’re within close range. If prompted, enable Wi‑Fi Direct/Bluetooth on the camera.
2. **Select photos**: Switch to playback mode, highlight the image(s) you want to print, then press the `Print` or `Direct Print` button (often marked with a printer icon or found in the Playback/Set menu).
3. **Pair & confirm**: Follow the camera prompts to connect to your printer. Choose your preferred settings (paper size, number of copies, borderless/layout), then confirm to start.
4. **Print**: The printer will receive the file and begin outputting your photos automatically. Once complete, safely power off both devices if you're done.

⚠️ *Note*: Exact menu names and steps vary slightly by camera brand/model. If you don’t see the direct print option or run into connection errors, please reply with your exact camera and printer model numbers. We’ll quickly share precise instructions or escalate to technical support.

Is there anything else I can help you with today?"
295,"Hello! Thank you for reaching out. To provide precise instructions, could you please share the exact camera model and the fine-tuning software/system you're working with? I’m currently supporting through our general customer service channel and want to ensure you get the correct, model-specific guidance.

In the meantime, here are a few standard setup steps that typically apply to camera-based fine-tuning workflows:
• Ensure both your camera firmware and the fine-tuning software/drivers are updated to the latest versions.
• Secure all physical connections (power, USB/HDMI, network) and verify stable device communication.
• Align lighting, focus, and shooting distance according to the fine-tuning platform’s calibration guidelines.
• Disable auto-adjustments (e.g., auto-focus, auto-exposure) if the workflow requires consistent manual settings.

Once you provide the camera model and fine-tuning tool name, I’ll immediately locate the exact setup protocol or connect you with our technical support team for step-by-step assistance. Is there anything else I can help you with today?"
296,"""The components you should have include: <PIC> Multifunction Button, <PIC> Right Earbud & Left Earbud, <PIC> Status LED Indicators & Battery Level LED Indicators, <PIC> Battery Level Display Button."", [""Manual12_0"", ""Manual12_1"", ""Manual12_2"", ""Manual12_3""]"
297,"""To charge the charging case, insert the USB-C cable into the charging port located at the back of the charging case <PIC> <PIC>. Then insert the standard USB cable into any suitable USB port <PIC>. The Battery Level LED Indicators will light up according to the battery capacity <PIC>."", [""Manual12_4"", ""earphones_04"", ""earphones_05"", ""earphones_06""]"
298,"Hello! Thank you for your question. During Bluetooth pairing and connection, you may typically encounter the following scenarios:

- **Successful Connection:** You'll see a ""Connected"" status or hear a voice prompt, and audio/data will sync automatically between devices.
- **Pairing Failed / Timeout:** Often caused by Bluetooth being disabled, devices being too far apart (usually >10 meters), or strong wireless interference. Try turning Bluetooth off and on again, bringing devices closer, and ensuring both are in pairing mode.
- **""Already Paired"" or Auto-Connects to Another Device:** Your gadget may automatically link to the last used nearby device. Open your Bluetooth settings, tap the name of your intended device, or ""Forget/Unpair"" the old connection first.
- **Unstable Link / Frequent Drops:** Usually due to physical obstacles, overlapping Wi-Fi/Bluetooth signals, or low battery. Reduce distance, move away from routers/microwaves, and ensure both devices are sufficiently charged.
- **One-Sided Sound or Sync Issues:** Common with headphones/speakers. Try disconnecting both devices, resetting the Bluetooth list, and reconnecting only once.

If you share the exact device models and any error messages you're seeing, I’ll gladly provide step-by-step troubleshooting tailored to your setup. I can also send you a quick pairing guide or check warranty/return options if needed. Just let me know how I can assist!"
299,"""The two main controlling functions of earphones are activating the music app (to resume playback or play songs) <PIC> and turning ON/OFF ambient awareness and ANC modes <PIC>."", [""earphones_01"", ""earphones_02""]"
300,"""Besides the main controls, you can:\n- Activate phone Voice Assistant by pressing and holding until the first beep.\n- Activate music app by pressing and holding until the first beep <PIC>.\n- Turn ON/OFF ambient awareness and ANC Modes by pressing the left earbud <PIC>.\n- Turn ON/OFF Low Latency Mode by pressing and holding until the second beep <PIC>."", [""earphones_01"", ""earphones_02"", ""earphones_03""]"
301,"""Earbuds must be disconnected from Bluetooth and removed from the case in order to reset. To perform a factory reset, press and hold for 6 seconds. To perform a hardware reset (restarts earphones), press and hold for 10 seconds <PIC> <PIC>. Press again to power on."", [""Manual12_11"", ""Manual12_12""]"
302,"""Maintenance and care policies include: cleaning with a soft cloth or paper towel without using harsh chemicals; ensuring earphones are dry before charging; storing in a cool, dry place when not in use; handling cables carefully to avoid tugging, keeping them ventilated and away from flammable materials during charging; avoiding high temperatures or extreme cold; and recycling or disposing of properly according to local regulations."", []"
303,"""According to the table of contents, this eReader provides three observing views: Front view, Navigation button view, and Bottom view. The physical controls include Previous/Next Page buttons, a 4-way Navigation/Menu button, Zoom in/out and Rotate buttons, as well as a 3.5 mm Earphone Jack. The digital interface allows access to Page Jump, Bookmark management, Browser Mode, Flip Time, Brightness, and Set Color <PIC>."", [""eReader_08""]"
304,"""The Main Menu interface shows all features of this device as follows: \""Browser History\"", \""eBook\"", \""Music\"", \""Video\"", \""Photo\"", \""Record\"", \""Explorer\"", \""settings\"". Select the desired function, then enter <PIC>. The Browser History displays the files recently browsed; move the Navigation keys to select a book, press the “M” button to enter, and it will go to the last page you read on the selected book."", [""Manual13_3""]"
305,"""In eBook mode, pressing the \""M\"" button allows you to enter \""Page Jump\"", \""Save Mark\"", \""Load Mark\"", \""Del Mark\"", \""Browser Mode\"", \""Flip Time\"", \""Brightness\"", \""Set color\"". <PIC>"", [""eReader_08""]"
306,"""To listen to music, first connect the device to your computer via the USB cable and copy your audio files to it. Next, open the audio files list in the main menu, select the desired file, and press the \""M\"" key to enter play mode <PIC>. You can adjust the volume using the navigation keys as shown <PIC> and change playback modes according to your preference <PIC>."", [""Manual13_6"", ""Manual13_7"", ""Manual13_8""]"
307,"""Yes, the E Reader supports voice recording (ACC format).\nTo operate this feature:\n1. Select \""Record\"" from the main menu and press the \""M\"" button to enter the mode.\n2. Press the \""Play/Pause\"" button to start the recording <PIC>.\n3. Press the \""HOME\"" button to stop the recording.\n4. You will be prompted to save the file; select \""YES\"" by pressing the \""M\"" key <PIC>."", [""Manual13_11"", ""Manual13_12""]"
308,"""To play video using this eReader, go to the main menu shown in <PIC> and select \""Video\"", then press the \""M\"" key to enter the Video mode."", [""Manual13_3""]"
309,"""Yes, this eReader can function as a photo viewer as it supports JPEG and BMP image formats.\n\nTo operate this feature:\n1. Go to the Photo menu and press the \""M\"" button to enter Photo mode.\n2. Use the left/right navigation keys to view the previous or next photo.\n3. Press the \""Play/Pause\"" key to rotate the photo.\n4. Use the specific keys to zoom in or out of the photo."", []"
310,"""Based on the manual, common issues and solutions include: 1. Cannot Power On: Charge until the indicator bar is full. If unresolved, contact the manufacturer as the device may be defective. 2. Cannot Charge: Check for a defective AC adapter or USB cable; contact the manufacturer for replacement. 3. No Sound/Distortion with Earphones: Ensure volume is not at 0, try different earphones, or use higher-quality music files. 4. Cannot Download Files: Check the USB cable, clear memory if full, or install a USB 2.0 driver for Windows 98."", []"
311,"""When finishing the procedure, unplug the telephone line cord first, followed by the power cord from the AC power outlet, and disconnect any telephone/RJ-11 or Ethernet/RJ-45 cables. For initial setup, place the product near a telephone wall jack and a standard AC power outlet."", []"
312,"""To ensure your safety, please follow these guidelines:\n• Read and comply with the Product Safety Guide and all product warnings.\n• Handle the AC power cord carefully: do not pull on the middle, and keep it unpinched and unconstricted. Connect directly to an easily accessible AC outlet. Do not use extension cords or unauthorized cables; only use the provided power cord.\n• Be aware that high-voltage electrodes exist inside the product.\n• (For fax models) Use only a No. 26 AWG or larger telecommunication line cord, and disconnect during electrical storms.\n• Do not obstruct the front of the product to avoid blocking printed pages or received faxes.\nContact customer service or a dealer if you have additional safety concerns."", []"
313,"""When changing the tray size from the large paper size to the original size, be careful not to pinch your fingers in the gaps or slots in the bottom of the tray. Also, be careful not to put your fingers in the areas shown in the illustrations <PIC> <PIC> <PIC>."", [""Manual15_7"", ""Manual15_8"", ""Manual15_9""]"
314,"""{\""answer\"":\""When moving the product, choose a safe location with temperatures between $50^{\\circ}\\mathsf{F}$ and $95^{\\circ}\\mathsf{F}$ ($10^{\\circ}\\mathrm{C}$ and $35^{\\circ}\\mathrm{C}$), and humidity between $20\\%$ and $80\\%$. Avoid direct sunlight, heat sources, moisture, and interference from devices like speakers. Ensure the power cord is not pinched and the unit is near an accessible AC outlet. Refer to <PIC> for prohibited placement areas.\"",\""image_names\"":[\""Manual15_1\""]}"", [""Manual15_1""]"
315,"""Yes, caution or warning labels are important for your safety. DO NOT remove or damage any of the caution or warning labels inside the product <PIC>."", [""Manual15_14""]"
316,"""Yes, there is a specific statement for Canada. The manual includes a section titled \""For Use in the USA or Canada Only\"". It states that these machines are approved for use in the country of purchase only, and local Brother companies or their dealers will support only machines purchased in their own countries."", []"
317,"""Connecting the regulator to the LP tank involves the following steps:\n1. Ensure the LP tank is secured to the grill, turn all control knobs to the OFF position, and close the LP tank by turning the OPD hand wheel clockwise to a full stop.<PIC><PIC>\n2. Remove the protective cap from the LP tank valve (never use a POL transport plug).\n3. Hold the regulator straight and align the nipple to center it into the LP tank valve to prevent cross-threading (<PIC>).\n4. Turn the coupling nut clockwise and tighten to a full stop."", [""Manual19_16"", ""Manual19_17"", ""Manual19_18""]"
318,"""To perform a leak test on valves, hose, and regulator:\n1. Turn all grill control knobs to OFF.\n2. Be sure the regulator is tightly connected to the LP tank.\n3. Completely open the LP tank valve by turning the OPD hand wheel counterclockwise.\n4. If you hear a rushing sound, turn the gas off immediately due to a potential major leak at the connection. Contact Sears for replacement parts.\nAlternatively, use a clean paintbrush with a 50/50 mild soap and water solution on the connection areas."", []"
319,"""Always cook with the lid closed. Cooking times may vary due to weather conditions; in cold and windy conditions, you may need to increase the temperature setting to ensure sufficient cooking temperatures. You can use burner setups like <PIC> or <PIC>, where <PIC> is great for indirect cooking on low, ideal for slow roasting and baking."", [""Manual19_36"", ""Manual19_37""]"
320,"""Based on the provided manual excerpts, the specific text for the first three assembly steps is not available. The excerpts primarily contain safety warnings, usage and care instructions, and a parts list <PIC>. The only assembly step explicitly described is Step 4, which requires two people to lift and position the grill head onto the cart, aligning the slots at the bottom of the grill head with the posts on the cart side panels, and ensuring the regulator hose hangs inside the cart <PIC>."", [""Manual19_51"", ""Manual19_52""]"
321,"""Before using or assembling the grill, read all Safety, Assembly, and Use and Care Instructions in this guide to prevent fire, explosion, injury, or death. <PIC><PIC><PIC> Important warnings include: Never connect this grill to an LP gas system from a camper or motor home, and do not use until leak-tested. \n\nAdditional safety tips: \n- Keep children away from the grill; do not let them operate it. \n- Maintain a clean area around the grill, free of flammable materials. \n- Do not block ventilation holes on the bottom or back of the grill. \n- Regularly check burner flames. \n- Use only in well-ventilated areas; NEVER use in enclosed spaces like garages, porches, or covered patios. \n- Never use charcoal or ceramic briquettes in a gas grill. \n- If storing the grill indoors, ensure the LP tank is turned off, disconnected, and removed."", [""Manual19_0"", ""Manual19_21"", ""Manual19_22""]"
322,"""Your jetski identification numbers are located as follows:\n\n1. **Primary Identification (PRI-ID) number**: Stamped on a label attached inside the engine compartment. <PIC> <PIC>\n\n2. **Hull Identification Number (HIN)**: Stamped on a plate attached to the hull on the aft, starboard (right) side. <PIC> <PIC>"", [""Manual20_0"", ""jetski_01"", ""Manual20_1"", ""jetski_02""]"
323,"""According to the \""Cruising limitations\"" section of the manual:<br><PIC> Scan constantly for people, objects, and other watercraft. Be alert for conditions that limit your visibility or block your vision of others."", [""Manual20_16""]"
324,"""Cruising limitations require you to scan constantly for people, objects, and other watercraft. You must also be alert for conditions that limit your visibility or block your vision of others.<PIC>"", [""Manual20_16""]"
325,"""Before operating the watercraft, you must read the Owner's/Operator's Manual, Riding Practice Guide, and all warning and caution labels. The recommended minimum operator age is 16, with adults required to supervise minors. You must follow local age and training regulations, as a boating safety course may be mandatory. Operation must adhere to the rules of the waterway and require proper riding techniques, common sense, and sound judgment."", []"
326,"""Your jetski is water-jet propelled. <PIC> The jet pump is directly connected to the engine, meaning there is no “neutral” position and jet thrust will produce some movement whenever the engine is running. Additionally, jet thrust turns the watercraft, and releasing the throttle completely produces only minimum thrust."", [""Manual20_24""]"
327,"""When encountering other vessels, you must obey the “Rules of the Road” <PIC> and follow the rules and regulations governing your waterway. Always maintain a safe distance from other boats, watch for ski ropes or fishing lines, check behind you before turning, and operate defensively at safe speeds <PIC>. Do not follow directly behind other watercraft, spray them with water, or make sharp turns. If another vessel is passing you, maintain your speed and direction. In narrow channels or bends, keep to the right when safe and practical."", [""Manual20_25"", ""Manual20_87""]"
328,"""To remove the seat: Pull the seat latch up, and then pull the seat off. To install the seat: Insert the projection on the front of the seat into the stay on the deck, and then push the rear of the seat down to lock it in place securely."", []"
329,"""To open the hood, push the latch down and lift the hood up. To close the hood, push it down to lock it in place. Ensure it is properly secured before operating the watercraft."", []"
330,"""要移除燃油箱填充盖，请逆时针旋转它 <PIC>。要移除机油箱填充盖，请逆时针旋转它 <PIC>。"", [""Manual20_40"", ""Manual20_41""]"
331,"""For the Engine stop/shut-off switch: push to stop the engine normally or remove the safety clip to disable it from starting. For the Start switch: push to start the engine (ensure the safety clip is inserted into the shut-off switch first)."", []"
332,"""摩托艇的操控主要涉及 **Handlebars**（车把）和 **Throttle**（油门）。首先，通过将 **Handlebars** 向期望行驶的方向转动来实现转向 <PIC>。其次，**Throttle** 用于控制发动机转速和推力；转向控制取决于车把位置和油门量的组合，例如增加油门会产生更大推力使转弯更急，减少油门则使转弯更平缓 <PIC>。"", [""Manual20_74"", ""Manual20_73""]"
333,"""The Quick Shift Trim System (QSTS) selector is used to adjust the trim angle of the watercraft by vertically changing the jet thrust nozzle angle. It is located at the left handlebar grip <PIC>. There are 5 positions: 2 bow down positions, neutral “N”, and 2 bow up positions. The neutral “N” position provides good performance for most operating conditions. To change the trim angle: 1. Reduce engine speed to 3,000 r/min or less. 2. Squeeze the shift lock lever and turn the QSTS selector to the desired position. 3. Release the lever to lock the selector <PIC>. Do not turn the selector while operating at full throttle to prevent damage. For enhanced performance, select bow down or bow up <PIC>."", [""Manual20_50"", ""Manual20_51"", ""Manual20_52""]"
334,"""The fuel meter provides convenient fuel level checking while riding, using eight segments to display the amount of fuel remaining in the tank <PIC>. The hour meter helps you follow the maintenance schedule by displaying the total hours of engine operation since the watercraft was new <PIC>."", [""Manual20_58"", ""Manual20_59""]"
344,"""For the fuel filter, check for water. Do not try to replace it yourself as improper installation can leak gasoline <PIC>. Have a Yamaha dealer replace it after the initial 10 hours or first month, and every 200 hours or 24 months thereafter. For the fuel tank, check for leakage or water <PIC>. If water is found or the tank needs cleaning, have a Yamaha dealer service the watercraft."", [""Manual20_81"", ""Manual20_82""]"
345,"""To adjust the Adjustable Sponson:\n1. Remove the bolts on both sponsons.\n2. Remove both sponsons, and then install them in the desired position. Be sure to install both sponsons to the same level. <PIC>\n3. Tighten the bolts on both sponsons to the correct torque (18 N·m). <PIC>"", [""Manual20_83"", ""Manual20_84""]"
346,"""If you notice the intake or impeller is clogged, follow these steps:\n1. Beach the watercraft and always stop the engine first.\n2. Remove the clip from the engine shut-off switch as shown in <PIC>.\n3. Turn the watercraft onto its port (left) side <PIC>.\n4. Remove any weeds or debris from around the drive shaft, impeller, pump housing, and jet thrust nozzle.\n\nIf the debris is difficult to remove, please consult your Yamaha dealer."", [""Manual20_85"", ""Manual20_86""]"
347,"""To start your jetski, first locate the start switch on the dashboard controls <PIC>. In all situations, attach the engine shut-off cord to your left wrist, and install the clip to the engine shut-off switch <PIC>. Place both feet on the floor of the footwell, grip the handlebars firmly with both hands, look in all directions to ensure safety <PIC>, and then push the start switch to start the engine.\n\nDifferent Situations:\n1. Shallow Water: Ensure the water is at least 60 cm (2 ft) deep <PIC>, board from the side or rear, and follow the standard startup steps.\n2. Dock/Pier: Board from the side <PIC>, push the watercraft away from the dock, and start the engine.\n3. With a Passenger: Verify that the passenger has their feet on the floor and is holding on securely <PIC>. Start the engine, look in all directions, and accelerate to planing speed <PIC>."", [""Manual20_34"", ""Manual20_72"", ""Manual20_73"", ""Manual20_88"", ""Manual20_89"", ""Manual20_91"", ""Manual20_92""]"
348,"""1. Swim to the rear of the watercraft and place both hands on the boarding platform, pull yourself up, and then grasp the handgrip with one hand.\n2. Pull yourself up to a kneeling position on the platform, and then move to the seat and sit astride <PIC>.\n3. Attach the engine shut-off cord to your wrist <PIC>.\n4. Have the passenger move to the rear of the watercraft.\n5. Have the passenger get on board and sit on the seat <PIC>.\n6. When a passenger is getting on board, both the passenger and the operator should try to balance the watercraft.\n7. The operator should check to see that the passenger has his or her feet on the floor of the footwell and that he or she is securely holding on to the operator.\n8. Start the engine, look in all directions, and then accelerate to planing speed <PIC> <PIC>."", [""Manual20_71"", ""Manual20_88"", ""Manual20_90"", ""Manual20_91"", ""Manual20_92""]"
349,"""If it is difficult to balance the watercraft at a standstill, the passenger must steady the watercraft while the operator is boarding.<PIC> The operator pulls himself up onto the platform into a seating position, then balances the watercraft."", [""Manual20_90""]"
350,"""The maximum load is 160 kg (353 lb)."", []"
351,"Hello! The base station is the main unit of a cordless landline phone system. It plugs directly into your home's telephone wall jack and a power outlet, acting as the central hub for the entire set. Its primary functions include converting voice signals between the public telephone network and your devices, pairing with and charging the wireless handsets, and enabling features like caller ID, call waiting, speed dialing, call forwarding, and built-in answering machine functionality (if equipped).

If you've ordered this item and need guidance on installation, handset pairing, signal range tips, or warranty support, please reply with your order number or the exact product model, and I’ll walk you through the next steps right away. What specifically are you looking to set up or troubleshoot?"
352,"Hello! Thank you for reaching out. Connecting your landline base station is usually quick and straightforward. Here’s how to set it up:

1. Locate the phone line port (typically labeled **LINE** or **TEL**) on the back of the base station.
2. Plug one end of a standard telephone cable (RJ11) into this port.
3. Connect the other end to your wall telephone jack, or to the phone/DSL port on your internet modem if you're using VoIP.
4. Insert the included power adapter into the base station’s DC power port and plug it into a nearby electrical outlet.
5. Wait about 30–60 seconds. You should hear a dial tone or see the display light up. If you’re setting up cordless handsets, press the “Base/Pair” button as instructed in your quick-start guide.

If you don’t receive a dial tone or would like setup steps specific to your model, please reply with your exact product/model number and I’ll gladly provide tailored guidance. How else can I assist you today?"
353,"""The batteries are pre-installed in the handset. Before charging, pull the battery tape off from the battery door. <PIC>"", [""Manual22_23""]"
354,"Hello! Most traditional landline phones don’t use batteries for the base unit, as they’re powered directly by the telephone line. If you’re referring to a cordless handset or a built-in backup battery (for power outage protection), you can typically check the battery level on the handset screen via a battery icon or percentage indicator. 

To give you precise steps, could you please share your phone’s brand and model number? I’ll gladly walk you through the exact method or refer to the official quick guide for your device. Thank you!"
355,"Hello! I'm sorry to hear your landline phone is stuck in search mode. Here are a few quick steps to help get it connected again:

• **Check the cordless connection:** Make sure the cable linking the handset to the base station is fully inserted at both ends.  
• **Re-pair/re-register the handset:** Locate the “Link,” “Pair,” or registration button on the base unit. Press and hold it (usually 3–5 seconds) until you hear a beep or see the search light stabilize, then follow any on-screen prompts.  
• **Power cycle both units:** Unplug the power adapters from the base and handset, wait 30 seconds, then plug them back in. Allow up to 2 minutes for the system to reboot and re-sync.  
• **Reduce signal interference:** Temporarily move Wi-Fi routers, microwave ovens, or baby monitors away from the base, as they can sometimes disrupt the wireless signal.

If the handset still shows “Searching” after trying these steps, please reply with your exact phone model and brand. I’ll check the specific reset instructions for your device and, if needed, arrange a warranty repair or replacement right away. Thank you for your patience!"
356,"Hello! While LED patterns can vary slightly by brand, here’s what they typically indicate on most landline phones:
• **Solid green/blue**: Phone is idle and ready to use
• **Blinking red/amber**: You have a new voicemail or a second call waiting
• **Flashing yellow/off-hook**: Handset is lifted or currently in use
• **Steady red**: Line is busy or dial tone is unavailable

For exact definitions, please check the label on your device or the included quick-start guide. If you share the exact model name or serial number, I’ll gladly look up the official indicator chart for you right away. Is there anything else I can assist you with today?"
357,"Hello! The LED indicators on a landline base station typically reflect its connection and operational status. While exact patterns vary by manufacturer and model, here are the most common meanings:

- **Solid Green/Blue**: Normal operation; properly connected to the phone line and ready to call.
- **Flashing Green/Blue**: Syncing, searching for a signal, or in the process of pairing with a handset.
- **Red**: No dial tone, disconnected line, or fault/error state.
- **Amber/Yellow Low or Blinking**: Handset charging/pairing in progress, or low battery mode.

Since LED configurations differ across models, could you please share the **exact base station model number** (usually printed on a label at the bottom or back)? I’ll gladly look up the official indicator guide for your specific unit. 

In the meantime, if the LED is red or unresponsive, please verify that the telephone cord is firmly plugged into both the wall jack and the base’s `LINE` port, then power-cycle the device. Feel free to reply with your model number or any other details, and I’ll assist you right away!"
358,"""1. Remove the hairpin cotters and remove the 2 pins <PIC>. 2. Lower the roll bar to the down position."", [""Manual23_33""]"
359,"""For a lawn mower with a suspension system only, you can adjust the rear-shock assemblies to quickly and easily change the suspension system. Position the system where you are most comfortable; while there are detent positions for reference (<PIC>), you can position the assemblies anywhere in the slot. Ensure that the left and right rear-shock assemblies are always adjusted to the same positions. Refer to <PIC> for the adjustment procedure."", [""Manual23_37"", ""Manual23_38""]"
360,"""To adjust the height of cut for a lawn mower with an electric deck lift:\n1. Push up on the deck-lift switch <PIC>.\n2. Select a hole in the height-of-cut bracket corresponding to the desired height of cut, and insert the pin <PIC>."", [""Manual23_55"", ""Manual23_56""]"
361,"""Before loading, become familiar with all the controls <PIC>. Push the deck-lift pedal fully forward to lock the mower deck in the TRANSPORT position <PIC>. To load the machine onto a trailer or truck, use a single ramp that is wide enough for the machine (do not use dual ramps). Ensure the ramp has a slope of less than 15°, which requires the ramp length to be at least 4 times the height of the trailer or truck bed. Back the machine up the ramp when loading. Avoid sudden acceleration or deceleration while on the ramp."", [""Manual23_26"", ""Manual23_53""]"
362,"""Push the deck-lift pedal forward and push the transport lock forward to the UNLOCK position, then slowly lower the mower deck <PIC>."", [""Manual23_53""]"
363,"""To change the engine oil:\n1. Dispose of used oil at a recycling center.\n2. Shut off the engine and drain the oil as shown in Figure 49 <PIC> (Kawasaki engines) or Figure 60 <PIC> (Kohler engines).\n3. Change the oil filter if necessary (Figure 51 <PIC> or Figure 62 <PIC>). Ensure the oil-filter gasket touches the engine and turn the filter an extra 3/4 turn.\n4. Pour approximately 80% of the specified oil into the filler tube, then slowly add more to bring it to the Full mark as shown in Figure 50 <PIC> or Figure 61 <PIC>.\n5. Start the engine and drive to a flat area, then check the oil level again."", [""Manual23_75"", ""Manual23_76"", ""Manual23_77"", ""Manual23_86"", ""Manual23_87"", ""Manual23_88""]"
364,"""1. Park the machine on a level surface, disengage the blade-control switch (PTO), and engage the parking brake. 2. Shut off the engine, remove the key, and wait for all moving parts to stop. 3. Release the latches on the air cleaner and pull the air-cleaner cover off the air-cleaner body. <PIC> 4. Gently slide the primary filter out of the air-cleaner body. <PIC>"", [""Manual23_72"", ""Manual23_82""]"
365,"""To replace the mower belt, follow these steps:\n1. Park the machine on a level surface, disengage the blade-control switch (PTO), and engage the parking brake.\n2. Shut off the engine, remove the key, and wait for all moving parts to stop before leaving the operating position.\n3. Lower the mower to the 76 mm (3 inches) height of cut.\n5. Use a 3/8-inch ratchet in the square hole in the idler arm to remove tension on the idler spring <PIC> (Figure 74).\n6. Remove the belt from the mower-deck pulleys and the clutch pulley.\n7. Remove the belt guide on the spring-loaded idler arm (Figure 74).\n8. Remove the existing belt.\n9. Install the new belt around the mower pulleys and the clutch pulley under the engine (Figure 74) <PIC>.\n10. Install the belt guide on the idler arm (Figure 74)."", [""Manual23_100""]"
366,"""您可以通过“Control Set-Up”更改蜂鸣声、时钟、显示速度和除霜重量（磅/公斤）的默认值。具体选项请参考以下图表。<PIC>"", [""Manual24_9""]"
367,"""要设置灯光定时器，请按以下步骤操作：<PIC>。首先，触摸 'Light Timer' 键，然后使用数字键盘输入灯开启的时间（例如按[2][0][0]表示2:00 AM）。接着，再次触摸 'Light Timer' 键，并使用数字键盘输入灯关闭的时间（例如按[7][0][0]表示7:00 AM）。最后，触摸 'Start' 键确认设置。<PIC>。如果您想在操作中取消灯光定时器，可以触摸 'Light HI/LO/Off' 键或 'Stop/Clear' 键。"", [""Manual24_11"", ""Manual24_12""]"
368,"""To program a new recipe:<PIC>\n1. Touch the Favorite Recipe pad.\n2. Enter the cook time using the number keypad.\n3. Touch the Start pad.\nTo recall the set recipe, press the Favorite Recipe pad and then the Start pad.<PIC>"", [""Manual24_16"", ""Manual24_17""]"
369,"""Touch the Reheat pad to reheat casseroles, dinner plates, and soups or sauces. The oven's sensor will automatically determine the cooking time based on the amount of humidity released by the food."", []"
370,"""To use Auto Defrost, follow these steps:\n1. Touch the Auto Defrost pad.\n2. Select the food type: 1 for Meat, 2 for Poultry, or 3 for Fish. <PIC>\n3. Enter the net weight of the food.\n4. Touch the Start pad to begin. <PIC>\n\nNote: The food must not exceed 6.0 lbs (4.0 kg). Use Auto Defrost only for raw food. <PIC> <PIC> When the oven beeps during the cycle, open the door and follow the specific turning, separating, or rearranging instructions for your food item found in the charts."", [""Manual24_32"", ""Manual24_33"", ""Manual24_36"", ""Manual24_37""]"
371,"""按照以下步骤进行清洁：1. 卸下油脂过滤器：<PIC> 将过滤器向侧面滑动，向下拉并向另一侧推使其脱落。2. 清洗：<PIC> 可使用洗碗机清洗或在热水中加入温和洗涤剂浸泡，冲洗干净并甩干（注意：不要使用氨水；如果是铝制过滤器，请勿放入洗碗机以免变黑）。3. 重新安装：<PIC> 将过滤器滑入侧面槽口，然后向上并向烤箱中心推入以锁定。"", [""Manual24_47"", ""Manual24_48"", ""Manual24_49""]"
372,"""To replace the charcoal filter:\n1. Unplug the oven or turn off power at the main power supply.\n2. Remove the two vent grill mounting screws. (2 middle screws) <PIC>\n3. Tip the grill forward, then lift it out.\n4. Remove old filter. <PIC>\n5. Slide a new charcoal filter into place. The filter should rest at the angle shown. <PIC>\n6. Slide the bottom of the grill into place. Push the top until it snaps into place. Replace the mounting screws. Turn the power back on at the main power supply and set the clock."", [""Manual24_50"", ""Manual24_51"", ""Manual24_52""]"
373,"""1. Unplug oven or turn off power at the main power supply.\n2. Remove the vent cover mounting screws. (2 middle screws)\n3. Tip the cover forward, then lift out to remove. <PIC>\n4. Remove bulb holder <PIC>\n5. Lift up the bulb holder <PIC>\n6. Replace bulb with a 30 or 40 watt appliance bulb.\n7. Replace the bulb holder.\n8. Slide the bottom of the vent cover into place. Push the top until it snaps into place.\n9. Replace the mounting screws. Turn the power back on at the main power supply."", [""Manual24_54"", ""Manual24_55"", ""Manual24_56""]"
374,"""You can set the slots based on the number of graphics cards as shown in <PIC>: use the PCIe 3.0 x16_1 slot for a single card; use the PCIe 3.0 x16_1 and x16_2 slots for dual cards (both running at x8); and use all three slots for triple cards (slots 1 and 2 at x8, slot 3 at x4). Additionally, you can configure the PEG Port Link Speed or PCIe Speed in the BIOS with options [Auto], [Gen1], [Gen2], or [Gen3]."", [""Manual25_31""]"
375,"""To set the jumper for a higher CPU voltage during overclocking, insert it on pins 2-3. To return to the default CPU voltage setting, place it on pins 1-2. <PIC>"", [""Manual25_34""]"
376,"""Refer to <PIC> to identify the rear panel connectors. They include:\n1. PS/2 Mouse/Keyboard combo port.\n2. Display Port.\n3. VGA port."", [""Manual25_35""]"
377,"""You can set the onboard LEDs (Model name LEDs and SupremeFX LED) to turn off or change lighting modes using either the BIOS or the LED Control app in Ai Suite 3. In the BIOS, go to Advanced > Onboard Devices Configuration and select the Model Name LED Lighting or SupremeFX LED Lighting item to adjust the settings."", []"
378,"""You can update the BIOS using EZ Flash 3 or via FreeDOS environment.\n\n1. **Using EZ Flash 3:**\n- Enter BIOS Advanced Mode, go to the Tool menu, select EZ Flash 3 Utility, and press Enter.\n- Choose an update method <PIC>:\n  - **Via USB:** Insert the USB flash disk containing the latest BIOS file, select 'by USB', use the arrow keys to find the USB disk in the Drive field, switch to the Folder Info field, select the BIOS file, and press Enter.\n  - **Via Internet:** Select 'by Internet', choose an Internet connection method, and follow the on-screen instructions.\n- Reboot the system when the update is complete.\n\n2. **Using FreeDOS Environment:**\n- At the FreeDOS prompt, type 'bupdater /pc /g' and press Enter.\n- Press <Tab> to switch to the Drives panel and select the drive.\n- Press <Tab> to switch to the Files panel, select the BIOS file, and press Enter <PIC>.\n- Select 'Yes' to confirm and start the update."", [""Manual25_61"", ""Manual25_63""]"
379,"""To create a RAID configuration (0, 1, 5, and 10) via the onboard Intel chipset, connect your HDDs to the Intel SATA connectors <PIC>. Set the SATA Mode in BIOS to [RAID], then follow these steps:\n1. Press <F11> on your keyboard or click the icon from the BIOS screen to open the EZ Tuning Wizard screen.\n2. Click RAID then click Yes to enable RAID. Ensure your HDDs have no existing RAID volumes.\n3. The available HDDs will display; click Next to continue. <PIC>\n4. Select the storage type for your RAID (Easy Backup or Super Speed), then click Next.\n5. Select the specific RAID type (e.g., Super Speed (RAID0) or Super Speed (RAID5)), then click Next. <PIC>\n6. Click Yes to continue the RAID setup.\n7. After the setup is complete, click Yes to exit, then click OK to reset your system."", [""Manual25_48"", ""Manual25_72"", ""Manual25_75""]"
380,"""To install the operating system using SATA ODD & USB devices:\n1. Insert the OS 7 installation DVD into a USB ODD, or copy all files from the OS 7 installation DVD to a USB storage device (capacity >= 8 GB, formatting recommended).\n2. Connect the USB ODD or USB storage device to the 100 series platform.\n3. Insert the Support DVD into a SATA ODD on the platform.\n4. Power on the system and press F8 during POST (Power-On Self Test) to enter the boot screen.\n5. Load USB 3.0 drivers using the Support DVD.\n6. Install OS 7 using the USB device.\n7. Follow the on-screen instructions to complete the installation."", []"
381,"""Place nine screws into the holes indicated by circles to secure the motherboard to the chassis. Do not over tighten the screws!<PIC>"", [""Manual25_6""]"
382,"""在安装中央处理器 (CPU) 之前，请先断开所有电源电缆。请确保仅安装专为 LGA1151 插槽设计的 CPU（此主板支持第 6 代处理器）<PIC>，切勿安装适用于 LGA1150、LGA1155 或 LGA1156 插槽的 CPU。此外，安装过程中请务必仅使用 CPU 安装工具，并在操作时牢固握住工具两侧，以免损坏工具或组件。"", [""Manual25_9""]"
383,"""The motherboard features four DDR4 DIMM sockets. Ensure you use DDR4 modules as they are notched differently from DDR, DDR2, or DDR3.<PIC> The default memory operation frequency is dependent on its Serial Presence Detect (SPD), which is the standard way of accessing information from a memory module. You can view memory status in the BIOS.<PIC>"", [""Manual25_18"", ""Manual25_79""]"
384,"""该串行端口连接器 (10-1 pin COM) 用于串行 (COM) 端口。将串行端口模块电缆连接到此连接器，然后将模块安装到系统机箱背面的插槽开口处。请注意，COM模块需单独购买。<PIC>"", [""Manual25_39""]"
385,"""The TPM connector (14-1 pin TPM) supports a Trusted Platform Module (TPM) system, which securely stores keys, digital certificates, passwords, and data. A TPM system also helps enhance network security, protect digital identities, and ensure platform integrity. <PIC>"", [""Manual25_40""]"
386,"""The Thermal sensor connector (2-pin T_SENSOR) is for the thermistor cable that allows you to monitor the temperature of your motherboard’s critical components and connected devices. The thermistor cable is purchased separately. <PIC>"", [""Manual25_43""]"
387,"""Press the quick release button down until it clicks and locks into the Vent position <PIC>. When pressed down, a jet of steam ejects through the top of the steam release valve <PIC>."", [""multi-use_pressure_cooker_and_air_fryer_01"", ""multi-use_pressure_cooker_and_air_fryer_02""]"
388,"""To set the pressure cooking lid for the Multi-use pressure cooker and air fryer, follow these instructions:\n1. **Use the Correct Lid**: Strictly use only the authorized Multi-use pressure cooker and air fryer pressure cooking lid <PIC>. Do not use other lids to prevent injury or damage.\n2. **Install the Sealing Ring**: The sealing ring must be installed in the lid before using the cooker <PIC>.\n3. **Check Safety Components**: Ensure the steam release valve and anti-block shield are properly positioned, as they are integral to product safety and necessary for pressure cooking <PIC>.\n\nWhen the pressure cooking lid is closed, the sealing ring creates an airtight seal between the lid and the inner pot."", [""Manual30_0"", ""Manual30_15"", ""Manual30_19""]"
389,"""To set the float valve, drop the narrow end of the float valve into the float valve hole on the top of the lid. Place one finger on the flat top of the float valve, then turn the lid over. Firmly attach the silicone cap to the bottom of the float valve."", []"
390,"""The anti-block shield prevents food particles from coming up through the steam release pipe, assisting with pressure regulation. It is integral to product safety and necessary for pressure cooking. You must not operate the pressure cooker without the anti-block shield installed. To install it, place the anti-block shield over the prongs and press down until it snaps into position <PIC>."", [""Manual30_34""]"
391,"""You control the steam release valve using the quick release button. Flick the button to the \""Seal\"" position to maintain pressure, or press it to the \""Vent\"" position to release steam. Do not turn the button more than 45°. <PIC>"", [""Manual30_14""]"
392,"""Place the anti-block shield over the prongs and press down until it snaps into position <PIC>."", [""Manual30_34""]"
393,"""Drop the narrow end of the float valve into the float valve hole on the top of the lid <PIC>. Turn the lid over and firmly attach the silicone cap to the bottom of the float valve <PIC>. These parts must be installed before use to seal in steam and cannot be operated without proper installation."", [""Manual30_36"", ""Manual30_37""]"
394,"""Align the grooves on the condensation collector over the tabs on the back of the cooker base and slide the condensation collector into place."", []"
395,"""Place the sealing ring over the sealing ring rack and press it into place. Press down firmly to prevent puckering <PIC>. It is easiest to install when the sealing ring is wet and soapy."", [""Manual30_30""]"
396,"""To remove the silicone sealing ring, grip the edge of the silicone and pull the sealing ring out from behind the circular stainless-steel sealing ring rack. The sealing ring is easiest to remove and install when it is wet and soapy."", []"
397,"""The sealing ring creates an airtight seal between the lid and inner pot when closed. It must be installed prior to use, and only one ring should be used per lid at a time <PIC>. Always use only authorized sealing rings; do not use damaged or stretched ones. Check for cuts, deformation, and proper installation before cooking. Silicone is porous and can absorb strong aromas, so keep spare rings to prevent flavor transfer between dishes. Replace the ring every 12–18 months, or sooner if it becomes stretched, deformed, or damaged."", [""Manual30_16""]"
398,"""The steam release valve sits loosely on the steam release pipe and determines whether pressure is released via the quick release button <PIC>. It is integral to product safety; when the cooker releases pressure, steam ejects from the top of the valve, so keep exposed skin away and do not cover or block the valve in any way <PIC>. Before using, check for clogging. Remove the valve by pulling it up and off the pipe <PIC>. Install it by placing it on the pipe and pressing down firmly <PIC>. The quick release button should not be turned more than 45°; let it spring back to its original position."", [""Manual30_13"", ""Manual30_14"", ""Manual30_15"", ""Manual30_31""]"
399,"""The quick release button controls the steam release valve to determine whether pressure is released or maintained. Press the button down until it clicks and locks into the Vent position <PIC>. When pressed, a jet of steam ejects through the top of the steam release valve, which is normal; once fully released, the float valve drops into the lid <PIC>. It is designed to be easy to operate while keeping your hands safely away from the steam <PIC>"", [""Manual30_14"", ""multi-use_pressure_cooker_and_air_fryer_01"", ""multi-use_pressure_cooker_and_air_fryer_02""]"
400,"""Natural Release (NR or NPR) allows the cooker to depressurize naturally as the internal temperature drops, causing cooking to stop gradually. You should use NR after cooking high-starch foods (e.g., soups, stews, chilis, pasta, oatmeal, congee) or foods that expand when cooked (e.g., beans and grains). Leave the quick release button in the Seal position after cooking completes. The depressurization time varies based on the food volume, type, and temperature, potentially taking up to 40 minutes, so plan accordingly."", []"
401,"""The vacuum's anatomy includes key parts such as the iAdapt® Localization Camera, Handle, and Bin Release Button <PIC>. It also features a set of Buttons and Indicators, including CLEAN, DOCK, and SPOT buttons, along with indicators for Battery, Full Bin, Dirt Detect™, and Wi-Fi <PIC>. Additionally, the bottom side exposes functional components like Debris Extractors, Extractor Caps, Dust Bin, Side Brush, Charging Contacts, and Floor Tracking Sensor <PIC>."", [""Manual32_1"", ""Manual32_2"", ""Manual32_3""]"
402,"""According to the manual, you can set the device to one of two modes to fit your home's cleaning needs. Please refer to Figure 1 for specific setup details."", []"
403,"""Press bin release button to remove bin. <PIC> Open bin door to empty bin. <PIC>"", [""Manual32_8"", ""Manual32_9""]"
404,"""To clean the filter, follow these steps: 1. Remove filter by grasping the yellow tab. <PIC> 2. Shake off debris by tapping the filter against your trash container. <PIC> 3. Reinsert the filter with the yellow tab facing up."", [""Manual32_10"", ""Manual32_11""]"
405,"""The proper procedure for cleaning the full bin sensors involves the following steps:\n1. Remove and empty the bin. <PIC>\n2. Wipe the sensors with a clean, dry cloth. <PIC>\n3. Wipe the inner and outer sensor ports on the bin with a clean, dry cloth. <PIC>"", [""Manual32_12"", ""Manual32_13"", ""Manual32_14""]"
406,"""1. 捏住黄色提取器框架释放卡扣，抬起提取器框架并移除任何障碍物。<PIC>\n2. 取出提取器并取下黄色提取器盖。\n3. 移除盖子下方及金属轴周围积聚的头发或碎屑，然后重新安装提取器盖。<PIC>\n4. 清除提取器另一侧方形和六边形塑料销上的头发和碎屑。<PIC>\n5. 清理吸尘器路径。<PIC>\n6. 重新安装提取器。将提取器插销的颜色和形状与清洁头模块上的提取器图标颜色及形状相匹配。"", [""Manual32_19"", ""Manual32_20"", ""Manual32_21"", ""Manual32_22""]"
407,"""To clean the sensors and charging contacts, use a clean, dry cloth to wipe the sensor. Do not spray cleaning solution directly onto the sensors or sensor openings <PIC>. Then, wipe the charging contacts on the vacuum and the Home Base with a clean, dry cloth <PIC>."", [""Manual32_17"", ""Manual32_18""]"
408,"""Place the home base in an open, uncluttered area ensuring the following clearances: at least 1.5 feet on each side, at least 4 feet in front, at least 4 feet away from stairs, and at least 8 feet away from virtual wall barriers. Always keep the home base plugged in and ensure the area has consistent Wi-Fi coverage."", []"
409,"""1. Pull firmly on the front wheel to remove it. (See Figure 11) <PIC>\n2. Remove any debris from inside the wheel cavity.\n3. Spin the wheel by hand. If rotation is restricted, remove the wheel from its housing and push firmly to remove the axle and clear any debris or hair wrapped around it.\n4. Reinstall all parts when finished. Make sure the wheel clicks back into place."", [""Manual32_15""]"
410,"""To clean the side brush:\n1. Use a coin or small screwdriver to remove the screw. (See Figure 12) <PIC>\n2. Remove the brush, clean the brush and the brush post, and reinstall the brush."", [""Manual32_16""]"
411,"""The dual-mode virtual wall barrier keeps the vacuum in areas you want cleaned and out of those you don't. It operates in two modes: Halo Mode (switch down) creates an invisible ~24-inch circular protection zone to keep the vacuum away from objects or restricted areas. <PIC> Virtual Wall Mode (switch up) blocks doorways or openings up to 10 feet wide by generating an invisible cone-shaped barrier detectable only by the vacuum. <PIC><PIC>"", [""Manual32_4"", ""Manual32_5"", ""Manual32_6""]"
412,"""When the vacuum indicates a problem, it emits a two-tone distress sound followed by a spoken message, and the troubleshooting indicator blinks. Rebooting may resolve some errors: press and hold the CLEAN button for 10 seconds until all indicators illuminate, then release. After hearing a confirmation tone, open the app to verify that your cleaning schedule remains intact."", []"
413,"Hello! Thank you for your inquiry. While we don't have the exact product manual linked to your order at the moment, here are our standard T-rail mounting guidelines for cameras or gear:

1. **Power off & prepare**: Ensure your camera/equipment is turned off and all attached accessories (lens, mic, handle, etc.) are securely fastened before mounting.
2. **Align & slide**: Place the baseplate into the T-slot channel, sliding it firmly until it sits flush against the rail end-stop.
3. **Secure evenly**: Finger-tighten the locking screws/knobs first, then use a coin or the included wrench to tighten them gradually in an alternating pattern. Avoid over-tightening to prevent thread stripping.
4. **Test stability**: Gently press down and apply light side-to-side force to confirm there’s no slippage or wobble before carrying or filming.

For model-specific torque specs, weight limits, or the official installation guide, please reply with your **order number** or **product link**, and I’ll gladly provide the exact documentation or escalate this to our technical support team. 

Is there anything else I can help you with today?"
414,"Hello! To power on your camera, please follow these simple steps:

1. **Check the power source**: Insert a fully charged battery, or connect a compatible AC adapter/USB power cable to the camera’s designated port.
2. **Locate the power control**: Most cameras use a slide switch labeled `ON/OFF` or with a ⏻ icon. Some modern models use a dedicated power button.
3. **Turn it on**: Slide the switch to `ON`, or press & hold the power button for 1–2 seconds until the screen lights up or you hear a startup beep.
4. **Verify**: The status indicator light or display should confirm the camera is powered on. Ready to take photos/videos.

⚠️ *Note*: Exact steps and button locations can vary by model. If you share your camera’s brand and model number, I’ll gladly send you the precise operating guide or check our official documentation for you. 

Please let me know if you run into any issues during startup—I’m here to help!"
415,"Hello! To ensure safe and effective braking, please follow these general guidelines:

- **Brake Lever:** Squeeze gently and progressively with your fingers until you feel firm resistance. Avoid grabbing it abruptly to prevent wheel lock or skidding. Release smoothly as you come to a stop.
- **Brake Button:** Typically used alongside the lever (common on e-bikes/scooters), press it briefly to engage electronic assistance or park lock. It’s designed for intermittent use—pulse it rather than holding it down continuously while riding.

For model-specific instructions, could you please share your product’s model number? I’ll gladly pull up the exact operating steps or guide you through the official manual. If you’re experiencing any braking hesitation, noise, or control issues, just let me know—we’re ready to troubleshoot or arrange support right away!"
416,"""Before operating, read the Owner's Manual and all labels to become familiar with the controls <PIC>. Ensure the engine is sufficiently warmed up and perform the recommended pre-operation checks. Always wear an approved helmet, eye protection, and appropriate gear like a suit, boots, and gloves <PIC>. Additionally, check that the drive select lever is correctly positioned before moving."", [""snowmobile_01"", ""Manual34_11""]"
417,"""1. Set the parking brake.\n2. Turn the main switch to the \""ON\"" position.\n3. Pull the recoil starter slowly until it is engaged, then pull it briskly <PIC>.\n4. After the engine starts, put the starter lever (choke) in the \""Half-open\"" position.\n5. Warm up the engine until it runs smoothly."", [""Manual34_116""]"
418,"""The V-BeltHolder is designed to keep a spare V-belt for emergency use by putting it into the holder provided.<PIC><PIC>"", [""Manual34_49"", ""Manual34_50""]"
419,"""First, ensure the engine idle speed is properly adjusted. Then proceed with the following steps:\n\n1. Loosen the adjuster lock nut.\n2. Turn the adjuster in or out until proper throttle lever free play is achieved. <PIC>\n3. Tighten the locknut."", [""Manual34_148""]"
420,"""Always keep both hands on the handlebars. Avoid incorrect body movements and excessive speed when turning. If the snowmobile begins to tip while turning, lean into the turn and steer to the outside of the turn. If tipping on a slope, steer downhill to regain balance. If side-slipping, steer in the direction of the slide (if no obstacles). Once balanced, gradually steer in the direction you wish to travel."", []"
421,"""Improper riding procedures such as abrupt throttle changes, excessive braking, incorrect body movements, or too much speed for the sharpness of the turn may cause the snowmobile to tip. If your snowmobile begins to tip while turning, lean more into the turn to regain balance. If necessary, gradually let off on the throttle and/or steer to the outside of the turn. <PIC>"", [""Manual34_127""]"
422,"""Proper techniques for riding uphill require you to practice first on gentle slopes and try more difficult climbs only after developing your skills. As you approach a hill, accelerate before you start the climb, and then reduce the throttle opening to prevent track slippage <PIC>. Also, side hills and steep slopes are not recommended for beginner or novice riders."", [""Manual34_127""]"
423,"""When riding downhill, keep speed to a minimum. Apply just enough throttle to keep the clutch engaged while descending to use engine compression to slow the machine. Apply the brake frequently with light pressure <PIC>. WARNING: Excessive braking causes the track to lock and results in loss of control. If the snowmobile starts to tip, steer down the hill to regain balance <PIC>. If you cannot maintain balance and the vehicle is about to tip, dismount on the uphill side immediately."", [""Manual34_128"", ""Manual34_129""]"
424,"""To cross a slope correctly, properly position your weight to maintain balance by leaning your body toward the uphill side. A recommended technique is to kneel with your downhill knee on the seat and your uphill foot on the running board. If the snowmobile slips sideways, steer into the slide if the path is clear, then gradually steer back to your intended direction once balanced. If it starts to tip, steer down the hill to regain balance. If you cannot maintain balance and tipping is imminent, dismount immediately on the uphill side <PIC>"", [""Manual34_129""]"
425,"""The spark plug is an important engine component and is easy to inspect. You should periodically remove and inspect the spark plug because heat and deposits will cause it to slowly break down and erode. Check the coloration on the white porcelain insulator around the center electrode. The ideal coloration is a medium to a light tan for a machine being ridden normally. A very white color could indicate a problem. Before installing, measure the electrode gap with a wire thickness gauge and adjust to specification. <PIC>"", [""Manual34_138""]"
426,"""根据手册，您应在到达目的地时清洁机器，以去除任何腐蚀性盐分。"", []"
427,"Hello! Thank you for your question. While your query relates to technical programming and memory techniques, I’m specifically here to assist with e-commerce-related matters such as order tracking, shipping updates, returns, refunds, invoicing, or complaint resolution.

If you're looking for general strategies to memorize communication channels in a manual or non-automated setup, many professionals find that combining spaced repetition (flashcards or digital note apps), mapping channels visually with flowcharts, and practicing consistent short daily reviews yields the best results.

For any questions about your recent purchase, delivery status, or account, please share your order number, and I’ll be happy to assist you right away!"
428,"""Common causes and conditions leading to poor reception include: poor reception conditions; ignition interference from automobile ignition systems, neon lamps, electrical drills, and other electrical appliances; ghosts, caused when the TV signal splits into two paths (direct path and reflections off tall buildings, hills, or other objects). <PIC> snow (small dots) occurring in weak or fringe TV signal areas, which can be improved by changing the direction or position of the antenna <PIC> or installing a special antenna <PIC>; playing an old, bad, or illegally recorded tape; strong, random signals from a car or airplane interfering with the TV signal; weak signal from the antenna; and severely weathered antennas and cables reducing signal quality."", [""television0_01"", ""television0_02"", ""television0_03""]"
429,"""To enable and customize captions and on-screen text, use either method below:\nUsing the CAPTION button:\n1. Press the CAPTION button.\n2. Press the CAPTION button repeatedly to select OFF, Mode1, Mode2, Text1 or Text2 <PIC>.\n3. Press the ENTER(○) button to exit.\nUsing the MENU button:\n1. Press the MENU button and then use the ◄/► button to select the Special menu.\n2. Press the ► and then ▼/▲ button to select Caption.\n3. Press the ► button and then use ▼/▲ button to select Off, Mode1, Mode2, Text1 or Text 2.\n4. Repeatedly press the MENU button to exit <PIC>.\nNote: This TV is programmed to remember which mode it was last set to, even if you turn the TV off <PIC>."", [""Manual35_35"", ""Manual35_37"", ""Manual35_38""]"
430,"Hello! Properly setting up an outdoor antenna can significantly boost your signal quality. Here’s a quick, step-by-step guide to help you achieve the best reception:

1. **Choose the Right Location:** Mount the antenna as high as possible with a clear line of sight to the signal source. Keep it away from large metal structures, thick concrete walls, or active electronics that may cause interference.
2. **Secure the Mount:** Use the included brackets or a sturdy pole/roof mount to fix the antenna firmly. Ensure it’s tightly anchored to safely withstand wind and rain.
3. **Connect the Coaxial Cable:** Hand-tighten the cable connector onto the antenna port first, then attach the other end to your receiver or router. Avoid using tools to over-tighten, which can strip threads or damage internal contacts.
4. **Align for Maximum Signal:** Point the antenna toward the nearest broadcast tower or cellular site. Use a signal-strength app on your phone or the built-in meter on your device to fine-tune the direction until you hit peak readings.
5. **Weatherproof & Test:** Cover exposed connectors with waterproof boots or electrical tape, secure loose cables with UV-resistant clips, and power on your device to verify performance. Make minor directional tweaks if needed.

If you share your exact antenna model or what device you're connecting it to, I’d be happy to provide more tailored guidance! Feel free to reply here if you encounter any issues during setup. 😊📶"
431,"""To connect a DVD player to the television for optimal performance using component inputs:\n1. Connect the component video cables (Y, PB, PR) from the DVD player to the TV's DVD INPUT (Component) jacks <PIC>.\n2. If the labels differ, ensure Cb matches PB and Cr matches PR <PIC>.\n3. Connect the audio cables (L/R) to the corresponding audio IN ports.\n4. Turn on the TV and press the TV/VIDEO button to select COMPONENT."", [""Manual35_43"", ""Manual35_44""]"
432,"Hello! When troubleshooting technical issues or malfunctions with your purchased item, we recommend checking the following key factors first:

1. **Power & Connections:** Ensure the device is securely plugged in, adequately charged (if battery-operated), and all cables, adapters, or peripherals are firmly connected.
2. **Restart/Reset:** Perform a full power cycle or a soft reset. Many temporary software glitches or frozen states can be resolved this way.
3. **Setup & Compatibility:** Verify that you’ve followed the initial setup steps correctly and that your host device/software meets the manufacturer’s compatibility requirements.
4. **Updates & Documentation:** Check for available firmware or app updates, and consult the quick-start guide or official FAQ for model-specific troubleshooting tips.
5. **Error Indicators:** Note any screen error codes, blinking LED patterns, or unusual sounds—they’re usually the fastest way to identify the root cause.

If the issue remains after trying these steps, please reply with your **order number**, **product model**, and a brief description of the problem (photos or short videos are greatly appreciated). Our after-sales team will immediately verify your warranty status and arrange a free inspection, repair, replacement, or return as appropriate. Thank you for your patience!"
433,"Hello! Thank you for your question. To ensure I provide the most accurate safety guidelines, could you please share the exact product name or briefly describe the process you're referring to? Once confirmed, I’ll send you the detailed, product-specific safety precautions right away.

In the meantime, for most consumer goods, we generally recommend:
• Always read and follow the instructions provided in the user manual or packaging  
• Use the product only for its intended purpose and on a stable, level surface  
• Keep it away from excessive moisture, heat sources, or incompatible accessories  
• Stop use immediately if you notice unusual noise, overheating, smoke, or damage  

Please reply with the product name or order number, and I’ll promptly share the official safety checklist, instructional videos (if available), and attach the full manual for your reference. Happy to help!"
434,"""要手动调整强度设置，请按手柄上的强度指示灯以循环浏览选项。<PIC> 您可在刷牙前、期间或之后更改强度设置。<PIC> 此外，您还可以从App中自定义强度设置。"", [""toothbrush0_06"", ""toothbrush0_07""]"
435,"""Connect your toothbrush to the app account. You can activate or deactivate the following features through the app: Adaptive Intensity, Pressure Sensor Feedback, Scrubbing Feedback, and Brush head replacement reminder. Note: Adaptive Intensity will be deactivated when the pressure sensor is turned off. <PIC>"", [""Manual37_1""]"
436,"""To charge the toothbrush in the travel case, follow these steps:\n1. Plug the USB cord into the travel case and the USB wall adapter <PIC>.\n2. Plug the wall adapter into an electrical outlet.\n3. Place the toothbrush into the travel case <PIC>.\n4. Ensure the travel case is placed on its side for better stability <PIC>.\nTo ensure it charges properly, confirm that the toothbrush beeps twice and the lights illuminate in an upward motion. The battery indicator will blink in white while charging <PIC>. Leave the case plugged in until the battery light turns off."", [""Manual37_18"", ""Manual37_19"", ""Manual37_20"", ""Manual37_21""]"
