"id","ret"
"1","您好，店内大部分商品支持 **7天无理由退换货**，需在签收后7天内申请，并保证商品不影响二次销售（包装、吊牌/配件、赠品等齐全）。

运费规则一般如下：  
- **个人原因退换**（不喜欢、拍错、尺码不合适等）：寄回运费通常由买家承担。  
- **商品质量问题、错发/漏发等商家原因**：运费由我们承担。  
- 如商品页面标注“不支持7天无理由”（如定制类、拆封后影响二次销售等），则按页面规则执行。

您可以在订单里点击【申请售后】提交，我们会尽快为您处理。"
"2","您好，可以的。一般售后维修服务范围包括：

1. **保修期内非人为故障**：如产品本身质量问题、正常使用下出现功能异常等，可按售后政策检测维修。  
2. **保修期外故障**：可提供检测及付费维修服务。  
3. **配件/部件问题**：如可更换部件损坏，检测后可更换维修。  

如果是**人为损坏**（如摔坏、进水、私自拆修、使用不当导致损坏等），通常不属于免费保修范围，但**可以申请付费维修**。费用一般会根据检测结果核算，包含可能的**配件费、维修人工费**，以及如需寄回的**物流费用**等。具体金额需售后检测后给出报价，您确认后再维修。

您可以提供一下**订单号、产品型号、故障描述和照片/视频**，我们帮您先初步判断并登记售后。"
"3","您好，可以开发票的。  

**发票类型**一般支持：  
1. **电子普通发票**（常用，个人/企业均可）  
2. **增值税专用发票**（如需专票，请提供公司抬头、税号、注册地址电话、开户行及账号等信息，具体以店铺/平台支持为准）

**开票时间**：通常在订单完成/确认收货后申请开具，电子发票一般会在 **1–3个工作日** 内开出，并通过短信、邮箱或订单发票入口查看下载。  

您下单后可在订单页面申请发票；如果找不到入口，也可以把订单号和开票信息发给我们，我们帮您核实处理。"
"4","您好，建议您先这样处理：

1. **拍照/录像留证**：请拍下外包装破损处、快递面单、商品本体及配件情况。  
2. **检查商品是否受损**：如商品有破损、缺件或无法正常使用，请尽快联系店铺客服申请售后。  
3. **保留包装**：在售后处理完成前，请暂时保留外包装、内包装和全部配件，方便核实。

关于是否影响退换货：  
- **仅快递外包装破损，商品本身完好**，一般不影响正常退换货申请。  
- 如果**商品原包装/商品本体受损**，请提供照片，我们会根据情况为您处理退换货、补发或赔付。  

您可以把破损照片和订单号发给客服，我们会尽快帮您核实处理。"
"6","您好，我们的退款一般会按原支付方式退回。

- **退款政策**：符合售后条件的订单（如未影响二次销售、在可退换期限内等）可申请退款/退货退款；退货退款通常需在商品寄回并验收通过后处理。
- **到账时间**：退款审核通过并发起后，通常 **1–7个工作日**到账，具体以支付平台/银行处理时间为准。
- **信用卡退款**：会**原路退回至原信用卡账户**，一般会在信用卡账单中体现，可能不是实时入账；若遇到账单日，可能显示在下期账单或作为冲正/退款记录。

您可以在订单详情页查看退款进度；如果超过预计时间仍未到账，建议提供订单号，我们帮您进一步核查。"
"7","非常抱歉给您带来不好的购物体验，我们会认真处理您的投诉。

请您先提供以下信息，方便我们核实并尽快解决：  
1. 订单号  
2. 收到商品的实拍照片/视频（尽量在自然光下拍摄）  
3. 商品页面展示图或您认为差异较大的位置截图  

核实后，如果确实存在明显色差或与页面描述不符，我们会为您优先安排退货退款、换货或补偿方案，并将问题反馈给商品/页面审核部门处理。

您可以直接把订单号和照片发给我，我马上帮您登记投诉并跟进。"
"8","非常抱歉给您带来不好的购物体验，我们重视您的投诉。为了尽快核实处理，请您提供以下信息：

1. 订单号/购买账号  
2. 商品名称或链接  
3. 您认为宣传不一致的功能点  
4. 宣传页面截图、实物使用情况照片/视频等凭证  

收到后我们会立即登记投诉并反馈给专员核查。若确认商品描述与实际不符，我们将按平台及售后规则为您办理退货退款、换货或其他合理处理方案，并尽快给您明确答复。您也可以直接在订单页面发起“投诉/售后申请”，我们会同步跟进。"
"9","非常抱歉让您久等了，也理解您已经等了一周还没补发的着急心情。

请您把以下信息发我，我马上帮您核实并催办：  
1. 订单号  
2. 少发的商品名称/数量  
3. 之前客服承诺补发的时间或聊天截图（如有）  

核实后我们会优先为您处理：  
- 如补发单已生成：立即查询物流并反馈单号；  
- 如还未发出：帮您加急补发；  
- 如暂时无法补发：可为您申请退款或其他解决方案。  

我会尽快给您明确处理结果。"
"10","非常抱歉给您带来这么差的售后体验，也理解您等了半个月还没修好会很着急。

麻烦您提供一下**订单号/售后单号、商品名称、送修时间和联系方式**，我这边会立即帮您核实维修进度，并反馈给售后维修点**加急处理**。  
如果确实存在超时或进度异常，我们会协助您跟进解决方案，例如：**加急维修、确认预计完成时间、申请换新/退款等可行处理**（以售后检测结果和平台规则为准）。

您把信息发我后，我马上帮您查。"
"11","非常抱歉给您带来不好的体验。请您先不要拆封/使用该商品，并将以下信息发给我们核实：

1. 订单号  
2. 商品外包装保质期/生产日期/批号照片  
3. 收到商品的快递面单照片（如还在）

我们会尽快为您核查。如果确认收到的是临近效期且不符合发货标准，我们会为您安排退换货或退款处理，并承担相应运费。您把照片发来后，我马上帮您跟进。"
"12","非常抱歉给您带来这么差的收货体验，快递员辱骂客户是不能接受的。我们会协助您尽快投诉并跟进处理。

请您提供以下信息，方便我们核实并反馈快递公司：  
1. 订单号/运单号  
2. 收货人姓名和手机号后四位  
3. 送货时间、快递公司名称  
4. 事情经过（如有录音、短信/聊天截图也可提供）

收到后我们会为您登记投诉，要求快递公司核查处理，并反馈处理结果。如您仍未收到包裹，也可以同时告知我们当前包裹状态，我们会协助催派或改派。"
"13","非常抱歉给您带来不好的体验，也理解您现在的着急和不满。请您先不要担心，我们会尽快为您处理。

麻烦您提供以下信息，方便我们核实并加急售后：  
1. 订单号/下单手机号  
2. 商品损坏部位照片或视频  
3. 使用一次后出现的具体问题描述  
4. 之前联系过客服的时间或沟通截图（如有）

收到后我们会优先核查，如确认属于质量问题，将按售后规则为您办理退换货、维修或退款处理。对于您反馈“联系客服没人管”的情况，我们也会同步记录并反馈给相关人员改进服务。"
"14","非常抱歉给您带来这么差的收货体验，这种情况我们会按异常售后/投诉优先处理。

请您先不要继续使用商品，并保留外包装、快递面单和商品现状。麻烦您提供以下信息，方便我们马上核实并处理：

1. 订单号  
2. 商品外包装/封口被拆开的照片  
3. 商品污渍位置的清晰照片或视频  
4. 快递面单照片  
5. 您希望的处理方式：退货退款 / 换新 / 投诉追责

收到信息后，我们会为您登记投诉并提交仓库/物流核查。如确认商品存在拆封、污渍或二次销售问题，将为您优先办理退换或退款处理，并跟进责任部门整改。给您造成的不便，我们再次深表歉意。"
"15","非常抱歉给您带来这样的购物体验，我们非常重视“疑似假货”问题，会优先为您核查处理。

请您先不要丢弃商品、外包装、吊牌/防伪码等材料，并提供以下信息给我们：  
1. 订单号/下单手机号  
2. 商品实物照片、包装照片、防伪验证结果截图或鉴定证明  
3. 您认为与正品不符的具体位置说明

收到后我们会立即提交投诉工单并升级核查商品来源。若核实存在问题，我们会按平台规则为您办理退货退款/赔付等处理，并对相关商品和商家进行进一步处理。  
您也可以直接在订单页面发起“售后/投诉”，我们会同步跟进。"
"16","可以申请换货的。很抱歉给您带来不好的体验，建议您在订单售后有效期内提交“换货/售后”申请，并提供以下信息便于核实：

1. 商品划痕位置的清晰照片/视频  
2. 商品外包装、物流面单照片  
3. 订单号及问题说明  

我们核实为非人为原因后，会按售后规则为您安排换货。若您不方便换货，也可以说明情况，我们也会帮您看看是否有其他处理方案。"
"17","可以申请换货，但是否能通过要看商品情况和换货原因：

1. **如果是质量问题/错发漏发**：即使原包装盒丢了，一般也可以协助处理换货，建议您提交问题照片/视频便于核实。  
2. **如果是非质量原因换货**：原包装丢失可能会影响二次销售，商家需要审核；若商品、配件、吊牌、赠品等齐全且不影响使用，通常仍可尝试申请。

**包装费方面**：一般不会单独收取“包装费”。但请您退回时用其他纸箱/气泡袋做好保护，避免运输损坏。若因缺少原包装导致商品价值受影响，可能会以审核结果为准。

您可以在订单里提交换货申请，并备注“原包装盒已丢失”，同时上传商品现状照片，我们会尽快帮您确认是否支持换货。"
"18","您好，超过“7天无理由退换货”期限后，若是非商品质量问题，一般无法办理无理由退货。

如果商品存在质量问题、错发漏发、描述不符等情况，仍可申请售后处理。建议您准备以下信息后联系我们/提交售后申请：  
1. 订单号  
2. 商品问题照片或视频  
3. 外包装、配件是否齐全  
4. 收货时间及问题说明  

我们会根据商品实际情况和售后政策，为您核实是否可退货、换货或维修。"
"19","您好，可以的。  

1. **纸质版说明书**：部分商品包装内会随附纸质说明书；如未随箱提供，您可以联系客服提供**订单号/商品型号**，我们帮您确认是否可补寄或提供纸质版。  

2. **电子版说明书**：一般可在以下位置查看：  
   - 商品详情页的“说明书/资料下载”区域  
   - 订单页面或售后服务入口  
   - 品牌官网的“支持/下载中心”  
   - 也可以直接联系在线客服，我们可为您发送电子版链接或文件。  

您把商品名称或订单号发我，我帮您查询对应说明书。"
"20","您好，可以的，部分商品支持寄送到国外，但需根据收货国家/地区、商品类型和物流限制确认。

运费一般按以下因素计算：  
1. 收货国家/地区  
2. 商品重量/体积  
3. 选择的物流方式  
4. 是否产生关税或清关费用（通常由当地海关政策决定）

时效方面，一般国际物流约 **7–20个工作日**，具体会因国家地区、清关速度和物流渠道不同而变化。

您可以把要购买的商品、收货国家/城市发给我们，我们帮您确认是否可寄、预估运费和大概到达时间。"
"21","可以的，开公司抬头发票建议注意以下几点：

1. **公司抬头需填写完整准确**：请按营业执照上的公司全称填写。  
2. **税号必填**：公司发票一般需要填写统一社会信用代码/纳税人识别号。  
3. **发票类型**：如需增值税专用发票，可能还需提供开户行、账号、注册地址、电话等信息，具体以开票页面要求为准。  
4. **开票金额与内容**：通常按实际支付金额和订单商品内容开具，不支持随意更改品类或金额。  
5. **提交前请核对**：抬头、税号一旦开具错误，处理会相对麻烦。

如果**抬头写错了**，一般可以申请重新开具。请您通过订单详情的“申请发票/发票管理”入口，或联系在线客服，提供：  
- 订单号  
- 原错误发票信息  
- 正确公司抬头和税号  
- 如是纸质发票，可能需要先寄回原发票  

我们会协助作废或红冲原发票后重新开具，具体处理时效以财务审核为准。"
"22","可以申请售后。若商品瑕疵属于质量问题，且不是使用过程中人为造成的，即使已使用过，也可以提交售后申请。

一般处理方式如下：  
1. **在售后有效期内且确认质量问题**：可优先申请换货；若无库存或不适合换货，可能安排维修或退款。  
2. **已使用但不影响二次鉴定**：需提供瑕疵照片/视频、订单号，由售后核实后判断是否支持换货。  
3. **若为人为损坏或正常使用磨损**：通常不支持免费换货，可能只能维修，或需付费维修。

建议您先提交售后申请，并上传瑕疵清晰照片/视频，我们会根据商品情况和售后规则为您确认是换货还是维修。"
"23","可以的，具体要看订单状态：

- **未发货**：您可以直接申请取消订单，审核通过后一般会**全额原路退款**（含实际支付金额）。
- **已发货/已出库**：通常无法直接取消，您可以选择**拒收**或收到后申请退货退款；商品退回并验收无误后退款，运费是否退还以订单规则为准。
- **使用了优惠券/积分**：退款时会按平台规则退回或失效，具体以页面显示为准。

您可以在【我的订单】找到该订单，点击【取消订单/申请退款】操作。若页面无法操作，请把**订单号**发给我，我帮您进一步核实处理方式。"
"24","您好，部分商品会随箱附带售后保障卡/保修卡，具体以商品页面说明和实际包装为准。

如果卡丢了，一般也不影响正常售后服务。您可以凭以下任一信息申请售后：  
1. 平台订单记录/订单号  
2. 购买凭证或发票  
3. 商品序列号、包装信息等（如有）

只要商品在售后保障期内，并符合退换/维修条件，我们都会按规定为您处理。您可以直接在订单页申请售后，或把订单号发给客服协助查询。"
"25","您好，部分商品/品类支持以旧换新服务，具体以商品页面活动标识或下单页面显示为准。  

您可以这样查看：  
1. 进入对应商品详情页，查看是否有“以旧换新/旧机抵扣”等入口；  
2. 下单时若支持，会显示旧品估价、回收方式和抵扣金额；  
3. 如您不确定，可以把商品链接/型号发给我们，我们帮您确认是否支持以及具体流程。"
"26","您好，智能客服可以协助解答常见电商服务问题，例如：

1. **订单相关**：下单、修改/取消订单、订单状态查询  
2. **物流配送**：发货时间、物流进度、签收异常、地址问题  
3. **售后服务**：退货、换货、退款、维修/质保咨询  
4. **发票问题**：开票、补开发票、发票信息修改  
5. **支付与优惠**：支付异常、优惠券/活动规则咨询  
6. **投诉与反馈**：商品、服务、物流等问题反馈处理指引  

如果智能客服无法解决您的问题，您可以选择**转接人工客服**或**提交工单/留言**。建议您同时提供订单号、问题截图、联系方式等信息，人工客服会进一步核实并协助处理。"
"33","您好，一般情况下，店铺支持符合条件的商品办理 **7天无理由退货**，具体以商品页面/订单售后规则为准。

需满足以下条件：  
1. **签收后7天内**提交退货申请；  
2. 商品需保持**完好、未使用、不影响二次销售**；  
3. 外包装、吊牌/标签、配件、赠品、说明书、发票等需**齐全完整**；  
4. 非定制类、鲜活易腐、贴身/个人护理、已拆封影响安全卫生或其他法律/平台规定不支持无理由退货的商品。  

如非质量问题退货，通常退回运费由买家承担；若是质量问题或商家原因，我们会按规则处理运费。您可以在订单页面点击“申请售后/退货退款”提交，我们会尽快审核。"
"34","很抱歉给您带来不便。请您先提供以下信息，我们会尽快为您核实处理：

1. 订单号  
2. 少发的商品名称/数量  
3. 包裹外包装面单照片、箱内商品照片  
4. 如有开箱视频，也请一并提供

我们收到信息后会联系仓库核对出库记录及包裹重量。若确认少发，会为您安排补寄或按您的意愿处理退款。

补寄时间：一般核实通过后 1–2 个工作日内安排发出，具体到达时间以物流为准。  
运费：因少发产生的补寄运费由商家承担，您无需承担。"
"35","可以的，若商品在售后期内且不影响二次销售（未使用、吊牌/包装/配件齐全），一般可以申请换成其他款式。

您可以这样操作：  
1. 在订单页面点击【申请售后/换货】；  
2. 选择想更换的款式/规格；  
3. 如有差价，按页面提示补差或退差；  
4. 按售后地址寄回商品，审核通过后为您发出新款。

温馨提示：若是个人原因换款，往返运费通常需买家承担；若商品存在质量问题，运费由商家承担。您也可以把订单号和想换的款式发我，我帮您确认是否支持换货。"
"36","您好，商品的生产日期一般以实物包装上的标签/喷码为准，通常会标注在外包装、瓶底/盒底或封口处。

如果您已经下单或收到商品，可以把订单号、商品名称以及包装上批号/喷码照片发给我们，我们帮您核实具体生产日期；如果还未购买，也可以提供商品链接或规格，我们帮您咨询仓库当前批次信息。"
"37","您好，一般部分大件商品或指定品类支持上门安装，具体需以商品页面标注或下单时可选服务为准。

您可以这样确认：  
1. 查看商品详情页是否有“上门安装/安装服务”说明；  
2. 下单时查看是否可勾选安装服务；  
3. 若已下单，请提供订单号/商品名称，我们帮您查询是否支持安装及费用；  
4. 如支持，通常可在商品送达后预约安装时间。

如果您把商品链接或订单号发来，我可以帮您进一步确认。"
"38","您好，部分商品可能会提供试用装/小样，具体要看商品类目、库存及当前活动安排。

您可以这样确认：
1. 查看商品详情页是否标注“试用装/小样/体验装”；  
2. 下单前把想了解的商品链接或名称发给我们，我们帮您查询是否有试用装；  
3. 若暂无试用装，也可以看看是否有小规格/体验装可购买。"
"39","您好，可以申请售后。请您先提供以下信息，我们会帮您核实处理方案：

1. 订单号/购买账号  
2. 商品出现问题的照片或视频  
3. 问题描述及大概出现时间  
4. 商品外包装、配件是否齐全（如需寄回会用到）

如果商品仍在售后/质保期内，确认属于质量问题后，可按规则为您安排维修、换货或其他处理；若已超出质保期或属于人为损坏，我们也会协助确认是否可付费维修。建议您尽快提交资料，我们帮您跟进。"
"40","可以的亲，如果商品未使用、不影响二次销售，且吊牌/包装/配件齐全，在售后时效内一般可以申请换更大尺寸，具体以页面售后入口和库存为准。

**操作方式：**  
进入订单 → 申请售后 → 选择“换货/更换尺码” → 选择需要的大尺码并提交。

**尺寸差价处理：**  
- 如果新尺码价格相同：直接换货即可。  
- 如果新尺码更贵：需要补差价，客服可协助确认补差方式。  
- 如果新尺码更便宜：差价一般会原路退回或按平台规则处理。  
- 若系统不支持直接补差/退差，可能需要您先退货退款后重新下单对应尺码。

建议您把订单号和想更换的尺码发来，我帮您确认库存和差价处理方式。"
"41","非常抱歉给您带来不便。快递疑似丢失的话，建议您先把**订单号/收件手机号/快递单号**发给我们，我们会立即联系快递核实轨迹并发起异常件处理。

一般处理方式如下：

1. **先核实物流状态**：我们会催促快递网点查找包裹，并确认是否确认为丢失。  
2. **确认丢失后赔付/处理**：  
   - 如果商品仍有库存：可为您安排**补发**；  
   - 如果您不想等或无库存：可为您办理**退款**；  
   - 如涉及额外赔偿，会根据平台规则、商品金额及快递核实结果处理。  
3. **处理时效**：通常物流核查需要 **1–3个工作日**；确认丢失后，补发/退款一般会尽快安排，退款到账时间以支付渠道为准。

您不用自行和快递扯皮，我们会协助跟进。请把订单信息发我，我马上帮您登记处理。"
"42","您好，是否能退款需要看商品类型、使用情况以及退款原因：

1. **如果是商品质量问题**：即使已使用过，也可以申请售后处理。建议您在订单中提交退款/退货申请，并上传问题照片、视频等凭证，我们会尽快核实处理。  
2. **如果是非质量原因**：已使用过且影响二次销售的商品，一般不支持无理由退货退款。  
3. **特殊商品**（如贴身用品、食品、定制类、拆封后不宜退换的商品等）可能不支持退换，具体以页面规则为准。

您可以先在订单里发起售后申请，说明原因并上传凭证，平台/商家会根据实际情况审核。"
"43","您好，快递送达时您不在家，可以这样处理：

1. **联系快递员**：在物流信息里查看派件员电话，协商改时间派送、放到快递柜/驿站，或约定其他地点签收。  
2. **保持电话畅通**：快递员派送前通常会联系您，方便沟通处理方式。  
3. **查看物流状态**：如果显示“派送失败/无人签收”，一般会再次派送或暂存网点。  
4. **尽快处理**：若长时间未领取，包裹可能会被退回。如有退回风险，您也可以联系商家客服协助跟进。

建议您先查看物流详情并联系派件员，通常都可以安排妥善处理。"
"44","您好，优惠券不一定适用于所有商品，具体以优惠券的使用规则为准哦。

您可以查看优惠券详情，一般会标明：
- 适用商品/店铺/品类范围  
- 是否有满减门槛  
- 有效期  
- 是否可与其他优惠叠加  
- 不可用商品或特殊活动限制  

下单结算时，系统也会自动显示当前订单可用的优惠券；如果没有显示，通常说明该商品或订单条件暂不符合使用规则。

如果您方便提供优惠券名称/截图或想购买的商品链接，我可以帮您一起核对是否可用。"
"45","您好，是否支持“终身维修”需要根据具体商品品牌和售后政策确认。一般情况下：

- 在保修期内，符合保修范围的质量问题可按政策免费维修/换新；
- 超出保修期后，通常可提供有偿维修或协助联系品牌售后；
- 部分商品可能不支持终身维修，具体以商品页面说明或品牌售后政策为准。

您可以提供一下商品名称/型号或订单号，我们帮您查询对应的售后服务政策。"
"46","非常抱歉给您带来不好的体验。您这个情况涉及 **质量故障、维修超时/延迟、疑似翻新机冒充全新机**，建议按以下方式处理：

1. **先保留证据**  
   请保存好订单截图、商品页面“全新”宣传信息、故障视频/照片、寄修物流单号、维修单号、售后沟通记录，以及能证明疑似翻新机的证据（如序列号激活时间、历史维修记录、外观使用痕迹、厂家鉴定等）。

2. **提交退货退款/投诉申请**  
   在订单售后页面选择“退货退款”或“商品质量问题/描述不符/疑似翻新机”，上传上述证据，并备注：  
   “使用不到一个月故障，已寄修15天未解决，疑似翻新机冒充全新，要求退货退款并依法/按平台规则赔付。”

3. **要求出具检测/鉴定结果**  
   可要求商家或品牌售后提供书面检测报告、维修进度说明，以及该机器是否为全新机的核验结果。

4. **赔偿问题需核实后处理**  
   如果核实确实存在翻新机冒充全新、虚假宣传或质量问题未按约处理，平台/商家应按售后规则及相关法律规定处理，包括退货退款及相应赔付。

5. **建议您现在提供信息给客服加急**  
   请准备：订单号、维修单号、寄修物流单号、购买时间、故障描述、翻新机证据截图/照片。客服可据此帮您升级投诉，催促商家/品牌售后限时给出处理方案。

在问题未解决前，建议不要确认售后完成，也不要删除相关聊天和凭证。"
"47","您好，给您带来不便非常抱歉。您这种情况可同时处理 **质量问题换货、少发补寄、发票重开**，建议按以下流程操作：

1. **准备资料**
   - 订单号、收货人信息；
   - 20件质量问题商品的照片/视频（能体现问题点、商品外包装/条码更好）；
   - 15件少发的凭证：外箱照片、面单、装箱清单、实际收货数量照片等；
   - 正确的发票抬头、税号、开票信息及接收邮箱/地址。

2. **提交售后申请**
   - 在订单页面选择“申请售后/联系客服”；
   - 质量问题的20件选择“换货”，上传问题凭证；
   - 少发的15件选择“少件/漏发补寄”，上传收货数量及包装凭证；
   - 若系统无法同时提交，建议先联系在线客服备注“企业采购批量订单”，由客服协助合并处理。

3. **质量问题商品换货**
   - 审核通过后，我们会告知退回方式/取件方式；
   - 收到退回商品并核验后，会安排换货发出；如确认为质量问题，相关运费一般由商家承担。

4. **少发商品补寄**
   - 客服核实仓库出库记录和物流重量后，确认少发会尽快安排15件补寄，并提供补寄物流单号。

5. **发票重开**
   - 请提供正确抬头和税号；
   - 原发票如已开具，通常需先作废/冲红后重新开具；
   - 若为纸质发票，可能需要您寄回原票；电子发票则按流程作废/红冲后重开。

建议您先把以上资料整理好，通过订单售后入口提交，或直接联系在线客服说明“100件企业采购订单，20件质量问题、15件少发、发票抬头错误需重开”，客服会为您建立工单并跟进处理。"
"48","非常抱歉给您带来不好的购物体验。食品出现包装破损、受潮无法食用的情况，我们会优先按食品安全售后处理。

请您先按以下方式操作：

1. **立即停止食用**相关商品，并保留未食用部分、外包装、快递包装和商品标签。  
2. **拍照/录像留证**：包括破损包装、受潮情况、生产日期/保质期、批次号、快递面单等。  
3. 在订单页面提交**退货退款/仅退款申请**，售后原因选择“商品破损/变质/食品安全问题”，并上传凭证。  
4. 如商品确实存在破损受潮、影响食用的情况，我们会协助您办理**退款/退货退款**，退回运费由责任方承担；是否可直接仅退款，会根据商品状态和平台规则核实处理。  
5. 关于您提出的**赔偿诉求**，请一并在售后申请中备注，我们会根据实际情况、商品问题凭证及平台/商家相关规则协助核实处理。

关于健康保障：如果您食用后出现不适，建议您**尽快就医**，并保留就诊记录、诊断证明、检查单、费用票据等材料。您可以将相关凭证提交给客服，我们会协助反馈商家/平台进行食品安全问题核查及后续责任处理。

请您把**订单号、商品照片/视频、生产日期和破损受潮情况**发给我们，我们会尽快为您跟进。"
"49","可以申请售后，已签收也不代表不能处理。建议您尽快按以下步骤操作：

1. **保留证据**：不要丢弃外包装、快递面单、填充物及受损商品。  
2. **拍照/录像**：拍摄外包装破损处、快递面单、商品损坏细节、整体包装情况；如有开箱视频也一并保留。  
3. **提交售后申请**：进入订单页面选择“申请售后/退换货/退款”，问题类型可选“商品破损/物流损坏”，上传相关凭证。  
4. **说明情况**：备注“签收后发现包装破损及商品损坏，快递员拒绝承认运输问题”，平台/商家会根据证据协助核实。  
5. **联系在线客服**：如果系统无法提交或已超出入口时间，请联系平台客服人工介入处理。

一般情况下，只要在售后期限内且凭证充分，仍可申请退款、换货或维修等处理。"
"50","非常抱歉给您带来不好的安装体验。您这种情况建议按以下方式处理：

1. **先保留证据**  
   请拍照/录像保留：家电损坏位置、安装现场、安装人员信息、额外收费明细/收据、聊天或通话记录等。

2. **核实收费是否合理**  
   免费安装通常指“标准安装服务免费”，但如涉及加长管线、支架、特殊打孔等非标配件，可能会产生配件费。安装人员应提前告知价格并经您确认，且需提供正规收费凭证。  
   如未提前说明、收费不透明或无法提供凭证，您可以拒绝支付或申请退回不合理费用。

3. **立即联系平台/商家售后登记投诉**  
   提供订单号、安装时间、安装人员信息、收费情况和损坏证据，要求售后介入核查。

4. **针对损坏问题申请处理**  
   如确认是安装操作不规范导致，可要求安排上门检测，并根据结果进行**免费维修、换机、补偿或其他售后方案**。

5. **如影响使用安全，建议暂停使用**  
   尤其是空调、热水器、洗衣机等大家电，避免因安装问题造成进一步损坏或安全隐患。

您可以把订单号、收费金额、损坏照片和安装人员信息提交给商家/平台客服，我们会协助核实费用并跟进安装投诉及损坏赔付处理。"
"51","您好，遇到这种情况建议按以下步骤处理：

1. **先确认收费原因**  
   请维修方提供书面检测结果/维修单，说明配件损坏原因。若属于商品本身质量问题且仍在质保期内，一般应按质保政策免费维修；若被认定为人为损坏、进水、摔坏、私拆、耗材损耗等，可能会产生费用。

2. **暂不要先行支付不明确费用**  
   在未确认收费依据前，建议不要直接支付配件费。可要求售后明确：配件名称、费用明细、收费依据及是否在保修范围外。

3. **要求履行承诺并加急处理**  
   维修已超过承诺的7天，您可以要求售后给出明确完成时间，并申请加急；如因商家/维修方原因延误，可要求相应补偿方案或替换处理方案。

4. **联系平台/店铺售后介入**  
   提供订单号、质保凭证、寄修物流单号、维修单、收费通知、沟通记录等，申请平台客服介入，要求核实是否应免费维修及处理超时问题。

5. **仍无法解决可进一步投诉**  
   若商家无合理依据仍收费或拖延处理，可通过平台投诉入口、12315或消费者协会进行维权。

建议您先把维修方的收费说明和维修单发给商家/平台客服，明确要求：**质保期内质量问题免费维修、取消不合理配件费，并给出超时维修的解决方案和完成时限**。"
"52","您好，您可以按以下方式处理，尽量保障维修进度和运输风险可控：

1. **要求检修人员出具书面说明**  
   请对方在工单/检修单上写明：设备故障情况、无法现场修复原因、需拉回仓库维修、预计维修周期（或无法确定的原因）、联系人及工单编号。

2. **拉回前做好设备交接确认**  
   建议您和工作人员一起拍摄设备外观、配件、序列号、当前故障状态等照片/视频，并在交接单上注明设备现状、附件清单、是否有磕碰划痕，双方签字/线上确认。

3. **确认运输责任和防护措施**  
   请客服或检修人员明确：运输由谁负责、是否有专业包装/固定、防震防护措施，以及运输途中如发生损坏由谁承担责任。建议保留聊天记录或短信确认。

4. **要求提供维修进度和时限**  
   若维修时间不确定，您可以要求售后给出预计检测完成时间、维修方案确认时间，并约定定期反馈进度。

5. **如设备影响使用，可申请临时方案**  
   如果设备属于生产/经营/日常必需使用，您可以向售后申请备用机、加急维修、换新评估或其他补偿方案，具体以订单售后政策和故障检测结果为准。

建议您先不要让设备无单据拉走，务必确认工单、交接单和运输责任后再安排返仓。若工作人员无法提供明确说明，您可以联系平台/商家客服要求升级售后专员介入处理。"
"53","您好，可以的，建议您尽快提交售后申请，我们会根据商品试用规则和检测结果处理：

1. **试用期延长**  
   如商品在试用期间出现非人为故障，您可以申请延长试用期。是否可延长以及延长多久，需要以商家/平台审核结果为准。

2. **故障商品更换**  
   如果经核实属于商品质量问题，且非人为损坏，一般可以为您办理**换货、维修或退货退款**，具体以商品售后政策为准。

3. **建议您准备以下信息**  
   - 订单号  
   - 故障现象说明  
   - 故障照片/视频  
   - 商品外包装及配件是否齐全  
   - 说明您希望“更换商品并延长试用期”

您可以在订单页面点击【申请售后】提交，或把订单信息发给客服，我们会协助您尽快处理。"
"54","您好，遇到这种情况您可以申请售后处理。若下单页面未明确标注“临期商品”，且商品包装/外部也无临期提示，可能属于商品信息披露不充分或与描述不符，您可要求退货退款；赔偿部分需由平台/商家根据核实结果及相关规则判定。

建议您这样操作：

1. **先保留证据**  
   - 订单截图、商品页面截图（显示未标注临期）  
   - 商品生产日期/保质期照片  
   - 收货时间截图、外包装照片  
   - 商品未使用/未拆封状态照片（如有）

2. **提交售后申请**  
   选择原因：**商品与描述不符 / 临期未告知 / 质量问题**，备注说明“收到时仅剩15天过期，下单页及包装均未提示临期”。

3. **运费承担**  
   如核实为商家未提前告知临期，一般应由商家承担退货运费。

4. **关于赔偿**  
   您可以在售后中明确提出赔偿诉求；平台会结合商品类型、页面展示、保质期剩余情况、是否影响使用等进行核实处理。若商家拒绝，您也可以申请平台介入。

我们会优先协助您推动退货退款，并将赔偿诉求一并反馈给商家核实处理。"
"55","非常抱歉给您带来不好的购物体验。您可以申请换货处理，建议按以下步骤操作：

1. 进入订单页面，点击【申请售后/退换货】  
2. 选择【换货】  
3. 原因可选择【商品与描述不符】或【质量问题】  
4. 上传商品实拍图（对比颜色）、详情页截图，以及异味情况说明  
5. 提交后等待售后审核

请您先保留好商品、吊牌、包装及配件，避免影响换货。若核实确实存在颜色与描述不符或质量问题，换货产生的运费一般由商家承担。审核通过后，按系统提示寄回商品即可。"
"57","可以申请售后。建议您尽快操作，并保留好相关凭证：

1. **先不要丢弃商品、外包装、快递面单和填充物**。  
2. **拍照/录像取证**：包括商品损坏位置、外包装破损情况、快递面单、整体包装等。  
3. 进入订单页面点击 **“申请售后/退换货”**，选择“商品破损/运输损坏”等原因，上传凭证。  
4. 如系统需要，也可以联系在线客服协助登记，我们会根据凭证与物流情况核实处理。

即使没有当场验货，只要在售后时效内并能提供有效凭证，通常仍可申请处理。建议越早提交越好。"
"58","您好，给您带来不好的体验非常抱歉。若商品实际功能与详情页描述不一致（如标称支持无线充电但实际不支持、续航明显不符），经核实属于商家/商品描述问题的，一般可以为您办理退货退款；由此产生的退回运费通常由责任方承担。

关于您提出的赔偿诉求，我们会同步提交平台/商家核实处理，是否赔偿及赔偿标准需根据商品页面描述、检测结果、平台规则及相关规定判断，无法在未核实前直接承诺。

建议您先这样操作：  
1. 在订单页面申请【退货退款】，原因选择“商品与描述不符/功能不符”；  
2. 上传证据：详情页标注支持无线充电/续航的截图、商品实际不支持无线充电的视频或照片、续航测试情况说明；  
3. 保留商品、包装、配件、赠品齐全，避免影响退货处理；  
4. 如商家拒绝或处理不一致，您可以申请平台介入，我们会协助核实。

您也可以把订单号和相关凭证发来，我帮您进一步查看处理进度。"
"64","""使用吹风机的人员需佩戴以下防护装备：\n1. 合格的听力防护装备\n2. 合格的眼部防护装备\n3. 在多尘环境中操作时佩戴面罩\n4. 防滑鞋底的工作靴或工作鞋\n5. 急救箱 <PIC>"", [""Manual04_3""]"
"65","""操作吹风机时需注意以下安全要点：\n1. 阅读并理解说明书，禁止未成年人操作，严禁饮酒、服药或疲劳状态下操作。\n2. 佩戴合格的听力、眼部防护装备，多尘环境佩戴面罩，穿防滑工作鞋，携带急救箱 <PIC> <PIC> <PIC>。\n3. 穿着紧身衣物，束起长发，避免被旋转部件卷入。\n4. 操作时需通过肩带固定设备，双脚稳固站立，严禁站在梯子或支架上操作 <PIC>。\n5. 确保无关人员及动物距离作业区域至少10米 <PIC> <PIC>。\n6. 严禁将喷口对准人、动物或娇嫩植物；严禁向墙壁等固定物体吹扫。\n7. 防护装置缺失或检修盖未关闭时严禁操作 <PIC>。\n8. 安装/拆卸配件或加油前必须关闭发动机；严禁在通风不良空间操作。\n9. 注意消音器高温及火灾危险，避免身体直接接触排气口区域。"", [""Manual04_2"", ""Manual04_3"", ""Blower_02"", ""Manual04_32"", ""Manual04_33"", ""Manual04_34"", ""Manual04_35""]"
"66","""化油器设有三处调节装置：H（高速油针）、L（低速油针）、T（怠速调节螺钉）<PIC>。\n\n调节步骤如下：\n1. 将H、L调节螺钉逆时针旋至限位终点。\n2. 启动发动机，怠速与半油门交替运转1-2分钟预热。若无法怠速，顺时针旋动T螺钉直至正常怠速。\n3. 调节T螺钉，使发动机精准维持怠速，转速不偏高。\n4. 微调L螺钉，使发动机达到最大怠速转速，然后将L螺钉逆时针旋出最多1/4圈。\n5. 必要时旋动T螺钉提升发动机转速。\n\n注意：调节H油针时，全油门持续时间最长10秒，之后需怠速运转至少10秒。请勿拆除H、L油针限位装置。化油器调节螺钉位置如图所示 <PIC>。"", [""Manual04_42"", ""Manual04_17""]"
"67","""请按照第13页说明启动吹风机，启动后怠速与半油门交替运转1-2分钟进行预热。"", []"
"68","""提供的参考手册片段中未包含吹风机热机时的启动说明。仅提及启动发动机后，需怠速与半油门交替运转 1-2 分钟进行预热。"", []"
"69","""通过停机开关切断点火电源关闭发动机 <PIC>。停机开关（3）用于关闭发动机 <PIC>。"", [""Manual04_29"", ""Manual04_7""]"
"70","""空调室内机的重要组成部件包括：3M多重防护滤网（可选）、前格栅、空气滤网、出风口、导风板（垂直扫风叶片和水平导风叶片）、等离子滤网、进风口、开/关键、信号接收器和运行指示灯。<PIC>"", [""Manual01_0""]"
"71","""使用遥控器可更便捷地操作空调，附加功能的按键位于遥控器盖板下方。各按键的具体位置和功能请参考遥控器面板图示。<PIC>"", [""air_conditioner_01""]"
"72","""使用遥控器前，请先安装电池（适用电池型号为 7 号）。步骤如下：1. 取下电池盖。<PIC> 2. 装入新电池，确保电池正、负极安装正确。<PIC> 3. 重新装上电池盖。"", [""Manual01_2"", ""Manual01_3""]"
"73","""安装空调遥控器支架的步骤如下：\n1. 选择安全且便于取用的位置，将支架安装在无阳光直射的位置，以保护遥控器。\n2. 用螺丝刀将两颗螺丝拧紧，固定支架。<PIC>\n3. 将遥控器滑入支架中。<PIC>"", [""Manual01_4"", ""Manual01_5""]"
"74","""快速调节室内温度（极速制冷/制热模式）的操作步骤如下：\n1. 按下开/关键开启电源。\n2. 按下极速键 <PIC>。\n- 极速制冷模式下，空调将以18摄氏度的温度强风出风30分钟。\n- 极速制热模式下，空调将以30摄氏度的温度强风出风30分钟。"", [""Manual01_16""]"
"75","""在制冷或除湿运行时，按下自清洁键，显示屏上会显示自清洁标识 <PIC>。若关闭电源，风扇将继续运行 30 分钟，对室内机内部进行清洁。注意：循环、自动或自动转换模式下无法使用此功能，且部分机型不支持此功能。"", [""Manual01_17""]"
"76","""1. 按下开/关键开启电源（无需开启空调，直接按下等离子键也可使用该功能）。\n2. 按下等离子键，显示屏上会显示等离子标识 <PIC>。\n注：等离子净化功能运行时，等离子灯和制冷灯将同时亮起。部分机型不支持此功能。"", [""Manual01_18""]"
"77","""1. 按下开 / 关键开启电源。\n2. 反复按下模式键，选择自动运行模式。\n3. 若当前温度高于或低于所需温度，按下上升 / 下降键选择所需的运行代码。<PIC>"", [""Manual01_19""]"
"78","""使用空调的自动转换运行功能的步骤如下：\n1. 按下开/关键开启电源。\n2. 反复按下模式键，选择自动转换运行模式，显示屏上会显示对应标识 <PIC>。\n3. 按下上升/下降键设置所需温度，温度调节范围为 18 摄氏度（64 华氏度）-30 摄氏度（86 华氏度）。\n4. 反复按下风速键选择风扇转速。\n注：此模式下无法调节风扇转速，但可设置导风板自动摆风。部分机型不支持此功能。"", [""Manual01_20""]"
"79","""开启空调的节能制冷模式步骤如下（部分机型不支持此功能）：\n1. 按下开/关键开启电源。\n2. 反复按下模式键，选择制冷模式。\n3. 按下节能键，显示屏上会显示节能标识 <PIC>。"", [""Manual01_21""]"
"80","""遥控器无法使用时，可通过室内机的开/关键操作空调，此时风扇转速默认设为高速。\n1 打开前盖板，轻轻掀起盖板两侧即可。<PIC>\n2 按下开/关键。<PIC>\n冷暖型机型的运行模式会根据室内温度自动切换。<PIC>\n单冷型机型的温度将默认设为 22 摄氏度（71.6 华氏度）。"", [""Manual01_22"", ""Manual01_23"", ""Manual01_24""]"
"81","""空调自动重启功能为工厂默认设置。如需重新开启该功能，按住开/关键 <PIC> 6秒钟即可，设备会发出两声蜂鸣，蓝色指示灯闪烁4次。"", [""Manual01_26""]"
"82","""建议每两周清洁一次空气滤网，必要时可增加清洁频率。此外，请定期清洁室外机的热交换器盘管。滤网的位置和形状可能因机型不同而有所差异。"", []"
"83","""建议每两周清洁一次空气滤网，必要时可增加清洁频率。\n1. 关闭电源并拔下电源线。\n2. 打开前盖板，轻轻掀起盖板两侧即可。<PIC>\n3. 握住空气滤网的把手，轻轻向上提起，将其从机身中取出。<PIC>\n4. 用吸尘器清理滤网，或用温水冲洗，若滤网污垢较难清理，可在温水中加入洗涤剂清洗。\n5. 将滤网置于阴凉处晾干。"", [""Manual01_29"", ""Manual01_30""]"
"84","""清洁 3M 多重防护滤网的步骤如下：\n1. 关闭电源并拔下电源线。\n2. 打开前盖板，取出空气滤网。\n3. 抽出 3M 多重防护滤网 <PIC>。\n4. 用吸尘器清理滤网污垢，切勿用水清洗，以免造成滤网损坏。\n注意：清洁时切勿使用 40 摄氏度以上的热水或挥发性物质。"", [""Manual01_31""]"
"85","""清洁等离子滤网的步骤如下：\n1. 关闭电源并拔下电源线。\n2. 打开前盖板，取出空气滤网。\n3. 在 10 秒内取下等离子滤网 <PIC>。\n4. 用吸尘器清理滤网污垢，若污垢较难清理，可用温水冲洗。\n5. 将滤网置于阴凉处晾干。"", [""Manual01_32""]"
"86","""快速组装蒸汽清洁机的步骤如下（无需专用工具）：\n1. 将主机身固定扣从主机身背部取下。\n2. 将主机身底部滑入旋转拖头颈部。<PIC>\n3. 确保旋转拖头颈部背部的孔位与主机身孔位对齐。\n4. 将主机身固定扣插入主机身背部孔位，将两部分锁紧。<PIC>\n5. 将手柄杆插入主机身，直至听到咔嗒声到位。<PIC>"", [""Manual05_3"", ""Manual05_4"", ""Manual05_5""]"
"87","""产品功能：\n1. 二合一设计：兼具蒸汽拖把及蒸汽清洁机功能 <PIC>。\n2. 水箱与过滤：水箱位于顶部，内置水过滤器可过滤自来水中的矿物质及杂质，防止水垢。\n3. 就绪指示灯：位于手柄处，水转化为蒸汽可用时亮起。\n4. 旋转拖头：可清洁狭小空间及橱柜下方。\n5. 拖布：吸水纤维拖布可吸附污垢，可重复使用且支持机洗。\n\n快速上手使用：\n1. 蒸汽清洁前请先扫地或吸尘。\n2. 缓慢移动清洁，同时按下开关出蒸汽。\n3. 如需消毒，将拖把置于该区域15至20秒。\n4. 不出蒸汽时，拔掉电源，取下水箱加水后继续。\n5. 注意：首次使用时，因水需通过过滤器流入加热器，机器需数秒才出蒸汽，属正常现象。"", [""Manual05_0""]"
"88","""清洁硬质地面步骤如下：\n1. 蒸汽清洁前请先扫地或吸尘。\n2. 缓慢移动清洁，同时按下开关出蒸汽。\n3. 如需对区域消毒，将蒸汽拖把置于该区域至少 15 秒，但不超过 20 秒。\n4. 不出蒸汽时，拔掉电源、取下水箱加水后继续清洁。\n注：首次使用时，机器可能需数秒才出蒸汽，水需通过过滤器流入加热器，该延迟仅首次使用出现。"", []"
"89","""组装人体工学椅涉及的主要部件包括：椅背 (BACK)、座椅 (SEAT)、底座 (BASE)、扶手 (ARMREST)、气杆 (GAS LIFT)、底盘 (MECHANISM)、脚踏 (FOOTREST)、连接件 (CONNECTOR)、脚轮 (CASTER)、头枕 (HEADREST)、腰枕 (LUMBAR PILLOW)、扳手 (WRENCH) 以及各类螺丝和配件 <PIC>。"", [""Manual02_0""]"
"90","""大多数情况下，扶手和椅背的螺丝会在使用一段时间后松动，重新拧紧螺丝即可解决问题。"", []"
"91","""这款椅子具有以下功能：\n1. 高度调节：向上拉起“升降”拉杆即可调节椅子高度，到达所需高度后松开拉杆。<PIC> <PIC>\n2. 椅背后仰功能：向上拉起“后仰”拉杆，椅背角度可随人体动作独立倾斜。向下按下“后仰”拉杆，椅背角度即可锁定。<PIC> <PIC>\n3. 按摩功能：插入 USB 即可启用腰枕的按摩功能。<PIC>"", [""Manual02_11"", ""Manual02_12"", ""Manual02_13"", ""Manual02_14"", ""Manual02_15""]"
"92","""洗碗机的部件包括：1. 台式（视型号而定）2. 上层喷淋臂 3. 下层碗篮 4. 下层喷淋臂 5. 过滤器 6. 控制面板 7. 机门 8. 洗涤剂盒 9. 下层喷淋臂槽 10. 餐具篮 11. 专用盐箱盖 12. 上层篮导轨 13. 带支架的上层碗篮 14. 风扇烘干系统（视型号而定）<PIC>。"", [""Dish_washer_08""]"
"93","""排水管可直接连接到排水孔或水槽排水口。连接点距地面高度最小 50 厘米，最大 100 厘米 <PIC>。排水管长度不得超过 4 米。将排水管平直连接，不得弯折，并牢固固定以防脱落。排水管必须连接到污水系统，不得连接到地表水。"", [""Manual06_2""]"
"94","""1. 取出下层碗篮。\n2. 逆时针旋转打开盐箱盖 <PIC>。首次使用前，先向盐箱注入 1 升水。\n3. 使用盐斗向盐箱加盐 <PIC>，为加速溶解可用勺子搅拌 <PIC>，盐箱约可装入 2 公斤软化盐。\n4. 盐箱加满后盖上盖子并拧紧。\n5. 若加盐后不立即启动洗涤程序，请空载运行最短程序，溶解并冲散机器内散落的盐。"", [""Dish_washer_07"", ""Dish_washer_01"", ""Dish_washer_02""]"
"95","""添加洗涤剂的步骤如下：1. 向右推动卡扣打开洗涤剂盒盖（A）<PIC>。2. 向洗涤剂盒中加入建议量的粉末或块状洗涤剂，根据机器装载量和/或餐具脏污程度，将洗涤剂加至 15cm³ 或 25cm³ 刻度线<PIC>。3. 轻轻按下关闭洗涤剂盒盖，听到咔嗒声表示已关紧。"", [""Dish_washer_03"", ""Manual06_4""]"
"96","""洗涤块包装上的使用说明中会注明在洗碗机中的合适放置位置（洗涤剂盒、碗篮等）。若放置在洗涤剂盒中：\n1. 向右推动卡扣打开洗涤剂盒盖（A）<PIC>。\n2. 向洗涤剂盒中加入块状洗涤剂。\n3. 轻轻按下关闭洗涤剂盒盖，听到咔嗒声表示已关紧。在带预洗的高温程序中使用块状洗涤剂时，请确保洗涤剂盒盖紧闭。"", [""Dish_washer_03""]"
"97","""亮碟剂能提高烘干效率并防止水渍。添加和使用步骤如下：\n1. 观察亮碟剂指示灯，若熄灭则需添加。\n2. 按下卡扣打开亮碟剂盒盖 <PIC>。\n3. 向盒内加注洗碗机专用亮碟剂至 MAX 刻度线。\n4. 轻轻按下关闭盒盖，并擦净溢出的亮碟剂以防产生泡沫降低洗涤效果。\n5. 将剂量调节旋钮手动调至 1-6 之间的位置 <PIC>。若洗涤后餐具上有污渍需调高剂量，若手擦后有蓝色痕迹则调低剂量，出厂默认设置为 4。"", [""Manual06_6"", ""Manual06_7""]"
"98","""不适合在洗碗机中清洗的物品包括：沾有烟灰、蜡烛残渣、抛光剂、染料、化学品等的餐具；铁制器具；带有木质或骨质手柄、黏合部件、不耐热部件的银质餐具和刀具；铜和镀锡容器；表面质量变差的厨具；劣质不锈钢的银质餐具及已生锈的厨具；带装饰的玻璃和光泽瓷器；含铝或铝制厨具。"", []"
"99","""餐具篮（视型号而定）设计用于更干净地清洗叉、勺等餐具。<PIC> 安装时，请将餐具篮配件按图示放入餐具篮中。<PIC>"", [""Manual06_11"", ""Manual06_12""]"
"100","""机器下层碗篮上的两根可折叠架丝设计用于更方便地放置锅、碗等大件物品。您可单独或同时折叠每根架丝以创造更大空间。按下卡扣（A）放下折叠架丝。<PIC>"", [""Manual06_12""]"
"101","""机器上层篮的碗篮调节机构可让您无需将碗篮取出，直接上下调节满载碗篮的高度，根据需要在机器上层或下层创造更大空间。\n升高碗篮：\n1. 抓住上层篮一侧架丝（左或右）向上提起（A）。\n2. 另一侧重复相同操作。 <PIC>\n3. 确保碗篮高度调节机构两侧处于同一水平（高或低）。\n降低碗篮：\n1. 按下碗篮调节机构上的卡扣降低碗篮（B）。\n2. 另一侧重复相同操作。\n3. 确保碗篮高度调节机构两侧处于同一水平（高或低）。 <PIC>"", [""Manual06_13"", ""Manual06_14""]"
"102","""1. 关闭水龙头并拆下水管。\n2. 取出滤网后在自来水下清洁。\n3. 将清洁后的滤网装回水管原位。\n4. 将水管装回水龙头。<PIC>"", [""Manual06_22""]"
"103","""检查上层喷淋臂上的孔是否堵塞。若堵塞，向左旋转螺母拆下上层喷淋臂并清洁。安装上层喷淋臂时确保螺母拧紧。<PIC>"", [""Manual06_23""]"
"104","""拆除滤网包装前请务必拔下设备插头。\n1. 双手握住设备上盖并向上拉起。<PIC>\n2. 握住背部滤网盖把手并向前拉出。<PIC>\n3. 拆除滤网上的塑料包装。<PIC>"", [""Manual03_0"", ""Manual03_1"", ""Manual03_2""]"
"105","""1. 找到包装盒内的小盒，内含4个脚轮和8颗螺丝。\n2. 用螺丝刀拆下空气净化器底部的四个底座。\n3. 每个脚轮用两颗螺丝替换原底座。\n4. 保留拆下的底座和螺丝以备后续使用。\n注意：若滤盒内无脚轮盒，请联系客服。"", []"
"106","""空气净化器通常有以下模式：\n1. 常规运行：按下启动键开机，按控制面板上的上下键选择所需风速（1档至18档）<PIC>。\n2. 自动运行：按下开机键启动，按下自动键选择自动模式，每次按下可在自动运行和常规运行之间切换。特点：可根据室内空气质量自动调节风速，运行期间无法手动调节风速<PIC>。\n3. 涡轮风扇运行：开机并选择常规运行模式后，同时长按控制面板上的上下键3秒设置。特点：可更快净化室内空气<PIC>。"", [""Manual03_14"", ""Manual03_15"", ""Manual03_16""]"
"107","""室内空气质量指示灯以灯光形式环绕显示屏外缘，可通过它实时查看室内空气质量。设备根据检测到的细颗粒物浓度，通过四种不同颜色显示空气状态<PIC>。"", [""Manual03_20""]"
"108","""清洁前请务必拔下电源插头。为保证最佳效果，每月清洁 1-2 次净化器。灰尘较多的地区建议增加清洁频率。\n1. 用温水或温和清洁剂浸湿的布擦拭净化器外壳，再用软布擦干。\n2. 打开背部滤网盖并取出滤网。用吸尘器和湿毛巾清洁滤网仓内部。每月清洁设备及预过滤网 1-2 次。\n3. 灰尘传感器清洁：双手握住设备上盖并向上拉起 <PIC>，握住背部滤网盖把手并向前拉出 <PIC>，拆下设备右侧灰尘传感器盖 <PIC>，用蘸少量水的棉签擦拭灰尘传感器镜头和进风口，再用干净干棉签彻底擦干 <PIC>。最后装回灰尘传感器盖、滤网盖及上盖。"", [""Manual03_22"", ""Manual03_23"", ""Manual03_24"", ""Manual03_25""]"
"109","""打开背部滤网盖并取出滤网。可用吸尘器或软刷清洁预过滤网，并用湿毛巾清洁滤网仓内部。切勿用水清洗滤网，若滤网过脏请直接更换。"", []"
"110","""更换滤网步骤如下（请务必在断电状态下进行）：\n1. 双手握住设备上盖并向上拉起。<PIC>\n2. 握住背部滤网盖把手并向前拉出。<PIC>\n3. 取出旧滤网。若使用新滤网，请拆除滤网上的塑料包装。<PIC>\n4. 将滤网上下推入设备，确保滤网贴合紧密。<PIC>\n5. 装回滤网盖。先将盖子插入设备底部固定卡槽，向前滑动盖子使其卡入顶部卡槽。<PIC>\n6. 双手握住设备上盖并滑回原位，确保标识朝前。<PIC>\n7. 滤网安装完成后，长按控制面板上的睡眠 + 自动键 5 秒以上重置滤网更换指示灯。<PIC>"", [""Manual03_0"", ""Manual03_1"", ""Manual03_2"", ""Manual03_3"", ""Manual03_4"", ""Manual03_5"", ""Manual03_21""]"
"111","""清洁灰尘传感器的步骤如下：\n1. 双手握住设备上盖并向上拉起。<PIC>\n2. 握住背部滤网盖把手并向前拉出。<PIC>\n3. 拆下设备右侧灰尘传感器盖。<PIC>\n4. 用蘸少量水的棉签擦拭灰尘传感器镜头和进风口，再用干净干棉签彻底擦干。<PIC>\n5. 装回灰尘传感器盖、滤网盖，并将设备上盖标识朝前装回。\n注意：请勿使用丙酮、酒精等强腐蚀性化学试剂擦拭传感器部件，以免损坏镜头。"", [""Manual03_22"", ""Manual03_23"", ""Manual03_24"", ""Manual03_25""]"
"112","""空气净化器需要长期存放时，请按以下步骤操作：\n1. 在晴天运行设备1小时，然后拔下电源插头，晾干设备内部。\n2. 遮盖设备并存放在干燥、无阳光直射的地方。"", []"
"113","""您可以查阅“安全警告标签与序列号”部分查看技术规格标签 <PIC>。具体技术规格包括：最大使用者重量：136 千克（300 磅）；设备总占地面积：5670 平方厘米；机器重量：26.5 千克（58.4 磅）；电源要求：工作电压 220V–240V 交流电，50Hz，工作电流 0.4A <PIC>。"", [""Manual14_0"", ""Manual14_1""]"
"114","""启动健身单车前，您需要做以下准备：\n1. 场地准备：选择坚固、水平的区域，确保运动区域最小预留空间为2.3米×1.8米 <PIC>。\n2. 检查与调节：检查机器确保配件紧固、装配正确，无损坏或磨损零件。旋转旋钮调节稳定器脚垫，确保单车水平、稳固 <PIC>。\n3. 穿着建议：穿着橡胶底运动鞋及活动自如的衣物，开始运动前建议咨询医生。\n4. 座椅与脚踏调节：调节座椅高度使膝盖保持微弯；将脚掌中心放在脚踏板上并固定绑带，确保脚尖和膝盖朝前 <PIC>。"", [""Manual14_3"", ""Manual14_17"", ""Manual14_25""]"
"115","""控制台可提供运动重要信息，并可在运动时控制阻力等级。控制台配有带触控按键的显示屏，用于浏览运动程序 <PIC>。液晶显示屏分三个通道显示当前运动数据：a) 时间（总计）、距离（总计）、卡路里（总计）b) 速度（平均）、转速（平均）、心率（平均）c) 时间（平均）、等级（平均）、卡路里（平均）。此外，控制台在下部显示区分三个通道显示目标追踪运动统计。"", [""Manual14_21""]"
"116","""为了保证运动的舒适度，运动前需要进行以下调整：\n1. 座椅调节：正确的座椅位置可提升运动效率与舒适度。将脚踏板转到前位，脚掌中心对准脚踏板中心，膝盖保持微弯。如腿部过直或脚无法踩到脚踏板，将座椅调低；如膝盖弯曲过度，将座椅调高。松开并拉出座管上的调节旋钮，将座椅调至所需高度，松开旋钮使锁销卡入并拧紧旋钮 <PIC>。请勿将座管调节到高于管上的限位标记。\n2. 脚踏绑带调节：带绑带的脚踏板可提供稳固支撑。将脚掌中心放在脚踏板上，转动脚踏板至可触及位置，将绑带固定在鞋面上 <PIC>。确保脚尖和膝盖朝前，以保证最佳踩踏效率。"", [""Manual14_24"", ""Manual14_25""]"
"117","""使用健身单车的轻松骑行类别时，您可以体验到以下预设运动程序：起伏山丘 <PIC>、公园骑行 <PIC>、轻松之旅 <PIC>。"", [""Manual14_27"", ""Manual14_28"", ""Manual14_29""]"
"118","""使用健身单车的山地类别时，您可以体验到以下预设运动程序：派克峰 <PIC>、胡德山 <PIC> 和金字塔 <PIC>。"", [""Manual14_30"", ""Manual14_31"", ""Manual14_32""]"
"119","""挑战类别包含的预设运动程序有：上坡冲刺 <PIC>、交叉训练 <PIC>、间歇训练 <PIC>。"", [""Manual14_33"", ""Manual14_34"", ""Manual14_35""]"
"120","""编辑用户档案的步骤如下：\n1. 在开机模式界面，按增加（♠）或减少（▼）按钮选择一个用户档案，按确认按钮选择。\n2. 控制台显示编辑提示，按确认键开始编辑用户档案选项。\n3. 编辑姓名：使用增加/减少按钮浏览字母和空格，按左（◀）或右（▶）按钮切换段，按确认按钮接受用户名。\n4. 编辑其他用户数据（年龄、体重、身高、性别），使用增加/减少按钮调节，每项设置完成后按确认键。\n5. 设置运动数据显示方式（扫描提示），按确认按钮设置。\n6. 自定义下部显示，完成后按确认键设置。\n7. 控制台返回已选择用户的开机模式界面。"", []"
"121","""您可以参考基于年龄的通用建议目标心率图表 <PIC>。燃脂的最有效方法是逐渐增加强度，直至心率达到最大心率的 50–70% 并维持在目标区间。由于身体状况因人而异，您的最佳目标心率可能更高或更低，建议咨询医生获取个人目标心率区间。"", [""Manual14_23""]"
"122","""体能测试程序用于评估体能水平的提升。它通过将功率输出（瓦特）与心率对比来工作。测试时，控制台会根据您选择的体能水平（初级或高级）及用户档案的年龄和体重，自动增加运动强度直至心率达到“测试区间”并稳定3分钟。随后，系统结合心率、功率输出、年龄和体重计算出“体能得分”。该得分仅用于与您自身的历史得分对比，以查看体能提升情况。注：测试需要接触式心率传感器或心率监测仪读取心率信息才能正常工作。"", []"
"123","""1. 插入电池组前，先将充电器插入合适的插座。\n2. 如图1所示，将电池组（K）插入充电器，确保电池组完全就位。红色（充电）指示灯持续闪烁，表示充电过程已开始。<PIC>\n3. 红色指示灯常亮表示充电完成。电池组已充满电，此时可使用或留在充电器中。"", [""Manual11_2""]"
"124","""DCB101 指示灯闪烁标识包括：电池组充电中 <PIC>、电池组已充满 <PIC>、过热/过冷延迟 <PIC>、电池组或充电器故障 <PIC>、电源故障 <PIC>。"", [""drill0_08"", ""drill0_09"", ""drill0_10"", ""drill0_11"", ""drill0_12""]"
"126","""安装单套无键夹头的步骤如下：\n1. 关闭工具并断开工具电源。<PIC>\n2. 一只手握住夹头黑色套筒，另一只手固定工具。逆时针旋转套筒至足够大，装入所需附件。\n3. 将附件插入夹头约3/4英寸（19毫米），一只手顺时针旋转夹头套筒紧固，另一只手握住工具。务必一只手握住夹头套筒、另一只手握住工具，以达到最大紧固度。<PIC><PIC>"", [""drill0_01"", ""drill0_02"", ""drill0_03""]"
"127","""安装电池组时，将电池组对准工具手柄内导轨，滑入手柄直至电池组牢固就位且不会松脱。拆卸电池组时，按下释放按钮，将电池组从工具手柄中平稳拔出。<PIC>"", [""Manual11_8""]"
"128","""使用电钻的腰带挂钩和批头夹时，需特别注意以下事项：\n1. 调整或拆卸/安装附件前，务必关闭工具并取下电池组，以防意外启动导致受伤 <PIC>。\n2. 不要将工具悬挂在高处，或在腰带挂钩上悬挂物体 <PIC>。\n3. 仅将工具腰带挂钩挂在工作腰带上。\n4. 确保固定腰带挂钩的螺钉紧固。安装或更换腰带挂钩或批头夹时，仅使用随附的螺钉，并务必拧紧。\n5. 腰带挂钩和批头夹可安装在工具任意一侧，适配左手或右手用户。移动时，取下固定螺钉重新安装在另一侧，并务必拧紧螺钉 <PIC>。"", [""drill0_03"", ""Manual11_7"", ""drill0_14""]"
"129","""您的工具配有单套无键夹头 <PIC>、腰带挂钩与批头夹 <PIC>。"", [""drill0_01"", ""Manual11_7""]"
"130","""三年有限保修除保修外，工具还享有：1年免费服务（购买后第一年内免费维护工具，更换正常使用造成的磨损部件）、2年免费服务（适用于电池组DC9071、DC9091、DC9096、DC9280、DC9360、DC9180、DCB120、DCB127、DCB201、DCB203、DCB207）以及3年免费服务（适用于其他电池组）。如果电池组被擅自改装，产品保修失效。"", []"
"131","""你的健身追踪器包装盒包含：配有小号表带的手表（颜色和材质仅供参考）<PIC>、充电线<PIC>、额外大号表带<PIC>。"", [""fitness_trackers_01"", ""fitness_trackers_02"", ""fitness_trackers_03""]"
"132","""为健身追踪器充电的步骤如下：\n1. 将充电线插入电脑的USB端口、UL认证的USB墙充充电器或其他低功耗充电设备。\n2. 将充电线的另一端靠近手表背面的充电接口，直至磁吸吸附。确保充电线上的金属触点与手表背面的接口对齐。<PIC>\n充电12分钟即可续航24小时。充电时，轻点屏幕两次或按下按钮即可点亮屏幕。完全充满电大约需要1-2小时。<PIC>"", [""Manual16_1"", ""Manual16_2""]"
"133","""日常佩戴（不运动时）：将健身追踪器佩戴在腕骨上方一指宽的位置 <PIC>。运动时：为优化心率监测，可将表带向上移动以获得更贴合的佩戴效果 <PIC>，并将手表戴在手腕正面，确保设备背面与皮肤接触。"", [""Manual16_4"", ""Manual16_5""]"
"134","""扣紧表带的步骤如下：\n1. 将健身追踪器戴在手腕上。\n2. 将底部表带穿入顶部表带的第一个环扣。<PIC>\n3. 收紧表带至舒适贴合，将表扣钉按入表带上的其中一个孔。<PIC>\n4. 将表带的松散端穿入第二个环扣，使其平整贴在手腕上。确保表带不要过紧。佩戴时应留有空隙，可在手腕上轻微移动。<PIC>"", [""Manual16_6"", ""Manual16_7"", ""Manual16_8""]"
"135","""拆卸表带的步骤如下：\n1. 将健身追踪器翻面，找到表带卡扣。<PIC>\n2. 松开卡扣，将扁平按钮向表带方向滑动。\n3. 轻轻将表带从手表上拔下松开。<PIC>\n4. 另一侧重复操作。"", [""Manual16_9"", ""Manual16_10""]"
"136","""健身追踪器配备彩色AMOLED触摸屏和1个按钮。通过轻点屏幕、左右上下滑动或按下按钮操作健身追踪器。"", []"
"137","""健身追踪器可显示手机的来电、短信、日历和应用通知，收到通知时手表会震动提醒 <PIC>。您最多可存储30条通知，并可在手表上查看、展开、删除单条或一次性清除所有通知。"", [""Manual16_28""]"
"138","""健身追踪器每晚记录你的皮肤温度，显示与个人基准的差异。必须佩戴健身追踪器睡觉3晚才能看到个人皮肤温度基准。查看夜间睡眠皮肤温度变化：打开手机上的健身追踪器应用，在今日页面点击温度卡片 <PIC>，你会看到皮肤温度变化图表 <PIC>。"", [""Manual16_35"", ""Manual16_36""]"
"139","""通过运动应用追踪和分析运动的方式包括：1. 自动追踪：健身追踪器可自动识别并记录持续至少15分钟的高强度活动。在运动应用中开启步行、跑步或骑行检测后，手表识别到运动时会自动启动 <PIC>。2. 手动追踪：打开运动应用，滑动找到并选择运动类型。点击播放图标开始运动，可查看心率、消耗卡路里、耗时等实时数据。运动结束后向上滑动点击结束，查看运动摘要。3. 数据分析：在健身追踪器应用中查看完整运动数据（如使用GPS可查看运动强度地图）、完整历史记录和其他健康数据 <PIC>，还可与家人朋友分享活动并查看整体健身水平。"", [""Manual16_41"", ""Manual16_33""]"
"140","""根据手册，佩戴健身追踪器时，它会持续追踪心率。同时，健身追踪器使用心率储备（最大心率与静息心率之差）个性化设置你的心率区间 <PIC>。"", [""Manual16_44""]"
"141","""首先，需在健身追踪器应用中添加合作银行的信用卡或借记卡。消费时，在支持非接触式支付的商店（请查看支付终端标志 <PIC>）：1. 打开手表上的支付应用（可双击按钮快速访问），输入4位手表PIN码，屏幕显示默认卡 <PIC>。2. 将手腕靠近支付终端完成支付。如需使用其他卡，滑动选择后再靠近终端。澳大利亚用户若持有澳银行卡，可直接将手表靠近终端支付。"", [""Manual16_46"", ""Manual16_47""]"
"142","""使用健身追踪器时可能遇到以下问题及解决方法：\n1. 心率信号丢失：如手表未检测到心率信号，会显示虚线 <PIC>。请确保佩戴正确：可在手腕上上下移动手表，或收紧/松开表带，确保健身追踪器与皮肤接触。保持手臂静止伸直片刻。\n2. GPS连接问题：红色GPS图标表示未找到GPS信号 <PIC>。健身追踪器会尝试连接手机上的GPS传感器，如手机不在附近或移动中，则使用内置GPS。\n3. 电量严重不足：当电量严重不足（8%或更低）时，部分功能受限 <PIC>。为健身追踪器充电后即可恢复使用。\n4. 其他问题：如遇到无法同步、无法响应轻点/滑动/按钮操作、无法追踪步数或其他数据、无法显示通知，请重启手表。"", [""Manual16_48"", ""Manual16_42"", ""Manual16_22""]"
"144","""在健身追踪器应用的今日页面，点击左上角图标 > 健身追踪器卡片 > 设备锁，即可开启设备锁并设置个人4位PIN码。如果你在手表上设置了非接触式支付，设备锁会自动开启。"", []"
"145","""1. 请勿将任何活物放入冰箱冰柜。<PIC>\n2. 本冰箱冰柜使用前必须按照安装说明正确安装与放置。\n3. 安装本冰箱冰柜前请参阅安装手册。\n4. 切勿拉扯电源线拔下冰箱冰柜插头。务必握紧插头，直接从插座拔出。\n5. 冰箱冰柜运行后，请勿触摸冷冻室低温表面，尤其是手部潮湿时。皮肤可能粘连在极冷表面。"", [""Manual17_36""]"
"146","""给冰箱连接电源时的前五条注意事项：\n1. 请勿让电源插头朝上或被挤压在冰箱冰柜背面，安装过程中防止电源线被挤压或弯折。<PIC>\n2. 若电源线或电源插头损坏、插座插孔松动，请勿使用。<PIC>\n3. 重新插拔插头时请等待5分钟或更长时间。<PIC>\n4. 切勿拉扯电源线拔下冰箱冰柜插头，务必握紧插头直接从插座拔出。\n5. 请勿湿手插拔电源插头，以免触电。"", [""Manual17_1"", ""Manual17_9"", ""Manual17_10""]"
"153","""考虑到燃油高度易燃且有毒，使用发电机时请注意以下事项：\n1. 加油时务必关闭发动机。<PIC>\n2. 加油时严禁吸烟或靠近明火。<PIC>\n3. 加油时注意不要将燃油洒在发动机或消音器上。如不慎吞入燃油、吸入燃油蒸汽或燃油入眼，请立即就医。如燃油溅到皮肤或衣物上，请立即用肥皂水清洗并更换衣物。操作或运输发电机时，请务必保持机身直立，如发生倾斜，燃油可能从化油器或油箱泄漏。运输发电机时，请务必拧紧油箱盖通气旋钮。<PIC>\n4. 切勿加注至燃油滤清器顶部以上，否则燃油受热膨胀后可能溢出。立即擦拭溢出的燃油。加油后务必拧紧油箱盖。<PIC>\n5. 排空燃油时，请立即擦拭溢出的燃油。<PIC>"", [""generator_20"", ""generator_21"", ""generator_03"", ""generator_14"", ""Manual18_67""]"
"154","""为保证自身安全，请遵循以下事项：\n1. 请将发电机放置在行人或儿童不易触碰的地方 <PIC>。\n2. 运行时避免在排气口附近放置任何易燃物品 <PIC>。\n3. 请将发电机与建筑物或其他设备保持至少1米（3英尺）距离 <PIC>。\n4. 避免在防尘罩覆盖下运行发动机 <PIC>。\n5. 务必仅通过提手搬运发电机 <PIC>。\n6. 发动机运行后，发动机及消音器温度极高，检修或维修时，在其冷却前切勿用身体或衣物触碰 <PIC>。"", [""generator_04"", ""Manual18_8"", ""Manual18_9"", ""Manual18_10"", ""Manual18_11"", ""generator_11""]"
"155","""为防止触电，请注意以下事项：\n1. 切勿在雨雪中运行发动机。\n2. 切勿湿手触碰发电机 <PIC>。\n3. 务必使用足够载流量的接地导线对发电机进行接地 <PIC> <PIC> <PIC>。\n4. 避免将发电机接入市电插座或与其他发电机并联使用 <PIC>。\n5. 发电机接入建筑物电气系统前，必须由持证电工安装隔离（转换）开关，防止反送电导致触电。"", [""Manual18_12"", ""Manual18_13"", ""Manual18_14"", ""Manual18_15"", ""Manual18_16""]"
"156","""燃油开关旋钮用于将燃油从油箱输送至化油器。<PIC>若燃油开关旋钮无法转动，可取下盖板，使用内部可见的燃油开关拨杆供油。<PIC>正常供油时，将燃油开关旋钮置于“开启”位置。<PIC>"", [""Manual18_19"", ""Manual18_20"", ""Manual18_27""]"
"157","""使用前检查燃油时，需确认油箱内燃油充足。推荐燃油为无铅汽油，油箱容量总计2.5升<PIC>。本发电机发动机设计使用泵法辛烷值((R+M)/2)86及以上或研究法辛烷值91及以上的普通无铅汽油<PIC>。"", [""generator_12"", ""generator_13""]"
"158","""1. 按住油箱盖防止转动，将通气旋钮逆时针旋转1圈，打开油箱通气口。<PIC>\n2. 将燃油开关旋钮置于“开启”位置。<PIC>"", [""Manual18_26"", ""Manual18_27""]"
"159","""为保证自身安全，连接发电机交流电时请注意：\n1. 连接前确认电气设备及线路状态良好，插入前关闭设备，确保负载在额定范围内。\n2. 防止触电：切勿在雨雪中运行 <PIC>，切勿湿手触碰 <PIC>，务必使用足够载流量的导线对发电机进行接地 <PIC> <PIC>。\n3. 避免将发电机接入市电插座或与其他发电机并联 <PIC>。接入建筑物系统前须由持证电工安装隔离开关。\n4. 将电源线在提手缠绕2至3圈，启动发动机后插入交流插座 <PIC>，确认交流指示灯亮起 <PIC>，再开启开关并打开设备电源。"", [""Manual18_12"", ""Manual18_13"", ""Manual18_14"", ""Manual18_15"", ""Manual18_16"", ""Manual18_33"", ""Manual18_34""]"
"160","""发电机上的两种开关分别为：\n1. 经济控制开关：包含“O”（关闭）<PIC> 和“Ⅰ”（开启）位置。\n2. 发动机开关：包含“ON”（开启）<PIC> 和“STOP”（停止）位置。"", [""Manual18_25"", ""Manual18_28""]"
"161","""机器序列号标注在图示位置 <PIC>。请在指定位置记录您的产品识别码和序列号 <PIC>，以便向发电机经销商订购零配件，并另行妥善保管以防机器被盗。"", [""Manual18_1"", ""Manual18_0""]"
"162","""使用发电机的直流保护器时，请注意以下事项：\n1. 当负载超过发电机额定输出时，直流保护器将自动断开。\n2. 若直流保护器断开，请将负载降至发电机额定输出范围内。若再次断开，请咨询发电机经销商。\n3. 按下即可复位直流保护器 <PIC>。\n4. 充电时务必关闭经济控制开关，务必确保电池接线正确，务必确保通气软管连接正确，无损坏或堵塞。"", [""generator_09""]"
"163","""确认发动机机油处于机油加注口上限位置，必要时添加 <PIC>。\n注：推荐发动机机油等级：API标准 SE级或SF级 <PIC>。\n注意：发电机出厂时未加注发动机机油。必须加注机油，否则无法启动 <PIC> <PIC>。"", [""generator_17"", ""generator_18"", ""generator_19"", ""Manual18_23""]"
"164","""启动发电机发动机的最后三个步骤为：\n1. 缓慢拉动反冲启动器至啮合位置，然后快速拉动。<PIC>\n2. 发动机启动后，进行暖机，直至阻风门旋钮推回原位发动机也不会熄火。\n3. 将阻风门旋钮推回原位。<PIC>"", [""generator_16"", ""Manual18_29""]"
"165","""发电机直流额定电压为12V。正确充电步骤如下：\n1. 将充电线在提手上缠绕2至3圈，插入直流插座。<PIC>\n2. 启动发动机后再连接电池。红线夹接电池正极(+)，黑线夹接电池负极(-)，切勿接反。\n3. 启动发动机。\n4. 按下直流保护器，安装电池。<PIC>\n注意：充电时务必关闭经济控制开关。务必确保电池接线正确。务必确保通气软管连接正确，无损坏或堵塞。"", [""Manual18_37"", ""Manual18_38""]"
"166","""要让发电机的发动机停机，请按以下步骤操作：\n1. 关闭所有电气设备，并将经济控制开关置于“关闭”位置 <PIC>。\n2. 断开所有电气设备 <PIC>。\n3. 将发动机开关置于“停止”位置 <PIC>。\n4. 将燃油开关旋钮置于“关闭”位置 <PIC>。\n5. 顺时针拧紧油箱盖通气旋钮至手指拧紧状态 <PIC>。"", [""generator_22"", ""generator_23"", ""generator_24"", ""Manual18_40"", ""Manual18_41""]"
"167","""根据手册建议，检查火花塞的步骤如下：\n1. 取下盖板。\n2. 检查是否变色并清除积碳。<PIC>\n3. 检查火花塞型号及间隙。<PIC> 间隙 <PIC>\n4. 安装火花塞。<PIC>\n5. 安装盖板。<PIC>"", [""Manual18_44"", ""Manual18_45"", ""Manual18_46"", ""Manual18_47"", ""Manual18_48""]"
"168","""为了正确更换发电机的发动机机油，前六个步骤如下：\n1. 将机器放置在水平面上，暖机数分钟，然后停机，将燃油开关旋钮置于“关闭”位置，顺时针拧紧油箱盖通气旋钮。\n2. 取下盖板①。<PIC>\n3. 从发电机底部拆下放油接头①，打开机油加注口盖。<PIC>\n4. 将放油接头①安装到机油加注口。<PIC>\n5. 在发动机下方放置接油盘，倾斜发电机将机油完全排空。\n6. 添加发动机机油至上限位置。<PIC>"", [""Manual18_49"", ""Manual18_50"", ""generator_25"", ""generator_26""]"
"169","""空气滤清器正确操作步骤如下：\n1. 取下盖板。<PIC>\n2. 松开固定空气滤清器盖的卡箍。<PIC>\n3. 取下空气滤清器盖及滤芯。\n4. 用溶剂清洗滤芯并晾干。\n5. 给滤芯上油并挤出多余机油，滤芯应湿润但不滴油。注意：请勿拧绞滤芯，以免撕裂；使用溶剂时严禁吸烟或靠近明火。\n6. 将滤芯装入空气滤清器，确保滤芯密封面与空气滤清器贴合，无漏气。<PIC>\n7. 将空气滤清器盖装回原位并安装卡箍。\n8. 安装盖板。\n注意：发动机严禁无滤芯运行，否则会导致活塞及气缸过度磨损。"", [""Manual18_62"", ""Manual18_63"", ""Manual18_64""]"
"170","""如果发动机无法启动，请检查以下系统：\n1. 燃油系统（燃油未输送至燃烧室）：\n- 油箱无油：添加燃油 <PIC>。\n- 油箱有油：将油箱盖通气旋钮置于“开启”（逆时针旋转1圈），并将燃油开关旋钮置于“开启”。\n- 燃油管路堵塞：清洁燃油管路。\n- 化油器堵塞：清洁化油器 <PIC>。\n2. 发动机机油系统（机油不足）：\n- 机油液位低：添加发动机机油 <PIC>。\n注：发电机出厂时未加注发动机机油，必须加注机油，否则无法启动。"", [""generator_28"", ""generator_29"", ""Manual18_65""]"
"171","""1. 打开油箱盖，使用市售手动虹吸管将油箱内燃油排入合格汽油容器，然后装回油箱盖。注意：燃油高度易燃且有毒，请立即擦拭溢出的燃油。<PIC>\n2. 取下盖板，松开化油器浮子室放油螺丝，排空化油器内燃油。\n3. 将燃油开关旋钮置于“关闭”位置，启动发动机直至自行停机，燃烧完化油器内剩余燃油。<PIC>"", [""Manual18_67"", ""Manual18_68""]"
"172","""使用便携式发电机为对电压敏感的精密设备供电前，请咨询精密设备供应商。"", []"
"173","""“拖曳速度”为最低操控速度，几乎不加油门，艇体沉入水中，无尾流 <PIC>。技巧与应用：可进行满舵转向，将车把转到最大让艇360°转向，熟悉艇体响应。\n“半滑航速度”为中等速度，艇首略微抬离水面但仍在水中行驶，产生尾流 <PIC>。技巧与应用：用于前进、小半径转弯及8字路线练习，除拖曳速度外，转向时必须始终加油门 <PIC>。\n“滑航速度”为较快速度，艇体更平稳，在水面滑行，产生尾流 <PIC>。技巧与应用：需在开阔水域进行，加速后转向画椭圆 <PIC>。该速度下转向角度有限，转向过度会导致侧滑和减速，需将车把转回较小角度恢复转向。"", [""Manual40_1"", ""Manual40_2"", ""Manual40_20"", ""Manual40_3"", ""Manual40_26""]"
"174","""在深水中登艇与平衡摩托艇的操作方法如下：\n1. 练习准备：先在近岸练习，再前往开阔水域。练习时不启动发动机，将熄火绳系在手腕上，在水深至少齐胸的水域让艇漂浮。\n2. 游至艇尾，双手放在登艇平台上，单手抓住扶手。<PIC>\n3. 拉身体至平台呈跪姿，再移至座位跨坐。<PIC>\n4. 将熄火绳卡扣安装到熄火开关。\n5. 双手紧握车把，双脚放入脚坑。<PIC>\n6. 反复练习登艇与平衡，直至整个过程中能保持良好平衡。"", [""Manual40_13"", ""Manual40_14"", ""Manual40_15""]"
"175","""在滑航速度下急转弯时，转向同时必须加大油门 <PIC>。训练应从平缓转向、低速开始，逐步增加难度。避免车把转向过度导致侧滑，若发生侧滑，将车把转回较小角度可恢复正常转向 <PIC>。"", [""Manual40_25"", ""Manual40_26""]"
"176","""驾驶摩托艇时保持操控性和稳定性的技巧如下：\n1. 油门与车把配合：摩托艇通过油门与车把配合转向，转动车把可改变尾部喷射推力喷嘴角度以改变方向 <PIC>。由于喷射推力强度决定转向速度与方向，除拖曳速度外，转向时必须始终加油门，松开油门会导致转向能力迅速下降。\n2. 大椭圆转向：逐渐加速至半滑航速度，保持速度平稳进行右转、左转，完成完整椭圆 <PIC>。\n3. 绕圈行驶：保持速度不变，逐渐缩小圈径进行右转或左转绕圈 <PIC>。\n4. 8字行驶：结合上述训练完成大8字路线，并每次逐渐缩小8字尺寸 <PIC>。"", [""Manual40_20"", ""Manual40_22"", ""Manual40_23"", ""Manual40_24""]"
"177","""在中低速转弯时，摩托艇通过油门与车把配合转向 <PIC>。由于喷射推力强度决定转向速度与方向，除拖曳速度外，转向时必须始终加油门。若在此速度下急转弯，转向同时必须加大油门。"", [""Manual40_20""]"
"178","""拖曳速度为最低操控速度，几乎不加油门，艇体沉入水中且无尾流 <PIC>。在此速度下的直行与转向操作如下：\n1. 启动发动机直线行驶，转向时不加油门，做长约15–21米（50–70英尺）的大8字路线 <PIC>。\n2. 将车把向任意方向转到最大进行360°转向，练习顺时针与逆时针转向以熟悉艇体响应 <PIC>。\n注意：除拖曳速度外，其他速度转向时必须始终加油门。"", [""Manual40_1"", ""Manual40_19"", ""Manual40_20""]"
"179","""摩托艇未配备独立制动系统，通过水阻或倒挡喷射减速。全加速行驶时，松开油门手柄后艇体会立即减速，但会滑行约90米才完全停止 <PIC>。若不确定能否在障碍物前及时停下，请加油门并转向避让。握紧RiDE手柄减速可缩短约30%的停车距离。注意：完全松开油门发动机减速后，艇体不再响应车把操作，转向需要油门 <PIC>。"", [""Manual40_21"", ""Manual40_25""]"
"180","""为避免碰撞事故并保障安全，请遵循以下指导：持续观察周围人员、物体及其他船只，留意影响视线的环境状况 <PIC>。以安全速度谨慎驾驶，保持安全距离；不要紧跟其他船只，不要靠近他人并向其喷水或溅水；避开有水下障碍物或浅水区的区域。避免急转弯或其他让他人难以避让的操作。尽早采取行动避免碰撞，记住摩托艇没有刹车装置。试图转向避开物体时不要松开油门手柄。遵守航行规则与当地法规，培养良好判断力。"", [""Manual40_0""]"
"181","""1. 将油门手柄完全向左推。<PIC>\n2. 将发动机开关置于“OFF”位置。<PIC>\n3. 将燃油开关手柄置于“OFF”位置。<PIC>"", [""Manual31_16"", ""Manual31_17"", ""Manual31_18""]"
"182","""水泵的核心部件包括：油箱、油箱盖、燃油开关、空气滤清器盖、火花塞、消音器、阻风门手柄、发动机开关、机油加注口盖、放油螺塞、反冲启动器、机油警告灯、油门手柄、注水螺塞、放水螺塞 <PIC> <PIC>。"", [""pump_16"", ""pump_17""]"
"183","""清洗油箱滤网的详细步骤如下：\n1. 拆下油箱盖及滤网。\n2. 用溶剂清洗滤网，若损坏则更换。\n3. 擦干滤网后装回。\n注意：务必拧紧油箱盖。<PIC>"", [""Manual31_32""]"
"184","""水泵安全排放燃油的正确步骤如下：\n1. 排空油箱、燃油开关及化油器浮子室。\n2. 向油箱内倒入一杯SAE 10W30或20W40发动机机油。\n3. 晃动油箱使内壁均匀附着机油。\n4. 排出多余机油。<PIC>"", [""Manual31_41""]"
"185","""水泵无法抽水的潜在原因及解决方法如下：\n1. 注水螺塞或放水螺塞松动：拧紧螺塞。\n2. 软管接头或卡箍松动（软管安装不牢固导致进气）：拧紧接头或卡箍，确保软管安装牢固。\n3. O形圈或垫片损坏：更换损坏的O形圈或垫片。\n4. 机械密封损坏：咨询经销商。"", []"
"186","""设置日期：按+或-调整年份，按选择键；按+或-调整月份，按选择键；按+或-调整日期，按选择键。<PIC>\n选择时钟格式：按+或-设置时钟格式为12小时制或24小时制，按选择键。<PIC>\n设置时间：按+或-调整小时，按选择键；按+或-调整分钟，按选择键。<PIC>"", [""Manual36_25"", ""thermostat_07"", ""Manual36_26""]"
"187","""调整系统运行设置：\n1. 按模式键循环切换至下一个可用系统模式。\n2. 循环切换直至显示所需系统模式并保持激活状态。<PIC>\n系统模式包括：自动、供暖、制冷、应急供暖、关闭。\n\n调整风扇运行设置：\n1. 按风扇键循环切换至下一个可用风扇模式。\n2. 循环切换直至显示所需风扇模式并保持激活状态。<PIC>\n风扇模式包括：自动、开启、循环。"", [""Manual36_29"", ""Manual36_30""]"
"188","""为实现高效能源利用，建议每天设置四个时间段（起床、离家、回家、睡眠），其中“离家”和“睡眠”时段通常设置为节能温度 <PIC>。调整程序日程步骤如下：\n1. 按温控器上的菜单键 <PIC>。\n2. 显示PROG，按选择键，显示开启后再次按选择键。\n3. 按+或-选择要编辑的日期或日期组，按选择键。\n4. 按+或-选择要编辑的日程时段，按选择键。\n5. 按选择键保持该时段开启，或按+再按选择键关闭。\n6. 按+或-调整开始时间，按选择键。\n7. 按+或-调整“供暖”和“制冷”设定温度，分别按选择键确认 <PIC>。\n8. 重复上述步骤编辑剩余时段。\n9. 完成后按主页键保存设置并返回主界面 <PIC>。"", [""Manual36_31"", ""thermostat_04"", ""thermostat_05"", ""thermostat_06""]"
"189","""按+或-调整温度至所需设定温度，无需其他操作，新的设定温度将保持至下一个预定时间段开始 <PIC>。若要取消临时保持，按+或-，然后按取消键。"", [""Manual36_32""]"
"190","""1. 主界面会显示警报图标。您可在菜单中查看警报以了解错误/警报代码。查看后主界面将保留警报符号直至清除。<PIC>\n2. 暂态警报将在警报菜单界面取消7天后再次显示。<PIC>\n3. 当警报图标出现时，对照下表查看错误代码以确定问题。<PIC>\n4. 暂态警报。<PIC>\n5. 取消警报。<PIC>"", [""Manual36_43"", ""Manual36_44"", ""Manual36_45"", ""Manual36_46"", ""Manual36_47""]"
"191","""针对热泵系统的接线修改如下：\n1. 将每根标记电线与新温控器上的相同字母匹配，并插入对应端子。若插入困难，可按下对应端子旁的按钮。<PIC>\n2. 备用接线注意事项（仅适用于热泵）：\n- 保持R滑动开关在向上位置（1根电线）。\n- 若旧温控器同时有V和VR电线，请立即停止并联系专业安装人员。\n- 若旧温控器有单独的O和B电线，将B电线连接至C端子。若C端子已连接其他电线，请立即停止并联系专业安装人员。\n- 若旧温控器有Y1、W1和W2电线，请立即停止并联系专业安装人员。<PIC>"", [""Manual36_35"", ""Manual36_36""]"
"192","""当电池低电量图标出现时请立即更换新电池（该图标会在电池耗尽前约两个月显示）<PIC>。即使未出现该图标，也应每年更换一次，或离家超过一个月前更换。建议使用碱性电池。若在两分钟内完成电池更换，无需重新设置时间和日期，所有其他设置将永久存储在内存中。"", [""Manual36_40""]"
"193","""若标签与端子不匹配，请按下图连接电线：<PIC>"", [""Manual36_35""]"
"194","""若温控器出现问题，可尝试以下故障排除解决方案：\n- 屏幕空白：确保已正确安装全新AA碱性电池。\n- 无法切换至制冷模式：检查系统设置选项220，确保设置为1或2。\n- 供暖时风扇不启动：检查系统设置选项205，确保设置与供暖设备匹配。\n- 制冷模式下供暖系统运行，或热泵吹风温度异常：等待5分钟让系统安全重启，并检查系统设置选项200或218。\n- 电池低电量：出现低电量图标时立即更换新电池。\n- 其他警报代码请参考 <PIC> 及 <PIC>。"", [""Manual36_48"", ""Manual36_49""]"
"195","""处理器单元的关键组件包括：正面有状态指示灯、AUX端口、HDMI输出端口 <PIC>；背面有HDMI电视端口、HDMI PS4端口、USB端口、DC IN 12V接口、通风口 <PIC>。"", [""Manual38_1"", ""Manual38_2""]"
"196","""立体声耳机的耳塞有S号、M号和L号三种类型<PIC>。出厂时已安装M号耳塞。更换时，旋转耳塞后将其拔下即可<PIC>，请牢固安装耳塞以防脱落。"", [""Manual38_3"", ""Manual38_4""]"
"197","""将遮光罩从VR头显上取下，用水清洗。用软布完全擦干后再装回头显。将遮光罩上的凸点与头显上的13个孔对齐，重新安装即可。<PIC>"", [""Manual38_5""]"
"198","""游玩区域的高度取决于摄像头的捕捉范围。游玩区域的宽度和深度如下：<PIC>"", [""Manual38_0""]"
"199","""使用和操作VR头显的安全预防措施包括：\n1. 设备安全：勿损坏电源线或甩动线缆；保持接口清洁，防液体、颗粒或灰尘进入；待追踪灯熄灭后再取下头显或拔线；防摔落、撞击；雷雨天气勿触碰电源部件；避免长时间接触开机时的发热部件以防低温烫伤。\n2. 环境安全：清理游玩区域障碍物，防止宠物或他人进入；待在区域中央，避免剧烈动作，防止线缆缠绕。\n3. 用户安全：12岁以下儿童禁用，设备需放置在幼儿接触不到的地方；疲劳、头晕、醉酒或身体不适时禁用，出现不适症状立即停用并休息或就医；正确佩戴头显，勿将调节旋钮拧得过紧或过度推拉镜罩；若导致皮肤不适请立即停用。"", []"
"200","""保修包含：若产品在保修期内出现经合理判定的故障，将根据库存情况提供维修或更换服务（更换产品可为全新或翻新，功能相近且价值相等或更高）。\n\n不包含以下内容：\n1. 未经许可对产品或序列号/保修标签进行改装；\n2. 非制造缺陷导致的任何损坏；\n3. 因意外、滥用、误用、疏忽、火灾、进水、雷击或其他自然灾害、未经授权改装产品或未遵循产品说明书操作导致的损坏、老化或故障；\n4. 安装不当、未经授权的更改或改装、或由非授权人员进行维修或尝试维修；\n5. 运输途中损坏；\n6. 正常磨损；\n7. 任何间接或继发性损害（包括但不限于服务中断、数据丢失、业务损失等）。"", []"
"201","""根据保修政策，损害赔偿的除外责任或免责声明如下：\n1. 我们的唯一义务与责任仅限于维修或更换故障产品（全新或翻新、功能相近且价值相等或更高）。\n2. 在任何情况下，均不对任何间接或继发性损害承担责任，包括但不限于服务中断、数据丢失、业务损失，或因本产品或其使用、持有相关的民事侵权责任。\n3. 以下情况不在保修范围内：未经许可改装、非制造缺陷导致的损坏、因意外/滥用/误用/疏忽/自然灾害等导致的损坏、安装不当或未经授权的更改/维修、运输途中损坏以及正常磨损。"", []"
"202","""您可以通过CAM软件设置功能键盘。前往官网下载并安装最新版CAM软件，设置配置文件并保存至键盘的四个板载配置文件中。配置信息保存后，无需运行CAM即可使用已存储的灯光、宏命令等功能。您也可以通过 FN+F1 至 FN+F4 键切换配置文件<PIC><PIC>。"", [""Manual21_7"", ""Manual21_8""]"
"203","""拆卸轴体：使用附赠的拔轴器，从顶部夹住轴体，将工具两端沿轴体前后方向放置。轴体由两个卡扣固定在定位板上，按下卡扣即可拆卸。注意工具请勿刮擦上盖面板，无需从轴体下方撬动。仅需夹住轴体外壳底部两侧即可。<PIC>\n重新安装轴体：安装轴体前，请确保所有针脚笔直，无弯曲或折向轴底外壳的情况。目视检查轴体上的两个金属针脚与键盘上的轴座插孔对应。垂直向下用力将轴体插入键盘插槽。正确插入后，轴体外壳两侧应紧贴键盘上盖面板。<PIC>"", [""Manual21_14"", ""Manual21_15""]"
"204","""搭配CAM软件使用功能键盘的步骤如下：\n1. 下载并安装：前往官网下载并安装最新版CAM软件。\n2. 设置并存储配置文件：通过CAM软件设置并保存配置至键盘自带的四个板载配置文件中。保存后无需运行CAM即可使用已存储的灯光、宏命令等功能。\n3. 自定义功能：通过CAM软件可逐键自定义RGB灯光、创建宏命令及进行按键重映射，并保存至配置文件。\n4. 切换配置文件：按下FN键+F1、F2、F3或F4中任意一键，即可切换至对应编号（1至4）的配置文件。"", []"
"205","""配置文件1至4自带四种默认灯光模式，按下FN键+F1、F2、F3或F4即可切换调用。若已设置自定义灯光并分配至某板载配置文件，切换至该自定义配置文件时将激活自定义灯光。"", []"
"206","""安装挡泥板的步骤如下：\n1. 将挡泥板侧转，然后向上滑入左侧把手管。注意！请勿让“凸点”卡入1号孔 <PIC>。\n2. 继续安装挡泥板，使“凸点”卡入2号孔 <PIC>。\n3. 拆下把手固定夹上的两颗螺栓和螺母。将右侧把手管穿过固定夹与挡泥板。轻轻转动把手，避免“凸点”卡入1号孔。将把手调整至正确位置后，转动把手使“凸点”卡入2号孔。使用两颗螺栓和螺母将把手管固定在固定夹上 <PIC>。"", [""rideon_motorcycle_01"", ""rideon_motorcycle_02"", ""Manual26_5""]"
"207","""1. 将前轴穿过两侧把手管及前轮，两侧把手管内外均需安装垫片。<PIC>\n2. 使用两个螺母将前轴及车轮固定在把手管上，使用随产品提供的扳手拧紧螺母直至螺纹尽头。<PIC>\n注意：组装完成后请检查车轮与把手管之间的间隙。若间隙过大，建议加装额外垫片，并确保车轮可自由转动，若卡死则减少一片垫片。"", [""Manual26_6"", ""Manual26_7""]"
"208","""鼠标需使用两节 AA 型号电池。请按照以下步骤安装电池：\n1. 按下按钮，电池仓盖弹出。<PIC>\n2. 按照鼠标内部标注的正负极（+ 和 -）装入两节 AA 电池。<PIC>\n3. 装回电池仓盖。<PIC>"", [""Manual27_1"", ""Manual27_2"", ""Manual27_3""]"
"209","""安装 WIDCOMM 蓝牙驱动程序前，请将 USB 蓝牙接收器插入电脑的 USB 接口。\n1. 将附带的安装光盘放入光驱。\n2. 驱动程序将自动加载。若未自动加载，请双击光驱中 bin 文件夹内的 Setup.exe。\n3. 欢迎界面将引导您完成安装。点击 “下一步” 继续。<PIC>\n4. 阅读协议并选择 “我接受许可协议中的条款”。点击 “下一步” 继续。<PIC>\n5. 程序将安装至图示文件夹。点击 “更改” 可选择其他安装路径。点击 “下一步” 继续。<PIC>\n6. 点击 “安装” 开始安装。安装过程可能需要一些时间。<PIC>\n7. 出现以下界面表示安装完成。<PIC>\n8. 拔下接收器重新插入，鼠标将自动配对。点击 “完成” 退出安装。系统将提示您重启电脑以使蓝牙驱动生效。点击 “是” 立即重启，或 “否” 稍后重启。<PIC>"", [""Manual27_4"", ""Manual27_5"", ""Manual27_6"", ""Manual27_7"", ""Manual27_8"", ""Manual27_9""]"
"210","""请按照以下步骤从电脑中卸载 WIDCOMM 蓝牙驱动程序：\n1. 拔下 USB 蓝牙接收器。\n2. 点击 开始 > 设置 > 控制面板 > 添加或删除程序。\n3. 在程序列表中选择 WIDCOMM 蓝牙软件，点击“删除”。\n4. 系统开始卸载程序，此过程可能需要一些时间。\n5. 程序卸载完成后，系统将提示重启电脑。点击“是”立即重启，或“否”稍后重启。"", []"
"211","""在Windows系统中为蓝牙激光鼠标设置快速配对的步骤如下：\n1. 将 USB 蓝牙接收器插入电脑的 USB 接口。\n2. 按下鼠标底部的配对按钮 <PIC>。\n3. 按下 USB 蓝牙接收器底部的按钮，直至 LED 指示灯每秒闪烁一次，这表示蓝牙接收器已开始搜索待配对设备 <PIC>。\n4. 移动鼠标以确认连接成功。"", [""Manual27_10"", ""Manual27_11""]"
"212","""通过WIDCOMM蓝牙驱动程序配对的步骤如下：\n1. 请先按照说明安装WIDCOMM蓝牙驱动程序。\n2. 按下USB蓝牙接收器按钮，直至出现人机接口设备（HID）界面。<PIC>\n3. 鼠标连接成功后，将出现确认信息，点击确认连接正确的鼠标。<PIC>"", [""Manual27_12"", ""Manual27_13""]"
"213","""查看蓝牙激光鼠标电量状态的方法如下：\n1. 观察鼠标上的 LED 指示灯：当电量低或耗尽时，LED 指示灯会变为琥珀色或红色，提示需要更换电池。<PIC>\n2. 在电脑中查看详细信息：安装蓝牙驱动程序后，前往“控制面板 > 鼠标 > 蓝牙”查看。<PIC>"", [""Manual27_14"", ""Manual27_15""]"
"214","""要首次使用蓝牙驱动程序，请按照以下步骤操作：\n1. 双击系统托盘中的蓝牙图标 <PIC>。\n2. 蓝牙初始配置向导将启动，请按照屏幕上的说明完成配置。\n3. 蓝牙配置完成后，将出现 HID 界面并开始搜索蓝牙设备 <PIC>。\n4. 点击您要连接的 HID 设备，然后按照屏幕上的说明启用所选设备。"", [""Manual27_16"", ""Manual27_17""]"
"215","""连接其他 HID 设备的步骤如下：\n1. 确保 USB 蓝牙接收器已插入电脑。\n2. 将您要连接的蓝牙设备（如打印机、调制解调器、掌上电脑）设置为可被蓝牙驱动程序搜索。\n3. 按下 USB 蓝牙接收器按钮，直至出现 HID 界面。\n4. 从下拉菜单中选择要搜索的设备类型。<PIC>\n5. 将显示检测到的设备。点击设备，驱动程序将引导您启用连接。"", [""Manual27_18""]"
"216","""佩戴防护手套。执行操作前，请确保烤箱已冷却并断开电源。\n拆卸门体：\n1. 完全打开烤箱门。\n2. 抬起卡扣并向前推至极限位置 <PIC>。\n3. 将烤箱门关至最大角度，向上抬起并转动直至脱开 <PIC>。"", [""oven_01"", ""oven_02""]"
"217","""安装门体步骤：1. 将铰链装入对应位置。2. 完全打开烤箱门。3. 放下两个卡扣。4. 关闭烤箱门。"", []"
"218","""移动顶部加热元件的步骤如下：\n1. 取下侧边配件支架格栅（图3）<PIC>。\n2. 轻轻拉出加热元件（图4）<PIC>并向下放下（图5）<PIC>。\n3. 复位时，抬起加热元件并轻轻向自身方向拉动，确保其支撑在侧支架上。"", [""oven_03"", ""oven_04"", ""oven_05""]"
"219","""更换后部灯步骤如下：\n1. 断开烤箱电源。\n2. 拧下灯罩 <PIC>，更换灯泡（参见灯泡型号说明），再拧回灯罩 <PIC>。\n3. 重新接通烤箱电源。\n\n注意：仅使用25-40W/230V E-14、耐温300℃白炽灯。灯罩复位前，请勿使用烤箱。"", [""oven_06"", ""oven_07""]"
"220","""接油盘 <PIC> 放置在烤架下方用于收集油脂、食物碎屑或肉汁。它也可作为烤盘烹饪肉类、鸡肉、鱼类等，可搭配蔬菜使用。使用时，建议向接油盘中倒入少量水（如半升水），以避免油脂飞溅及冒烟，并按需补充水分。"", [""oven_08""]"
"221","""请勿使用蒸汽清洁设备。仅在烤箱冷却后进行清洁，维护前请断开电源。<PIC> 请勿使用腐蚀性或研磨性清洁剂。若此类产品意外接触设备，请立即用湿布擦拭。用湿布清洁表面。若污渍严重，可在水中加入几滴洗洁精，最后用干布擦干。"", [""Manual28_6""]"
"222","""烤架用于烧烤食物，或作为锅具、蛋糕模及其他烹饪容器的支架<PIC>。可放置在任意可用层位，烤架可凸面朝上或朝下安装。若使用烤架烤盘套装，需将其放置在烤架上并配合烧烤功能使用<PIC>。烹饪过程中，可使用滑动搁架将烤架与接油盘半拉出<PIC>。"", [""oven_10"", ""oven_13"", ""oven_15""]"
"223","""催化侧面板带有特殊微孔搪瓷涂层，可吸附油脂飞溅物。<PIC>"", [""oven_11""]"
"224","""烤盘（图2）用于烘焙饼干、蛋糕及披萨。<PIC>接油盘（图1）也可作为烤盘烹饪肉类、鸡肉、鱼类等，可搭配蔬菜使用。向接油盘中倒入少量水，避免油脂飞溅及冒烟。<PIC>烤肉时，建议在烤盘底部加入少许汤汁，烹饪过程中淋汁增香。"", [""oven_08"", ""oven_09""]"
"225","""烤架烤盘套装包含烤架（6a）和搪瓷容器（6b）<PIC>。本套装需放置在烤架（3）上，并配合烧烤功能使用。"", [""oven_13""]"
"226","""油脂过滤器仅用于油脂较多的烹饪。使用时，将其挂在烤箱腔体后壁、风扇对面位置 <PIC>。该过滤器可配合热风循环功能使用，且可用洗碗机清洗。"", [""oven_13""]"
"227","""滑动搁架允许在烹饪过程中将烤架与接油盘半拉出 <PIC>。它适用于所有配件，并且可以放入洗碗机清洗。"", [""oven_15""]"
"228","""安装肩带的步骤如下：\n1. 使用卡扣安装工具按图示打开肩带卡扣 <PIC>。请妥善保管该工具。\n2. 将挂绳环钩入卡扣开口。用另一只手按住卡扣，取出工具 <PIC>。\n3. 将卡扣完全旋转穿过挂绳环，直至咔哒闭合 <PIC>。\n4. 将肩带穿过每个卡扣 <PIC>。\n注意事项：肩带仅作肩带使用，请勿套在脖子上；注意不要遮挡相纸出口；安装时挂绳环可能会磨损或褪色。"", [""Manual29_12"", ""hybrid_instant_camera_03"", ""hybrid_instant_camera_04"", ""hybrid_instant_camera_05""]"
"229","""装入电池 <PIC>。滑动电池盖将其打开 <PIC>。按照电池上的箭头指示装入电池，确保电池上的黄线与相机上的标记对齐 <PIC>。关闭电池盖。"", [""Manual29_13"", ""Manual29_14"", ""Manual29_15""]"
"230","""装入相纸盒的步骤如下：\n1. 按住相仓锁按钮（1），然后将拨杆向右滑动，直至相仓略微打开 <PIC>。\n2. 握住相纸盒两侧，将相纸盒底部对准相仓凹槽，然后平直插入 <PIC>。\n3. 关闭后盖，确保后盖锁咔哒到位 <PIC>。\n4. 关闭后盖时，黑色相纸保护盖会自动弹出，从相纸出口取出相纸保护盖 <PIC>。"", [""Manual29_26"", ""Manual29_27"", ""hybrid_instant_camera_01"", ""hybrid_instant_camera_02""]"
"231","""相纸用完时，拍摄画面右侧的所有点会以灰色显示。取出相纸盒的步骤如下：\n1. 按住相仓锁按钮（1），然后将拨杆向右滑动，直至相仓略微打开。<PIC>\n2. 握住相纸盒上的矩形孔，然后平直拉出。<PIC>"", [""Manual29_28"", ""Manual29_29""]"
"232","""将侧面的打印模式选择器切换到“AUTO” <PIC>。拍摄画面上会出现相应图标 <PIC>，图像保存后立即开始打印 <PIC>。"", [""Manual29_30"", ""Manual29_31"", ""Manual29_32""]"
"233","""将侧面的打印模式选择器切换到“MANUAL” <PIC>。拍摄画面上会出现以下图标 <PIC>。图像保存到内存中，您可稍后选择并打印，而非立即打印 <PIC>。"", [""Manual29_33"", ""Manual29_34"", ""Manual29_35""]"
"234","""1. 顺时针转动镜头环（电源开关）开机。<PIC>\n2. 手持相机并确认最终图像的构图。<PIC>\n3. 选择拍摄模式或进行图像效果设置，然后半按快门对焦。<PIC>\n4. 对焦成功（显示屏出现绿色对焦框）后，完全按下快门拍摄照片。照片将保存到相机内存。"", [""Manual29_35"", ""Manual29_36"", ""Manual29_37""]"
"241","""Before first use, you should: 1. Remove all packing material. 2. Remove any stickers or labels (if available) from the appliance. 3. Thoroughly clean the appliance before first use, as indicated in the cleaning chapter."", []"
"242","""The approval labels of the emission control certificate are attached to each engine unit and to the inside of the engine compartment. <PIC> <PIC>"", [""Manual09_6"", ""Manual09_7""]"
"243","""The provided manual does not contain information about a battery conversion feature."", []"
"244","""The watercraft is steered by turning the handlebars in the direction you wish to travel. Turning the handlebars changes the angle of the jet thrust nozzle, which changes the direction <PIC>. Steering control depends on the combination of handlebar position and the amount of throttle <PIC>. More throttle produces higher thrust for sharper turns. If the engine is stopped, there is no thrust and the watercraft will go straight even though the handlebars are turned <PIC>."", [""Manual20_50"", ""Manual20_74"", ""Manual20_75""]"
"245","""If an over temperature warning occurs, \""Over Temperature\"" will be displayed and the engine speed is automatically limited. Check that water comes out of the cooling water pilot outlets while the engines are running <PIC>. If you do not see any water, do not continue to run the engines. Follow the instructions on the displayed warning message <PIC> <PIC>. If you have any questions, consult a Boat Dealer."", [""Manual09_95"", ""Manual09_90"", ""Manual09_92""]"
"246","""To control music playback on your phone, please refer to the following operations: <PIC>."", [""Manual12_8""]"
"247","""To store wet items, use the wet storage compartment located under the swim platform. To open it: (1) Pull the lock handle up. (2) Turn the lock handle clockwise, and then open the rear platform hatch <PIC>. To close it: (1) Close the rear platform hatch. (2) Turn the lock handle counterclockwise and make sure that the hatch is securely closed. (3) Push the lock handle down <PIC>."", [""Manual09_143"", ""Manual09_144""]"
"248","""The battery compartment is located on the port side of the boat at the stern. To open the battery compartment: Unhook the latch, and then open the battery compartment lid. <PIC>"", [""Manual09_157""]"
"249","""The manual does not provide instructions for installing the anchor light while the boat is moving, as it is intended for navigation at night or in low-visibility conditions. \n\nTo set up the anchor light when needed:\n- 210FSH DELUXE: Remove the anchor light from the lockable storage compartment and fit anchor light stopper B into the anchor light socket <PIC> <PIC>.\n- 210FSH SPORT: Pull the lock tab, raise the anchor light located at the top of the T-top, and then move the lock tab to its original position to lock it in place <PIC>."", [""Manual09_165"", ""Manual09_166"", ""Manual09_160""]"
"250","""To use the jet wash:\n1. Connect the coil hose to the hose fitting <PIC>.\n2. Start the engines.\n3. Push the jet wash switch <PIC>.\n4. Move the jet wash handle lever to discharge water <PIC>.\n\nTo stop using the jet wash:\n1. Push the jet wash switch.\n2. Stop the engines.\n3. Push the collar on the hose fitting inward, and then disconnect the coil hose from the fitting <PIC>.\n\nTo turn the water supply on or off:\n1. Stop the engines.\n2. Open the rear platform hatch.\n3. Remove the inspection cover <PIC>.\n4. To turn on the water supply, turn the shut-off valve 90 clockwise <PIC>.\n5. To turn off the water supply, turn the shut-off valve 90 counterclockwise.\n6. Install the inspection cover.\n7. Close the rear platform hatch.\n\nWARNING: The jet wash system must be used only by a passenger who is not operating the boat."", [""Manual09_173"", ""Manual09_174"", ""Manual09_177"", ""Manual09_178"", ""Manual09_179"", ""Manual09_180""]"
"251","""Remove the inspection cover <PIC>. To turn on the water supply, turn the shut-off valve 90° clockwise <PIC>. To turn off the water supply, turn the shut-off valve 90° counterclockwise. Install the inspection cover and close the rear platform hatch when finished."", [""Manual09_179"", ""Manual09_180""]"
"252","""To remove the bimini top:\n\nFor 210FSH DELUXE:\n(1) Store the bimini top in the fully collapsed position.\n(2) Remove the main pole mounting pins securing the bimini top to the main pole mounting brackets. <PIC>\n(3) Remove the bimini top from the boat.\n\nFor 210FSH SPORT:\n(1) Open the flap on the starboard side of the bimini top. <PIC> <PIC>\n(2) Loosen the ratchet, and then loosen the strap securing the bimini top. <PIC>\n(3) Slowly pull the bimini top toward the bow and remove it."", [""Manual09_193"", ""Manual09_182"", ""Manual09_183"", ""Manual09_184""]"
"253","""To install the bimini top, simply reverse the removal steps, and then make sure that the main pole mounting pins are securely installed. <PIC>"", [""Manual09_182""]"
"254","""To store the bimini top in the upright position:\n(1) Remove the lock pins, and then push the center poles down. <PIC>\n(2) Pull the bimini top toward the bow. <PIC>\n(3) Install the storage cover."", [""Manual09_189"", ""Manual09_190""]"
"255","""To check the engine oil level on water, moor the boat so it will not drift away. Stop the engine, ensure the boat is level, and start the engine. Run it at idling speed for 6 minutes or more (add 5 minutes if the temperature is 20°C/68°F or less). Stop the engine, open the hood, and check the dipstick to ensure the oil level is between the minimum and maximum level marks <PIC>."", [""Manual09_218""]"
"256","""You can operate the bilge pump by turning on the bilge pump switch <PIC>. Even if the switch is not turned on, the bilge pump will automatically detect excessive water in the bilge and drain most of it through the outlet."", [""Manual09_201""]"
"257","""To perform the anchor light switch check:\n1. 210FSH DELUXE: Install the anchor light.\n2. Push the upper side of the navigation and anchor lights switch <PIC> and check that the bow light <PIC> and anchor light come on (210FSH SPORT <PIC>, 210FSH DELUXE <PIC>).\n3. Push the lower side of the navigation and anchor lights switch and check that only the anchor light comes on."", [""Manual09_223"", ""Manual09_224"", ""Manual09_225"", ""Manual09_226""]"
"258","""To start the engine, ensure the levers are in the neutral position due to the \""start-in-gear\"" protection. Always attach the engine shut-off cord (lanyard) to your PFD before starting the engine <PIC>."", [""Manual09_41""]"
"259","""To turn the boat while sailing, turn the steering wheel in the same direction you wish to travel. Steering control depends on the combination of steering wheel position and the amount of throttle; you need throttle to steer. At trolling speed, the boat can be turned gradually by steering wheel position alone using just the amount of thrust available at engine idle <PIC>."", [""Manual09_241""]"
"260","""To cross a wake or swell, change your speed and choose the angle at which you cross. Usually, a slower speed and \""quartering\"" the wake (crossing at an angle) will reduce the jolt <PIC>. Small swells are not as difficult to cross as larger swells or wakes, and crossing a sharp wake gives more of a jolt than a broad swell <PIC>. When crossing at a smaller angle, the effect can be very strong, so be prepared to steer and balance as necessary."", [""Manual09_249"", ""Manual09_250""]"
"261","""To load the boat after the cruise is over, follow these steps: 1. Drain any excess water from the bilge using the bilge pump. 2. Ensure all people are standing clear. 3. Lift the boat slowly just far enough to verify it is securely held and properly balanced. 4. If necessary, lower the boat again and adjust the slings. 5. When ready, lift the boat slowly and carefully."", []"
"262","""(1) Connect the garden hose adapter to a garden hose <PIC>. (2) Loosen the flush hose connector cap and remove it. Insert the garden hose adapter into the flush hose connector by pushing and twisting it until it is securely connected. (6) Turn off the water supply, and then drain residual water from the exhaust system by alternately pushing the remote control lever up to half throttle and back to idle for 10 to 15 seconds."", [""Manual09_257""]"
"263","""To replace a fuse: (1) Open the engine hood. (2) Unfasten the band. <PIC> (3) Remove the fuse box from the air filter case by pulling the fuse box toward the bow. (4) While pushing both sides of the fuse box cover inward, pull the cover toward the bow and remove it. <PIC> (5) When replacing the accessory fuse and bilge pump fuse, remove the fuse holder. (Open the battery compartment to access the accessory fuse and bilge pump fuse.) <PIC> (6) Replace the blown fuse with the spare fuse of the correct amperage by using the fuse puller. <PIC> (7) Install the fuse box cover. (8) If the accessory fuse or bilge pump fuse was replaced, install the fuse holder. (9) Install the fuse box to the air filter case. (10) Fasten the band. (11) Close the engine hood."", [""Manual09_281"", ""Manual09_282"", ""Manual09_284"", ""Manual09_283""]"
"264","""To check the engine oil level:\n1. If on land, place the boat in a precisely level position and supply water to the cooling water passages. If on water, moor the boat so that it will not drift away.\n2. With the engine stopped, look in all directions, and then start the engine.\n3. Run the engine at idling speed for 6 minutes or more. Run the engine an additional 5 minutes if the ambient temperature is 20 (68F) or less.\n4. Stop the engine.\n5. Open the engine hood to check the oil level. If the oil level is low, add enough engine oil to raise it to the proper level."", []"
"265","""The machine automatically enters power-off mode after 9 minutes. To turn it on, press the Espresso or Lungo button <PIC>. To turn it off manually before the automatic mode, press both the Espresso and Lungo buttons simultaneously <PIC> <PIC>. To change the setting, press the Espresso button: once for 9 minutes, twice for 30 minutes, and three times to deactivate <PIC> <PIC>. To exit the energy saving mode, press the Lungo button for 3 seconds <PIC>."", [""Manual07_3"", ""Manual07_4"", ""Manual07_5"", ""Manual07_7"", ""Manual07_8"", ""Manual07_9""]"
"266","""To change the default setting of the energy saving mode:\n1. With the machine turned off, press and hold the Espresso button for 3 seconds <PIC>.\n2. The Espresso button will blink to indicate the current setting.\n3. Press the Espresso button to change the setting: one time for power off mode after 9 minutes, one more time for power off mode after 30 minutes, or one more time to deactivate <PIC>.\n4. To exit the energy saving mode, press the Lungo button for 3 seconds <PIC> <PIC>."", [""Manual07_6"", ""Manual07_7"", ""Manual07_8"", ""Manual07_9""]"
"267","""To program the water volume:\n1. Turn the machine on and wait for it to be in ready mode (steady lights) <PIC>.\n2. Fill the water tank with potable water and insert a capsule <PIC>.\n3. Place a cup under the coffee outlet <PIC>.\n4. Press and hold the Espresso or Lungo button <PIC>.\n5. Release the button once the desired volume is served.\n6. The water volume level is now stored."", [""Manual07_24"", ""Manual07_25"", ""Manual07_26"", ""Manual07_27""]"
"268","""To empty the system before a period of non-use, for frost protection, or before a repair, follow these steps:\n1. Press both the Espresso and Lungo buttons to turn the machine off <PIC>.\n2. Remove the water tank and open the lever <PIC>.\n3. Press both the Espresso and Lungo buttons for 3 seconds <PIC>. Both LEDs will blink alternatively <PIC>.\n4. Close the lever <PIC>.\n5. The machine will switch off automatically.\n6. Empty and clean the used capsule container and drip tray.\nNote: The machine will be blocked for 10 minutes after emptying mode."", [""Manual07_28"", ""Manual07_29"", ""Manual07_30"", ""Manual07_31"", ""Manual07_32""]"
"269","""1. With the machine turned off, press and hold down the Lungo button for 5 seconds. <PIC>\n2. LEDs will blink fast 3 times to confirm the machine has been reset to factory settings. <PIC>\n3. LEDs will then continue to blink normally, as heating up, until ready. Steady lights indicate the machine is ready. <PIC>"", [""Manual07_33"", ""Manual07_34"", ""Manual07_35""]"
"270","""To clean your coffee maker and extend its lifespan:\n- Unplug the machine and let it cool down before cleaning. Never immerse it in water.\n- Clean the coffee outlet regularly with a soft damp cloth <PIC>.\n- The maintenance unit can be removed in separate pieces for easy cleaning <PIC>.\n- Use a damp cloth and mild cleaning agent for the surface.\n- Do not use strong cleaning agents, solvents, sharp objects, brushes, a dishwasher, or steam/pressure cleaners."", [""Manual07_47"", ""Manual07_48""]"
"271","""To open the wet storage compartment under the swim platform: (1) Pull the lock handle up <PIC>. (2) Turn the lock handle clockwise, and then open the rear platform hatch <PIC>."", [""Manual09_143"", ""Manual09_144""]"
"272","""To open the livewell, pull the latch to open the livewell lid <PIC> <PIC>. To add water, push the livewell switch to turn on the livewell pump and supply water <PIC>. When there is sufficient water, push the switch to turn off the pump."", [""Manual09_153"", ""Manual09_154"", ""Manual09_155""]"
"273","""The maintenance setting screen displays the number of hours that the engines have been running since the last maintenance <PIC>. It can be accessed by selecting the \""Wellness\"" button on the setting screen <PIC>."", [""Manual09_83"", ""Manual09_72""]"
"274","""The factory reset screen shows \""Factory Reset\"", \""Reset all parameters to factory setting?\"", and the \""Reset\"" and \""Back\"" buttons <PIC>."", [""Manual09_87""]"
"275","""The trip screen displays the hours of engine operation, fuel consumption, and other information. It includes items such as water temperature, average fuel consumption, trip distance, fuel used, fuel flow, highest speed, average speed, and engine hours <PIC> <PIC>."", [""Manual09_69"", ""Manual09_70""]"
"276","""When the remote control levers are moved farther forward, the shift gates are lifted all the way up <PIC>. All jet thrust is to the rear, which moves the boat forward."", [""Manual09_50""]"
"277","""Make sure the steering wheel is not loose. There should not be any free play, either in-and-out or in rotation. Always check throttle, shift, and steering controls for proper operation before starting the boat."", []"
"278","""One fire extinguisher (chemical-type, 2 lbs or more) is to be mounted in the lockable storage compartment. If you choose to have two, the other is to be mounted in the battery compartment <PIC>. The fire extinguisher located near the engine compartment should be a “clean agent” type (such as CO2 or FE-36™, 5 lbs or more) <PIC>."", [""Manual09_211"", ""Manual09_212""]"
"279","""Grease the throttle-cable inner wires at the pulley wheel of the APS. <PIC>"", [""Manual09_263""]"
"280","""When not using the camera, remove the battery and attach the protective cover to prevent shorting <PIC>. If the battery is left in the camera for a prolonged period without use, it may discharge excessively and affect its service life. Before using the camera again, be sure to recharge the battery. For details on recharging, refer to the instructions for Battery Pack BP-511A."", [""Manual10_10""]"
"281","""Load a fully charged BP-511A battery pack into the camera."", []"
"282","""To connect the camera to a household power outlet, use the optional AC Adapter Kit ACK-E2 <PIC>. Place the cord in the groove, open the battery compartment cover and the DC coupler cord notch cover <PIC>. Insert the DC coupler until the lock position, put the cord through the notch, and close the cover <PIC>."", [""Manual10_237"", ""Manual10_19"", ""Manual10_20""]"
"283","""To mount the lens:\n1. Remove the rear lens cap and the body cap by turning them as shown by the arrow. <PIC>\n2. Align the EF-S lens with the camera's white EF-S lens mount index and turn the lens as shown by the arrow until it clicks in place. When attaching a lens other than an EF-S lens, align the lens with the red EF lens index mark. <PIC>\n3. When attaching the lens, take care to prevent dust from entering the camera through the lens mount. <PIC>"", [""Manual10_21"", ""Manual10_22"", ""Manual10_24""]"
"284","""To install the card into the camera:\n1. Open the cover by sliding it as shown by the arrow <PIC>.\n2. Face the label side toward you and insert the end with the small holes into the camera <PIC>. The CF card eject button will pop out."", [""Manual10_25"", ""Manual10_26""]"
"285","""The provided manual does not contain information on how to remove the camera shutter button. It only describes how to use the shutter button, such as pressing it halfway to activate autofocusing and automatic exposure, and pressing it completely to take a picture."", []"
"286","""To replace the date/time battery:\n1. Turn the power switch to OFF, open the cover, and remove the battery. <PIC>\n2. Take out the battery holder. <PIC>\n3. Replace the battery in the battery holder, making sure it is in the proper +/- orientation. <PIC>\n4. Close the cover. <PIC>\nBe sure to use a new CR2016 lithium battery."", [""Manual10_46"", ""Manual10_47"", ""Manual10_48"", ""Manual10_49""]"
"287","""This is called \""focus lock.\"" After achieving focus, you can lock the focus on a subject and recompose the shot. Focus lock works only in the One-Shot AF mode."", []"
"288","""To use the eyepiece cover (useful during self-timer or remote operation to prevent stray light from affecting exposure):\n1. Remove the eyecup by pushing it upward from the bottom. <PIC>\n2. Attach the eyepiece cover by sliding it down into the eyepiece groove. <PIC>"", [""Manual10_154"", ""Manual10_155""]"
"289","""To select the AF mode before taking a picture:\n1. On the lens, set the focus mode switch to <AF>. <PIC>\n2. Set the Mode Dial to a Creative Zone mode.\n3. Press the <AF-WB> button. <PIC>\n4. While looking at the LCD panel, turn the <> dial to select the desired AF mode (ONE SHOT, AI FOCUS, or AI SERVO). <PIC>"", [""Manual10_99"", ""Camera_30"", ""Camera_31""]"
"290","""Set the Mode Dial to \""P\"" for Program AE in the Creative Zone."", []"
"291","""To view camera images on a TV, follow these steps:\n1. Always turn off the camera and the television before connecting them with the provided video cable.\n2. Set the power switch to ON.\n3. Press the playback button <PIC>. The image will appear on the TV screen (nothing will be displayed on the camera's LCD monitor).\n4. If the image is not displayed properly, ensure the proper video system format is set in [Video system].\n5. After finishing, set the switch to OFF to turn the TV off, then disconnect the video cable."", [""Manual10_183""]"
"292","""Press the playback button to display the image <PIC>. Turn the dial to select the image to be erased. Then turn the dial to select [Erase] and press the SET button <PIC>. The access lamp will blink and the image will be erased."", [""Manual10_184"", ""Manual10_186""]"
"293","""To erase all images:\n1. Press the playback button to display the image.\n2. Press the erase button to display the erase menu <PIC>.\n3. Turn the dial to select [All], then press the SET button <PIC>.\n4. Turn the dial to select [Erase], then press the SET button. The access lamp will blink and the images will be erased <PIC>.\nNote: Protected images will not be erased."", [""Camera_58"", ""Camera_59"", ""Manual10_186""]"
"294","""To print photos using the CP Direct method: 1. On the menu, set [Communication] to [PTP]. 2. Set the [Style]. 3. Turn the dial to select [OK], then press the SET button to start printing. <PIC>"", [""Manual10_188""]"
"295","""Look through the camera on the Dashboard to fine tune the picture. The camera sensor and lens unit can be physically tilted through a range of 65 degrees, rotated through a range of 350 degrees, and panned through a range of 350 degrees <PIC>. The image can only be rotated by 180 degrees in software, while zoom and focus can be adjusted remotely using the Dashboard."", [""Manual33_7""]"
"296","""The components you should have include the Right Earbud, Left Earbud <PIC>, and Charging Case <PIC>."", [""Manual12_2"", ""Manual12_3""]"
"297","""1. Insert the USB-C cable into the charging port located at the back of the charging case <PIC>. 2. Insert the standard USB cable into any suitable USB port <PIC>."", [""earphones_04"", ""earphones_05""]"
"298","""When pairing and connecting via Bluetooth, you might encounter these scenarios: 1. Auto-reconnect: If previously paired to a nearby device, they will automatically re-connect to it <PIC>. 2. Multipoint connection: Turn Bluetooth OFF on the first device to pair with a second device; turning it back ON will auto-reconnect the first device. 3. Pairing a new device: Turn Bluetooth OFF on your device or press and hold either earbud to enter pairing mode."", [""Manual12_7""]"
"299","""The two main controlling functions of the earphones are Voice Control and the earphones App (which allows you to customize button actions and enable advanced features)."", []"
"300","""Other functions include: activate phone Voice Assistant (press and hold to first beep then let go) <PIC>; activate music app (press and hold to first beep then let go); turn ON/OFF ambient awareness and ANC Modes (press the left earbud to cycle modes) <PIC>; turn ON/OFF Low Latency Mode (press and hold to second beep then let go) <PIC> <PIC>. You can also use the App to enable hands-free voice control, customize button actions, browse advanced features, and update firmware."", [""earphones_01"", ""earphones_02"", ""earphones_03"", ""Manual12_10""]"
"301","""Earbuds must be disconnected from Bluetooth and removed from the case to reset. To perform a factory reset, press and hold for 6 seconds to erase all settings. To perform a hardware reset (if earbuds lock up), press and hold for 10 seconds <PIC>, then press again to power on <PIC>."", [""Manual12_11"", ""Manual12_12""]"
"302","""The maintenance and care policies include: Clean with a soft cloth or paper towel and never use harsh chemicals or detergents. Ensure earphones are dry before charging. Store in a cool, dry place when not in use, and avoid exposure to high temperatures or extreme cold. Never tug or yank cables connected to the charging case; connect and disconnect carefully. Recycle or dispose of properly according to local laws, and contact local recycling facilities or the manufacturer for more information."", []"
"303","""Based on the manual, the buttons, interfaces, and screen options are distributed across the following views:\n1. Navigation button view: Prev/Next Page button, Navigation/Menu button, Zoom in/out button, and Rotate button.\n2. Bottom view: 3.5 mm Earphone Jack and USB Port.\n3. Screen view (eBook mode): Pressing the \""M\"" button displays options including Page Jump, Save Mark, Load Mark, Del Mark, Browser Mode, Flip Time, Brightness, and Set color <PIC>."", [""eReader_08""]"
"304","""The Main Menu interface shows all features of the device, including \""Browser History\"", \""eBook\"", \""Music\"", \""Video\"", \""Photo\"", \""Record\"", \""Explorer\"", and \""settings\"". You can select the desired function and enter it <PIC>. The Browser History displays recently browsed files. You can move the Navigation keys to select a book and press the \""M\"" button to enter, which will take you to the last page you read. Note: If recently read files from the Micro SD card are deleted, the records will remain in the \""Browser history\"" list but cannot be opened <PIC>."", [""Manual13_3"", ""Manual13_4""]"
"305","""When in eBook mode, pressing the \""M\"" button allows you to enter \""Page Jump\"", \""Save Mark\"", \""Load Mark\"", \""Del Mark\"", \""Browser Mode\"", \""Flip Time\"", \""Brightness\"", and \""Set color\"" <PIC> <PIC>."", [""eReader_08"", ""Manual13_5""]"
"306","""To listen to music, connect the device to your computer via USB cable and drag your audio files (supports MP3, WMA, WAV, ACC, ECT formats) into the device. Open the audio files list in the main menu, select the desired file, and press \""M\"" to enter play mode <PIC>. Use the \""left/right direction\"" keys to switch tracks, the \""Up/Down\"" keys to adjust the volume, and the \""Play/Pause\"" key to pause or continue <PIC>."", [""Manual13_8"", ""Manual13_7""]"
"307","""Yes, this eReader can record voice. To operate this feature, select \""Record\"" in the main menu <PIC>, then click the \""M\"" button to enter the voice record mode <PIC>."", [""Manual13_3"", ""Manual13_11""]"
"308","""To play video, go to \""Video\"" in the main menu <PIC> and press the \""M\"" key to enter the Video mode. This device supports AVI, RMVB, and MPEG2 video formats. The video playing interface is shown as <PIC>."", [""Manual13_3"", ""Manual13_9""]"
"309","""Yes, this eReader supports JPEG and BMP formats. To operate the photo viewer: 1. Select \""Photo\"" from the Main Menu <PIC> and press the \""M\"" button to enter Photo mode. 2. Press the \""left / right\"" navigation keys to view the previous or next photo. 3. Press the \""Play/Pause\"" key to rotate the photo <PIC>. 4. Press the zoom keys to zoom in or out."", [""Manual13_3"", ""Manual13_10""]"
"310","""Troubles and solutions include: 1. Defective AC adaptor/USB cable: Contact manufacturer for replacement. 2. No sound/noise with earphones: Adjust volume (not at 0), try another earphone, or ensure high music file compression rate. 3. Cannot download files: Check for defective USB cable, ensure memory is not full, or install USB2.0 driver for Windows 98. 4. Cannot play certain music formats: Contact tech support. 5. Device damage: Avoid unnecessary pressure or striking the device."", []"
"311","""Put the product near a telephone wall jack and a standard AC power outlet. To program this information into your machine, see the Online User's Guide: Set the Date and Time and Set Your Station ID."", []"
"312","""To ensure your safety when using the fax, please pay attention to the following:\n• Do not use the product near water or wet locations (e.g., bathtub, sink, washing machine, or swimming pool).\n• Use only a No. 26 AWG or larger telecommunication line cord.\n• Install the product near an easily accessible AC power outlet so you can unplug it in an emergency.\n• Do not place the product near sources of interference, such as speakers or cordless telephone base units.\n• Do not place anything in front of the product that will block printed pages or received faxes.\n• Read and follow all warnings and instructions marked on the product."", []"
"313","""To prevent injuries, be careful not to put your fingers in the areas shown in the illustrations <PIC>. When changing the tray size from the large paper size to the original size, be careful not to pinch your fingers in the gaps or slots in the bottom of the tray <PIC>."", [""Manual15_6"", ""Manual15_7""]"
"314","""When moving and placing your fax, please pay attention to the following:\n1. Do not place it near water or locations that may become wet, such as near a bathtub, wash bowl, kitchen sink, washing machine, in a wet basement, or near a swimming pool.\n2. Do not place it next to sources of interference, such as speakers or the base units of cordless telephones.\n3. Do not place anything in front of the product that will block printed pages or received faxes."", []"
"315","""Yes, they are important. DO NOT remove or damage any of the caution or warning labels inside the product <PIC> <PIC>."", [""Manual15_14"", ""Manual15_15""]"
"316","""Yes. For models with the fax function in Canada, the product meets the applicable Innovation, Science and Economic Development Canada technical specifications. There is also an Industry Canada Compliance Statement confirming the device complies with Industry Canada's licence-exempt RSSs. Additionally, the machine is approved for use in the country of purchase only, and local fax companies or dealers will only support machines purchased in their own country."", []"
"317","""1. Secure the LP tank onto the grill and turn all control knobs to the OFF position.\n2. Turn the LP tank OFF by turning the OPD hand wheel clockwise to a full stop.\n3. Remove the protective cap from the LP tank valve. Always use the cap and strap supplied with the valve <PIC>. Do not use a POL transport plug.\n4. Hold the regulator and insert the nipple into the LP tank valve. Hand-tighten the coupling nut, holding the regulator in a straight line with the LP tank valve so as not to cross-thread <PIC>. The nipple has to be centered into the LP tank valve <PIC>.\n5. Turn the coupling nut clockwise and tighten to a full stop. An additional one-half to three-quarters turn is required to complete the connection. Tighten by hand only; do not use tools."", [""Manual19_16"", ""Manual19_17"", ""Manual19_18""]"
"318","""To perform a leak test on the valves, hose, and regulator for your safety, follow these steps:\n1. Turn all grill control knobs to OFF.\n2. Ensure the regulator is tightly connected to the LP tank.\n3. Completely open the LP tank valve by turning the hand wheel counterclockwise. If you hear a rushing sound, turn the gas off immediately, as there is a major leak.\n4. Use a clean paintbrush and a 50/50 mild soap and water solution. Brush the soapy solution onto the areas indicated by arrows in the figure <PIC>.\n5. If \""growing\"" bubbles appear, there is a leak. Close the LP tank valve immediately and retighten the connections.\n6. Always close the LP tank valve after performing the leak test by turning the hand wheel clockwise.\n\nSafety precautions:\n- Do not smoke or use an open flame to check for gas leaks.\n- Perform the leak test outdoors in a well-ventilated area, away from ignition sources, open flames, or sparks.\n- Repeat the leak test each time the LP tank is exchanged or refilled."", [""Manual19_20""]"
"319","""Always cook with the lid closed. Cooking times may vary due to weather conditions. During cold and windy conditions, the temperature setting may need to be increased to ensure sufficient cooking temperatures <PIC>."", [""Manual19_37""]"
"320","""The provided manual excerpts do not contain the first three steps of the assembly process."", []"
"321","""Here are some safety tips for using the grill:\n- Do not let children operate or play near the grill. Keep the grill area clear of flammable materials.\n- Use the grill only in a well-ventilated space. NEVER use it in enclosed spaces like a garage, porch, or under an overhead structure.\n- Do not block holes in the bottom or back of the grill. Check burner flames regularly.\n- Before opening the LP tank valve, check the coupling nut for tightness. Turn off all control knobs and LP tank valve when not in use.\n- Never move the grill while in operation or still hot.\n- Use long-handled barbecue utensils and oven mitts. Maximum load for shelves is 10 lbs. Do not use a cooking pot larger than 9 inches on the grid.\n- The grease tray must be emptied after each use. Do not remove it until the grill has completely cooled.\n- If ignition does not occur in 5 seconds, turn the burner control knob OFF, wait 5 minutes, and repeat.\n- Do not use water on a grease fire. If a grease fire develops, turn knobs and LP tank off. Do not leave the grill unattended while preheating. <PIC>"", [""Manual19_26""]"
"322","""The identification numbers include the Primary Identification (PRI-ID) number, Hull Identification Number (HIN), and engine serial number. The PRI-ID number is stamped on a label <PIC> attached inside the engine compartment <PIC>."", [""Manual20_0"", ""jetski_01""]"
"323","""Cruising limitations include: Scan constantly for people, objects, and other watercraft. Be alert for conditions that limit your visibility or block your vision of others <PIC>. Operate defensively at safe speeds and keep a safe distance away from people, objects, and other watercraft. Do not follow directly behind watercraft or other boats. Do not go near others to spray or splash them with water."", [""Manual20_16""]"
"324","""Cruising limitations include: constantly scan for people, objects, and other watercraft, and be alert for conditions that limit visibility or block your vision of others <PIC>. Operate defensively at safe speeds and keep a safe distance away from people, objects, and other watercraft. Do not follow directly behind watercraft or other boats, and do not go near others to spray or splash them with water."", [""Manual20_16""]"
"325","""To use your jetski, you must follow these operation requirements:\n1. Comply with all waterway rules and regulations.\n2. The recommended minimum operator age is 16. Minors must be supervised by adults, and you should know your state's age and training requirements. A boating safety course is recommended.\n3. All riders must wear a Coast Guard approved personal flotation device (PFD) suitable for personal watercraft use.\n4. All riders must wear protective clothing, such as a wetsuit bottom or thick, tightly woven, sturdy and snug-fitting apparel like denim. Normal swimwear or spandex fabrics do not provide adequate protection."", []"
"326","""Jet thrust turns the watercraft. Releasing the throttle completely produces only minimum thrust, resulting in rapidly decreasing steering ability at speeds above trolling. The watercraft will not respond to handlebar input once the engine slows down until throttle is applied again or trolling speed is reached. It is also legally considered a powerboat."", []"
"327","""When encountering other vessels, there are three main situations: Meeting (approaching head-on), Crossing (traveling across another vessel's path), and Overtaking (passing or being passed). In a meeting situation, both you and the meeting vessel must alter course to avoid each other. You should give the right-of-way to any vessels shown in the white area <PIC> (you are the give-way vessel). Any vessels in the shaded area must yield to you."", [""Manual20_26""]"
"328","""To remove the seat: Pull the seat latch up, and then pull the seat off. To install the seat: Insert the projection on the front of the seat into the stay on the deck, and then push the rear of the seat down to lock it in place securely."", []"
"329","""To open the hood, push the latch down, and then lift the hood up <PIC>. To close the hood, push the hood down to lock it in place <PIC>. Make sure that the hood is properly secured before operating the watercraft."", [""Manual20_38"", ""Manual20_39""]"
"330","""To remove the oil tank filler cap <PIC>, turn it counterclockwise. To remove the fuel tank filler cap <PIC>, turn it counterclockwise. Make sure that the filler caps are properly secured before operating the watercraft."", [""Manual20_41"", ""Manual20_40""]"
"331","""To manipulate the two kinds of engine switches:\n1. Engine shut-off switch: Remove the clip to stop the engine and disable it from starting. Attach the engine shut-off cord to your wrist, and then install the clip to the engine shut-off switch.\n2. Start switch: Push to start the engine. <PIC>"", [""Manual20_24""]"
"332","""Squeeze the throttle lever to increase engine speed. Release the throttle lever to decrease engine speed or to return it to the idle position. <PIC>"", [""Manual20_47""]"
"333","""The QSTS selector is located at the left handlebar grip and adjusts the watercraft's trim angle by changing the jet thrust nozzle angle vertically <PIC>. Caution: Do not turn the QSTS selector at full throttle to avoid damage. The neutral \""N\"" position is suitable for most conditions; select bow down or bow up to enhance specific performance."", [""Manual20_52""]"
"334","""The hour meter shows the hours of engine operation that have elapsed since the watercraft was new, making it easy to follow the maintenance schedule <PIC>. The fuel meter is provided for convenient fuel level checking while riding, and it has eight segments which show the amount of fuel remaining in the fuel tank <PIC>."", [""Manual20_54"", ""Manual20_58""]"
"344","""To inspect the fuel tank, check it <PIC> for leakage or water. If water is found in the fuel system or the tank needs cleaning, have a Yamaha dealer service the watercraft. The watercraft is equipped with a disposable fuel filter <PIC>. It should be replaced after the initial 10 hours or first month, and every 200 hours or 24 months thereafter, or if water is found. Do not try to replace the fuel filter yourself; have a Yamaha dealer replace it if necessary."", [""Manual20_82"", ""Manual20_81""]"
"345","""To adjust the adjustable sponson:\n1. Remove the bolts on both sponsons. <PIC>\n2. Remove both sponsons, and then install them in the desired position."", [""Manual20_83""]"
"346","""1. Beach the watercraft and check the intake and impeller. Always stop the engine before beaching. 2. Shut the engine off and remove the clip from the engine shut-off switch. 3. Turn the watercraft on its side as shown <PIC> and remove the weeds or debris."", [""Manual20_85""]"
"347","""Starting from a dock:\n1. Board the watercraft from the side.\n2. Attach the engine shut-off cord to your left wrist, and then install the clip to the engine shut-off switch.\n3. Push the watercraft away from the dock, grip the handlebars with both hands, place both feet on the floor of the footwell, start the engine, and start off. <PIC>"", [""Manual20_89""]"
"348","""1. The passenger must steady the watercraft while the operator climbs on board and sits astride the seat.\n2. The operator pulls himself up onto the platform into a seating position, then balances the watercraft <PIC>.\n3. Attach the lanyard to your left wrist, then install the clip on the lanyard to the engine shut-off switch.\n4. Start the engine and keep it at idle.\n5. The passenger pulls himself up on the platform, kneels down, then crawls onto the seat as the watercraft accelerates.\n6. The operator should check to see that the passenger has his or her feet on the floor of the footwell and that he or she is securely holding on to the operator <PIC>.\n7. The watercraft can now be accelerated to planing speed, then the operator can reduce the throttle to the desired running speed <PIC> <PIC>."", [""jetski_06"", ""jetski_07"", ""jetski_08"", ""Manual20_91""]"
"349","""If it is difficult to balance the watercraft at a standstill, proceed as follows: 1. The passenger must steady the watercraft while the operator is boarding. 2. The operator pulls himself up onto the platform into a seating position, then balances the watercraft. <PIC>"", [""jetski_06""]"
"350","""The maximum load of the jetski is 160 kg (353 lb), which is the total weight of cargo, operator, and passenger."", []"
"351","""The overview of the base station includes buttons to find handsets (press) and enter the registration mode (press and hold) <PIC> <PIC>, along with a speaker <PIC>."", [""Manual22_18"", ""Manual22_19""]"
"352","""To connect the base station, connect each end of the power adapter to the DC input jack at the bottom of the base station and the power socket on the wall. Then, connect each end of the line cord to the telephone socket at the bottom of the base station and the telephone socket on the wall. <PIC>"", [""Manual22_22""]"
"353","""The batteries are pre-installed in the handset. Pull the battery tape off from the battery door before charging. <PIC> Make sure that you have read the safety instructions before you connect and install your handset. <PIC>"", [""Manual22_23"", ""Manual22_20""]"
"354","""The battery icon displays the current battery level <PIC>. When the handset is off the base station, the bars indicate the battery level (full, medium and low). When the handset is on the base station/charger, the bars flash until charging is complete. The empty battery icon flashes when the battery is low and needs recharging <PIC>."", [""Manual22_28"", ""Manual22_29""]"
"355","""If your handset is in searching status, you can do the following:\n- Make sure that the base station has power supply.\n- Register the handset to the base station.\n- Move the handset closer to the base station."", []"
"356","""You can know the current status with different LED indicator behavior on the base station as shown in the table below: <PIC>"", [""Manual22_46""]"
"357","""You can know the current status with different LED indicator behavior on the base station as shown in the table below: <PIC> Steady on: There is no new message and the memory is not full, the handset is switched on, or enter the paging mode. Flashing: There is a new message and the memory is not full, there is an incoming call, recording an incoming message/announcement, message playback, or remote access/listen to messages from the handset. Flashing (Fast): There is no new message and the memory is full, or enter the registration mode."", [""Manual22_46""]"
"358","""1. Remove the hairpin cotters and remove the 2 pins.\n2. Lower the roll bar to the down position (note that there are 2 down positions) <PIC>.\n3. Install the 2 pins and secure them with the hairpin cotters."", [""Manual23_32""]"
"359","""To adjust the rear-shock assemblies, position them anywhere in the slot to achieve your most comfortable ride. The slots have detent positions for reference, but you are not limited to them <PIC>. Ensure that the left and right rear-shock assemblies are always adjusted to the same positions <PIC>."", [""Manual23_37"", ""Manual23_38""]"
"360","""To adjust the height of cut for a lawn mower with an electric deck lift:\n1. Push up on the deck-lift switch <PIC>.\n2. Select a hole in the height-of-cut bracket corresponding to the height of cut desired, and insert the pin <PIC>."", [""Manual23_55"", ""Manual23_56""]"
"361","""The provided manual excerpts do not contain information on how to load the lawn mower."", []"
"362","""To remove the mower deck: 1. Park the machine on a level surface, disengage the blade-control switch (PTO), and engage the parking brake. 2. Shut off the engine, remove the key, and wait for all moving parts to stop. 3. Place the height-adjustment pin in the 7.6 cm (3 inch) cutting-height location. 4. Remove the belt covers. 5. Remove the mower belt. 6. Raise the machine and support it with jack stands. 7. Use a 1/2-inch ratchet or breaker bar in one of the square holes in the idler arm to remove tension on the idler spring <PIC>. 8. Remove the existing belt from the idler pulley, 2 hydraulic-pump-drive pulleys, and engine pulley."", [""Manual23_102""]"
"363","""1. Start the engine and let it run for 5 minutes to warm the oil.\n2. Park the machine so that the drain side is slightly lower than the opposite side.\n3. Disengage the blade-control switch (PTO) and engage the parking brake.\n4. Drain the oil.\n5. Slowly pour approximately 80% of the specified oil into the filler tube and slowly add the additional oil to bring it to the Full mark <PIC> <PIC>.\n6. Start the engine and drive to a flat area.\n7. Check the oil level again.\nNote: Dispose of the used oil at a recycling center. If changing the engine-oil filter, change the filter <PIC> ensuring the gasket touches the engine, then turn it an extra 3/4 turn, and fill the crankcase with new oil."", [""Manual23_75"", ""Manual23_76"", ""Manual23_77""]"
"364","""To remove the filters:\n1. Park the machine on a level surface, disengage the blade-control switch (PTO), and engage the parking brake.\n2. Shut off the engine, remove the key, and wait for all moving parts to stop.\n3. Release the latches on the air cleaner and pull the air-inlet cover off the air-cleaner body <PIC>.\n4. Gently slide the primary filter out of the air-cleaner body <PIC>.\n5. Remove the inner filter only if you intend to replace it."", [""Manual23_83"", ""Manual23_82""]"
"365","""To replace the mower belt:\n1. Shut off the engine, remove the key, and wait for all moving parts to stop.\n2. Use a ratchet in the square hole in the idler arm to remove tension on the idler spring <PIC> <PIC>.\n3. Remove the belt guide on the spring-loaded idler arm <PIC>.\n4. Remove the existing belt from the mower-deck pulleys and the clutch pulley <PIC> <PIC>.\n5. Install the new belt around the mower pulleys and the clutch pulley under the engine <PIC>.\n6. Install the belt guide on the idler arm <PIC>.\n7. If necessary, remove the belt covers, loosen the mower deck idler, remove the bolts and nuts <PIC>, and slide the deck out to access the belt."", [""Manual23_100"", ""Manual23_102"", ""Manual23_128""]"
"366","""Touch the Control Set-Up pad to change the oven's default settings for sound, clock, display speed and defrost weight from Lbs to Kg."", []"
"367","""To set the light timer:\n1. Touch Light Timer pad (Press once for AM, twice for PM).\n2. Enter the time you want the Light to turn on using the number keypad.\n3. Touch Light Timer pad again (Press once for AM, twice for PM).\n4. Enter the time you want the Light to turn off using the number keypad.\n5. Touch Start pad. <PIC>"", [""Manual24_11""]"
"368","""To set your favorite recipe:\n1. Touch the Favorite Recipe pad.\n2. Enter the desired cook time using the number keypad.\n3. Touch the Start pad. <PIC>"", [""Manual24_16""]"
"369","""To reheat food, you can use the Reheat (Sensor) or Pizza (Sensor) functions without programming times and power levels.\nFor Reheat (Casserole, Dinner Plate, Soup/Sauce):\n1. Touch the Reheat pad.\n2. Choose the food category by touching the corresponding number pad <PIC>.\nExample procedure <PIC>.\nRecommended amounts <PIC>.\nFor Pizza:\n1. Touch the Pizza pad.\nRecommended amounts and procedure <PIC>."", [""Manual24_29"", ""Manual24_30"", ""Manual24_31"", ""Manual24_24""]"
"370","""To use Auto Defrost:\n1. Touch Auto Defrost pad.\n2. Choose food category. Touch number pad (1 for Meat, 2 for Poultry, 3 for Fish) <PIC>.\n3. Enter the weight by touching number pads.\n4. Touch Start pad <PIC>.\nNOTE: The oven will beep during the DEFROST cycle. At this time, open the door and turn, separate, or rearrange the food."", [""Manual24_32"", ""Manual24_33""]"
"371","""1. To remove the grease filter, slide it to the side, pull downward, and push to the other side to let it drop out <PIC>.\n2. Wash it in a dishwasher or soak it in hot water with a mild detergent. Rinse well and shake to dry. Note: Do not use ammonia, and avoid placing the aluminum filter in a dishwasher as it will darken <PIC>.\n3. To reinstall, slide the filter into the side slot, then push up and toward the oven center to lock it <PIC>."", [""Manual24_47"", ""Manual24_48"", ""Manual24_49""]"
"372","""To replace the charcoal filter:\n1. Unplug the oven or turn off power at the main power supply.\n2. Remove the two vent grill mounting screws (2 middle screws) <PIC>.\n3. Tip the grill forward, then lift it out.\n4. Remove the old filter <PIC>.\n5. Slide a new charcoal filter into place. The filter should rest at the angle shown.\n6. Slide the bottom of the grill into place. Push the top until it snaps into place. Replace the mounting screws. Turn the power back on at the main power supply and set the clock <PIC>."", [""Manual24_50"", ""Manual24_51"", ""Manual24_52""]"
"373","""To replace the oven light (wear gloves to avoid injury): 1. Unplug the oven or turn off power at the main power supply. 2. Remove the vent cover mounting screws (2 middle screws). 3. Tip the cover forward, then lift out to remove. <PIC> 4. Remove the bulb holder. <PIC> 5. Lift up the bulb holder. <PIC> 6. Replace the bulb with a 30 or 40 watt appliance bulb. 7. Replace the bulb holder. 8. Slide the bottom of the vent cover into place, push the top until it snaps into place, replace the mounting screws, and turn the power back on."", [""Manual24_54"", ""Manual24_55"", ""Manual24_56""]"
"374","""To set the PCI Express 3.0 x16 slots:\n- **Physical Setup**: For a single VGA card, use the PCIe 3.0 x16_1 slot (gray) for better performance. When using multiple graphics cards, connect a chassis fan to the CHA_FAN1/2/3 connector for a better thermal environment and ensure sufficient power is provided.\n- **BIOS Configuration**: In the PEG Port Configuration, use the \""PCIEx16_1/ PCIEx16_2 Link Speed\"" option to configure the speed for slot 1 or 2. Available options are [Auto], [Gen1], [Gen2], and [Gen3].\n- **Operating Modes**: The slots operate in different modes depending on the number of installed cards (Single: x16, Dual: x8/x8, Triple: x8/x8/x4) <PIC>."", [""Manual25_31""]"
"375","""The motherboard features a Clear RTC RAM (2-pin CLRTC) jumper, which allows you to clear the CMOS memory of date, time, and system setup parameters (such as system passwords) by erasing the CMOS RTC RAM data <PIC>. Please note that the fan connectors are not jumpers; do not place jumper caps on the fan connectors <PIC>."", [""Manual25_33"", ""Manual25_41""]"
"376","""The rear panel connectors include: 1. PS/2 Mouse/Keyboard combo port. 2. Display Port. 3. Video Graphics Adapter (VGA) port. 4. LAN (RJ-45) port. <PIC>"", [""Manual25_35""]"
"377","""You can turn off the model name LEDs or change the lit modes from the BIOS or the LED Control app in Ai Suite 3. To change the setting in BIOS, go to Advanced > Onboard Devices Configuration > Model Name LED Lighting. The lit modes are <PIC>."", [""Manual25_56""]"
"378","""To update the BIOS file:\n1. On the FreeDOS prompt, type bupdater /pc /g and press <Enter>.\n2. On the BIOS Updater screen, press <Tab> to switch from Files panel to Drives panel then select D:.\n3. Press <Tab> to switch from Drives panel to Files panel then press <Up/Down or Home/End> keys to select the BIOS file and press <Enter>. <PIC>\n4. After the BIOS Updater checks the selected BIOS file, select Yes to confirm the BIOS update."", [""Manual25_63""]"
"379","""To create RAID:\n1. Press <F11> on your keyboard or click the icon from the BIOS screen to open EZ Tuning Wizard screen.\n2. Click RAID then click Yes to enable RAID. Ensure that your HDDs have no existing RAID volumes and connect your HDDs to Intel SATA connectors.\n3. The available HDDs display. Click Next to continue. <PIC>\n4. Select the type of storage for your RAID: Easy Backup or Super Speed, then click Next. <PIC>\n5. For Super Speed, select from Super Speed (RAID0) or Super Speed (RAID5) then click Next. <PIC>\n6. After selecting the type of RAID, click Yes to continue the RAID setup.\n7. After the RAID setup is done, click Yes to exit the setup then click OK to reset your system.\nAdditionally, if you intend to create a Serial ATA RAID set, set the SATA Mode item in the BIOS to [RAID]. You can create RAID 0, 1, 5, and 10 configuration through the onboard Intel chipset. <PIC> <PIC>"", [""Manual25_72"", ""Manual25_73"", ""Manual25_75"", ""Manual25_48"", ""Manual25_49""]"
"380","""Requirements: 1 x support DVD, 1 x OS 7 installation source, 1 x SATA ODD, 1 x USB device (ODD or storage, 8 GB or more capacity).\n1. Insert the OS 7 installation DVD into a USB ODD, or copy all files to a USB storage device on a working system.\n2. Connect the USB ODD or USB storage device to your platform.\n3. Power on your system and press F8 during POST to enter the boot screen.\n4. Select the ODD or USB storage device as the boot device. <PIC>\n5. The USB 3.0 driver will be loaded automatically. The “Setup is starting...” screen will show up if loaded correctly. <PIC>\n6. Follow the onscreen instructions to complete the OS 7 installation."", [""Manual25_87"", ""Manual25_88""]"
"381","""Place nine screws into the holes indicated by circles to secure the motherboard to the chassis. Do not over tighten the screws! Doing so can damage the motherboard. <PIC>"", [""Manual25_6""]"
"382","""To prepare the CPU installation:\n- Unplug all power cables before installing the CPU <PIC>.\n- Ensure that you install the correct CPU designed for the LGA1151 socket only. DO NOT install a CPU designed for LGA1150, LGA1155, and LGA1156 sockets on the LGA1151 socket.\n- Upon purchase of the motherboard, ensure that the PnP cap is on the socket and the socket contacts are not bent <PIC>.\n- Ensure that the CPU is firmly clicked into place before installing it onto the CPU socket on the motherboard <PIC> <PIC> <PIC>.\n- Use the CPU Installation Tool for installing the CPU only. DO NOT damage or bend the CPU Installation Tool. Always firmly hold both sides of the CPU Installation Tool when installing, removing, or picking up the CPU Installation Tool."", [""Manual25_9"", ""Manual25_10"", ""Manual25_11"", ""Manual25_12""]"
"383","""The motherboard comes with four DDR4 DIMM sockets. DO NOT install a DDR, DDR2, or DDR3 memory module to the DDR4 slot <PIC>. DIMM voltage below 1.65V is recommended to protect the CPU. Due to memory address limitation on a 32-bit OS, the actual usable memory for 4GB or more is about 3GB or less; therefore, use a maximum of 3GB system memory for a 32-bit OS, or install a 64-bit OS for 4GB or more. The default memory operation frequency is dependent on its SPD."", [""Manual25_18""]"
"384","""The Serial port connector (10-1 pin COM) is for a serial (COM) port. Connect the serial port module cable to this connector, then install the module to a slot opening at the back of the system chassis <PIC>. Please note that the COM module is purchased separately."", [""Manual25_39""]"
"385","""The 14-1 pin TPM connector supports a Trusted Platform Module (TPM) system, which securely stores keys, digital certificates, passwords, and data. A TPM system also helps enhance network security, protects digital identities, and ensures platform integrity. <PIC>"", [""Manual25_40""]"
"386","""The Thermal sensor connector (2-pin T_SENSOR) is for the thermistor cable that allows you to monitor the temperature of your motherboard’s critical components and connected devices. The thermistor cable is purchased separately <PIC>."", [""Manual25_43""]"
"387","""To set quick release, press the quick release button down until it clicks and locks into the Vent position <PIC>. When pressed down, a jet of steam will eject through the top of the steam release valve, which is normal. When the pressure has been fully released, the float valve drops into the lid."", [""multi-use_pressure_cooker_and_air_fryer_01""]"
"388","""The pressure cooking lid is used for Pressure Cook, Sauté, Slow Cook, Steam, and Sous Vide <PIC>. Tip: A jingle sounds when the lid is in the correct position, and the display indicates OFF."", [""multi-use_pressure_cooker_and_air_fryer_03""]"
"389","""The float valve and silicone cap work together to seal in pressurized steam. These parts must be installed before use. Do not attempt to operate the Multi-use pressure cooker and air fryer without the float valve properly installed. Do not touch the float valve during use. <PIC>"", [""Manual30_18""]"
"390","""The anti-block shield prevents food particles from coming up through the steam release pipe, assisting with pressure regulation. It is integral to product safety and necessary for pressure cooking <PIC>. To install, place the shield over the prongs and press down until it snaps into position. Do not attempt to operate the pressure cooker without the anti-block shield installed <PIC>."", [""Manual30_19"", ""Manual30_35""]"
"391","""The quick release button controls the steam release valve. You can set it to the Seal position by flicking it to seal, or to the Vent position by pressing it to vent <PIC>."", [""Manual30_14""]"
"392","""Place the anti-block shield over the prongs and press down until it snaps into position <PIC>."", [""Manual30_35""]"
"393","""To install the float valve and silicone cap:\n1. Drop the narrow end of the float valve into the float valve hole on the top of the lid <PIC>.\n2. Place one finger on the flat top of the float valve, then turn the lid over.\n3. Firmly attach the silicone cap to the bottom of the float valve <PIC>.\nDo not attempt to operate the pressure cooker without them properly installed."", [""Manual30_18"", ""Manual30_37""]"
"394","""Align the grooves on the condensation collector over the tabs on the back of the cooker base and slide the condensation collector into place. <PIC>"", [""Manual30_38""]"
"395","""Place the sealing ring over the sealing ring rack and press it firmly into place to prevent puckering. When installed properly, the sealing ring is snug behind the sealing ring rack and should not fall out when the lid is turned over <PIC>."", [""Manual30_31""]"
"396","""To remove the silicone sealing ring, grip the edge of the silicone and pull the sealing ring out from behind the circular stainless-steel sealing ring rack <PIC>. The sealing ring is easiest to remove and install when it is wet and soapy."", [""Manual30_30""]"
"397","""The sealing ring creates an air-tight seal between the lid and the inner pot <PIC>. It must be installed before use, and only one ring should be installed at a time. Since silicone absorbs aromas and flavors, keeping extra rings is recommended to limit flavor transfer. Only use authorized sealing rings; do not use stretched or damaged ones, and always check for cuts, deformation, and correct installation before cooking. Replace the sealing ring every 12-18 months, or sooner if stretching, deformation, or damage is noticed."", [""Manual30_16""]"
"398","""The steam release valve sits loosely on the steam release pipe and is integral to product safety and necessary for pressure cooking. The quick release button controls the steam release valve to determine whether pressure is released or not <PIC>. When pressed down or when the cooker releases pressure, a jet of steam ejects from the top of the steam release valve <PIC>. WARNING: Do not cover or block the steam release valve in any way <PIC>."", [""Manual30_14"", ""multi-use_pressure_cooker_and_air_fryer_01"", ""Manual30_15""]"
"399","""The quick release button controls the steam release valve to release pressure. It stops cooking quickly and prevents overcooking, perfect for quick-cooking vegetables and delicate seafood <PIC>. To use it, press the quick release button down until it clicks and locks into the Vent position <PIC>. When pressed, a jet of steam ejects through the top of the steam release valve, which is normal. When pressure is fully released, the float valve drops into the lid <PIC>."", [""Manual30_14"", ""multi-use_pressure_cooker_and_air_fryer_01"", ""multi-use_pressure_cooker_and_air_fryer_02""]"
"400","""Natural Release (NR or NPR) means the cooker depressurizes naturally over time as the temperature drops. To use it, leave the quick release button in the Seal position (popped-up) after cooking completes <PIC> and turn Keep Warm off. The meal continues to cook (carryover cooking), which is great for large cuts of meat. Depressurization can take up to 40 minutes. When fully released, the float valve drops into the lid."", [""Manual30_9""]"
"401","""The provided manual excerpts do not contain information about the robot anatomy of the vacuum."", []"
"402","""The dual mode virtual wall barrier can be set to one of two modes to fit your home's cleaning needs (See Figure 1)."", []"
"403","""1. Press bin release button to remove bin. <PIC>\n2. Open bin door to empty bin. <PIC>"", [""Manual32_8"", ""Manual32_9""]"
"404","""To clean the vacuum cleaner filter, follow these steps:\n1. Remove the filter by grasping the yellow tab <PIC>.\n2. Shake off debris by tapping the filter against your trash container <PIC>.\n3. Reinsert the filter with the yellow tab facing up. Note that the filter door won't close unless the filter is reinserted."", [""Manual32_10"", ""Manual32_11""]"
"405","""The proper procedure for cleaning the full bin sensors is:\n1. Remove and empty the bin. <PIC>\n2. Wipe the sensors with a clean, dry cloth. <PIC>\n3. Wipe the inner and outer sensor ports on the bin with a clean, dry cloth. <PIC>"", [""Manual32_12"", ""Manual32_13"", ""Manual32_14""]"
"406","""The correct procedure for cleaning the extractors is as follows:\n1. Pinch the yellow extractor frame release tabs, lift up the extractor frame and remove any obstructions. <PIC>\n2. Remove the extractors and the yellow extractor caps. Remove any hair or debris collected underneath the caps and around the metal axles, then reinstall the extractor caps. <PIC>\n3. Remove hair and debris from the square and hexagonal plastic pegs on the other side of the extractors. <PIC>\n4. Clear the vacuum path. <PIC>\n5. Reinstall the extractors by matching the color and shape of the extractor pegs with the extractor icons on the cleaning head module."", [""Manual32_19"", ""Manual32_20"", ""Manual32_21"", ""Manual32_22""]"
"407","""To clean the sensors and charging contacts:\n1. Wipe the sensor with a clean, dry cloth. Do not spray cleaning solution directly on to the sensors or sensor openings. <PIC>\n2. Wipe the charging contacts on the robot and the Home Base with a clean, dry cloth. <PIC>\n\nTo clean the full bin sensors:\n1. Remove and empty the bin. <PIC>\n2. Wipe the sensors with a clean, dry cloth. <PIC>\n3. Wipe the inner and outer sensor ports on the bin with a clean, dry cloth. <PIC>"", [""Manual32_17"", ""Manual32_18"", ""Manual32_12"", ""Manual32_13"", ""Manual32_14""]"
"408","""Place the Home Base in an open, uncluttered area with the following clearances: at least 1.5 feet on each side, at least 4 feet in front and away from stairs, and at least 8 feet from virtual wall barriers. Always keep it plugged in and ensure it is in an area with consistent coverage to allow the vacuum to receive information via the app."", []"
"409","""1. Pull firmly on the front wheel to remove it <PIC>.\n2. Remove any debris from inside the wheel cavity.\n3. Spin the wheel by hand. If rotation is restricted, remove the wheel from its housing and push firmly to remove the axle and clear any debris or hair wrapped around it.\n4. Reinstall all parts when finished. Make sure the wheel clicks back into place."", [""Manual32_15""]"
"410","""1. Use a coin or small screwdriver to remove the screw. <PIC> 2. Remove the brush, clean the brush and the brush post, and reinstall the brush."", [""Manual32_16""]"
"411","""The dual mode virtual wall barrier keeps the vacuum in the places you want to be cleaned and out of the ones you don't. It features two modes: Halo Mode, which creates a protective zone to prevent the vacuum from bumping into items or crossing into undesired areas <PIC>; and Virtual Wall Mode, which functions as a virtual wall to block openings of up to 10 feet with an invisible, cone-shaped barrier <PIC>."", [""Manual32_5"", ""Manual32_6""]"
"412","""If the vacuum indicates a problem, it will emit a two-tone distress sound followed by a spoken message, and the troubleshooting indicator will blink. Troubleshooting steps include checking the app or online for detailed support and videos, and rebooting the vacuum by pressing and holding CLEAN for 10 seconds until all indicators illuminate, then release. Additionally, clear the vacuum path <PIC> and reinstall the extractors, matching the color and shape of the extractor pegs with the icons on the cleaning head module <PIC>."", [""Manual32_21"", ""Manual32_22""]"
"413","""To mount your camera on a drop ceiling T-rail (9/16\"", 15/16\"", or 1 1/2\""), use the included hardware and follow these steps:\n1. Using the dashed lines on the mount plate template as a guide, set the proper spacing of the clips. <PIC>\n2. Tighten the set screws on the T-rail clips and secure them using a 5/64\"" (2 mm) hexkey.\n3. Attach the mount plate to the T-rail clips using the mount plate holes (marked with a \""G\""). <PIC>\n4. Attach the T-rail clips to the T-rail by rotating them and snapping them into place as shown. <PIC>\nNote: The black foam pads should be compressed slightly after installation. <PIC> Standard 6-32 x 4mm T-rail screws are used. <PIC>"", [""Manual33_10"", ""Manual33_11"", ""Manual33_12"", ""Manual33_13"", ""Manual33_14""]"
"414","""To power the camera, turn the power switch to <ON> <PIC>. The camera can operate only after the switch is turned on."", [""Manual10_29""]"
"415","""To stop the machine, squeeze the brake lever towards the handlebar. The brake light will illuminate when operated <PIC>. To apply the parking brake when parking or starting the engine, squeeze the brake lever, push down the parking brake button, and release the brake lever <PIC>. To release the parking brake, simply squeeze the brake lever."", [""Manual34_39"", ""Manual34_133""]"
"416","""Before using the snowmobile, essential preparation checks include:\n1. Read the Owner's Manual and Safety Handbook completely, understand the controls, and read all warning and caution labels.\n2. Perform the pre-operation checks listed in the manual to check the machine's condition.\n3. Wear proper protective clothing, including an approved helmet, face shield or goggles, a snowmobile suit, boots, and gloves <PIC> <PIC>."", [""Manual34_11"", ""Manual34_12""]"
"417","""Set the parking brake and follow the instructions on page 7-1~7-2 to start the engine."", []"
"418","""A V-Belt Holder is a provided holder where you can keep a spare V-belt for emergency use <PIC> <PIC>. To remove the V-belt, loosen the bolt <PIC>. Be sure to tighten the bolt when installing the V-belt in the holder <PIC>."", [""Manual34_49"", ""Manual34_50"", ""Manual34_51"", ""Manual34_52""]"
"419","""CAUTION: Be sure the engine idle speed is adjusted first.\n1. Loosen the adjuster lock nut <PIC>.\n2. Turn the adjuster in or out until proper throttle lever free play is achieved.\n3. Tighten the locknut."", [""Manual34_148""]"
"420","""If your snowmobile begins to slip sideways, steer in the direction of the slide if there are no obstacles in your path. As you regain proper balance, gradually steer again in the direction you wish to travel. If it starts to tip, steer down the hill to regain balance <PIC>. If your snowmobile begins to tip while turning, lean more into the turn to regain balance. If necessary, gradually let off on the throttle and/or steer to the outside of the turn <PIC>."", [""Manual34_129"", ""Manual34_127""]"
"421","""To turn using a snowmobile, follow these steps: 1. As you approach a curve, slow down and begin to turn the handlebars in the desired direction. 2. Put your weight on the running board to the inside of the turn and lean your upper body into the turn. 3. Practice this procedure at slow speed many times in a large flat area with no obstacles."", []"
"422","""The provided manual excerpts do not contain information regarding the proper techniques for riding uphill."", []"
"423","""When riding downhill, keep speed to a minimum. Apply just enough throttle to keep the clutch engaged while descending the hill to use engine compression to help slow the machine and prevent it from rolling freely. Also, apply the brake frequently with light pressure. <PIC>"", [""Manual34_128""]"
"424","""To cross a slope on a snowmobile, properly position your weight to maintain balance by leaning your body towards the uphill side. The recommended riding position is to kneel with the knee of the downhill leg on the seat and the foot of the uphill leg on the running board. This position makes it easier to shift your body weight as needed. Be prepared for the possibility that the snowmobile could slip sideways due to slippery snow and ice."", []"
"425","""To inspect the spark plug on a snowmobile, follow these steps:\n1. Check the coloration on the white porcelain insulator around the center electrode. The ideal color is a medium to light tan. If it shows a distinctly different color, there could be an engine problem; consult your dealer.\n2. Periodically remove and inspect the spark plug, as heat and deposits will cause it to break down and erode.\n3. Before installing any spark plug, measure the electrode gap with a wire thickness gauge and adjust to specification <PIC>.\n4. When installing the plug, always clean the gasket surface <PIC>.\n5. Wipe off any grime from the threads and torque the spark plug properly to 28 Nm (2.8 m-kg, 20 ft-lb)."", [""Manual34_138"", ""Manual34_139""]"
"426","""1. Thoroughly clean the machine inside and out to remove corrosive salts and acids. 2. Use Mud and Grease Release or an equivalent to loosen mud, grease, and grime. 3. Wash with mild soap. 4. Rinse and dry completely."", []"
"427","""To memorize channels using a manual program, use the MEMORY/ERASE button on the remote control: 1. Press the ▲/▼ or NUMBER buttons to select the channel number you want to memorize or erase. 2. Press the MEMORY/ERASE button to select Memory or Erase. <PIC>"", [""Manual35_9""]"
"428","""Common causes and conditions that can lead to poor reception include:\n1. Ignition: Interference from automobile ignition systems, neon lamps, electrical drills, and other electrical appliances, causing the picture to flutter, drift, or suffer from black spots/horizontal streaking.\n2. Ghosts: Caused when the TV signal splits and follows two paths (direct and reflected off tall buildings, hills, or other objects) <PIC>.\n3. Snow: Occurs if the receiver is located in a weak, fringe area of a TV signal <PIC>.\n4. An old, bad, or illegally recorded tape is played <PIC>.\n5. Strong, random signals from a car or airplane interfere with the TV signal.\n6. The signal from the antenna is weak.\n7. The program wasn't captioned when it was produced, transmitted, or taped."", [""television0_01"", ""television0_02"", ""television0_03""]"
"429","""You can enable and customize captions and on-screen text settings using the following methods:\n\nMethod 1: Using the CAPTION button\n1. Press the CAPTION button.\n2. Press the CAPTION button to select OFF, Mode1, Mode2, Text1, or Text2. <PIC>\n3. Press the ENTER(O) button to exit.\n\nMethod 2: Using the MENU button\n1. Press the MENU button.\n2. Press the right arrow and then up/down button to select Caption.\n3. Press the right arrow button and then use the up/down button to select Off, Mode1, Mode2, Text1, or Text2. <PIC>\n4. Repeatedly press the MENU button to exit.\n\nNote: This TV is programmed to remember which mode it was last set to, even if you turn the TV off."", [""Manual35_37"", ""Manual35_38""]"
"430","""For the best reception, use an outdoor antenna. Severely weathered antennas and cables can reduce signal quality, so inspect them before connecting. Any service center can explain the various outdoor antennas available to you.\n\nConnection steps:\n- **300 Ohm Flat Wire**: 1. Connect the 300 ohm flat wire to screws on the 300 ohm to 75 ohm adapter. 2. Push the end of the adapter into the 75 ohm antenna jack <PIC>.\n- **75 Ohm Coaxial Cable**: 1. Connect the 75 ohm coaxial cable directly to the 75 ohm antenna jack <PIC>."", [""Manual35_39""]"
"431","""Connect component DVD inputs to Y, PB, PR(480i) and audio IN to audio(L/R) ports <PIC>. Connect the audio/video output jacks to IN 1(A/V) jacks on the side or back of TV. If you connect the audio jack only, you can't hear the sound from the TV. In case of MONO, connect the output jack to the AUDIO L/MONO IN jack of TV so that the sound can be heard from both speakers <PIC>. If you connect it to the AUDIO R IN jack of TV the sound is heard only from right speaker."", [""television0_06"", ""Manual35_42""]"
"432","Hello! I’m here to help with your order, shipping, returns, or invoice inquiries.

For technical troubleshooting or product malfunctions, I recommend checking the following general steps:
1. **Power & Connections:** Ensure the device is properly plugged in and powered on.
2. **Basic Settings:** Verify that settings are configured correctly according to the user manual.
3. **Reset:** Try restarting or resetting the device to its default settings.

If these steps do not resolve the issue, please provide your **Order ID** so I can assist you further with specific product support or warranty options."
"433","Hello! To provide you with the most accurate safety instructions, could you please specify which product or process you are referring to?

Since our previous context did not mention a specific item, general advice for safe operation usually includes:
1.  **Read the Manual:** Always follow the manufacturer's guidelines.
2.  **Power Safety:** Ensure devices are unplugged before maintenance or cleaning.
3.  **Environment:** Keep electronics away from water and extreme temperatures.
4.  **Personal Protection:** Use appropriate gear (e.g., gloves, glasses) if handling sharp or hazardous materials.

Please let me know the product name or order number so I can give you precise details!"
"434","""The electric toothbrush has 3 intensity settings: High (three lights), Medium (two lights), and Low (one light) <PIC>. To manually adjust the intensity, press the intensity indicator lights on the handle to cycle through the options <PIC>. The setting can be changed before, during, or after brushing, and can also be customized via the app."", [""toothbrush0_06"", ""toothbrush0_07""]"
"435","""You can activate or deactivate features through the App's customizable settings, which include Intensity Settings, Mode Controls, and enabling/disabling Adaptive Intensity and Scrubbing feedback. You can also manage Pressure Sensor Feedback and Brush head replacement reminder. Note: Adaptive Intensity will be deactivated when the pressure sensor is deactivated."", []"
"436","""Steps to charge:\n1. Plug the USB cord into the travel case and into the USB wall adapter <PIC>.\n2. Plug the wall adapter into an electrical outlet.\n3. Place the toothbrush into the travel case <PIC>.\n4. Leave the travel case plugged in until fully charged. The battery light will turn off when finished <PIC>.\n\nTo ensure it charges properly:\n- Make sure the travel case is placed on its side for better stability <PIC>.\n- Charging has started successfully if the toothbrush beeps twice and the lights illuminate in an upward motion. The battery indicator blinks in white while charging."", [""Manual37_18"", ""Manual37_19"", ""Manual37_20"", ""Manual37_21""]"
