id,ret
1,"您好，店内大部分商品支持 **7天无理由退换货**，需在签收后7天内申请，并保证商品不影响二次销售（包装、吊牌/配件、赠品等齐全）。

运费规则一般如下：  
- **个人原因退换**（不喜欢、拍错、尺码不合适等）：寄回运费通常由买家承担。  
- **商品质量问题、错发/漏发等商家原因**：运费由我们承担。  
- 如商品页面标注“不支持7天无理由”（如定制类、拆封后影响二次销售等），则按页面规则执行。

您可以在订单里点击【申请售后】提交，我们会尽快为您处理。"
2,"您好，可以的。一般售后维修服务范围包括：

1. **保修期内非人为故障**：如产品本身质量问题、正常使用下出现功能异常等，可按售后政策检测维修。  
2. **保修期外故障**：可提供检测及付费维修服务。  
3. **配件/部件问题**：如可更换部件损坏，检测后可更换维修。  

如果是**人为损坏**（如摔坏、进水、私自拆修、使用不当导致损坏等），通常不属于免费保修范围，但**可以申请付费维修**。费用一般会根据检测结果核算，包含可能的**配件费、维修人工费**，以及如需寄回的**物流费用**等。具体金额需售后检测后给出报价，您确认后再维修。

您可以提供一下**订单号、产品型号、故障描述和照片/视频**，我们帮您先初步判断并登记售后。"
3,"您好，可以开发票的。  

**发票类型**一般支持：  
1. **电子普通发票**（常用，个人/企业均可）  
2. **增值税专用发票**（如需专票，请提供公司抬头、税号、注册地址电话、开户行及账号等信息，具体以店铺/平台支持为准）

**开票时间**：通常在订单完成/确认收货后申请开具，电子发票一般会在 **1–3个工作日** 内开出，并通过短信、邮箱或订单发票入口查看下载。  

您下单后可在订单页面申请发票；如果找不到入口，也可以把订单号和开票信息发给我们，我们帮您核实处理。"
4,"您好，建议您先这样处理：

1. **拍照/录像留证**：请拍下外包装破损处、快递面单、商品本体及配件情况。  
2. **检查商品是否受损**：如商品有破损、缺件或无法正常使用，请尽快联系店铺客服申请售后。  
3. **保留包装**：在售后处理完成前，请暂时保留外包装、内包装和全部配件，方便核实。

关于是否影响退换货：  
- **仅快递外包装破损，商品本身完好**，一般不影响正常退换货申请。  
- 如果**商品原包装/商品本体受损**，请提供照片，我们会根据情况为您处理退换货、补发或赔付。  

您可以把破损照片和订单号发给客服，我们会尽快帮您核实处理。"
6,"您好，我们的退款一般会按原支付方式退回。

- **退款政策**：符合售后条件的订单（如未影响二次销售、在可退换期限内等）可申请退款/退货退款；退货退款通常需在商品寄回并验收通过后处理。
- **到账时间**：退款审核通过并发起后，通常 **1–7个工作日**到账，具体以支付平台/银行处理时间为准。
- **信用卡退款**：会**原路退回至原信用卡账户**，一般会在信用卡账单中体现，可能不是实时入账；若遇到账单日，可能显示在下期账单或作为冲正/退款记录。

您可以在订单详情页查看退款进度；如果超过预计时间仍未到账，建议提供订单号，我们帮您进一步核查。"
7,"非常抱歉给您带来不好的购物体验，我们会认真处理您的投诉。

请您先提供以下信息，方便我们核实并尽快解决：  
1. 订单号  
2. 收到商品的实拍照片/视频（尽量在自然光下拍摄）  
3. 商品页面展示图或您认为差异较大的位置截图  

核实后，如果确实存在明显色差或与页面描述不符，我们会为您优先安排退货退款、换货或补偿方案，并将问题反馈给商品/页面审核部门处理。

您可以直接把订单号和照片发给我，我马上帮您登记投诉并跟进。"
8,"非常抱歉给您带来不好的购物体验，我们重视您的投诉。为了尽快核实处理，请您提供以下信息：

1. 订单号/购买账号  
2. 商品名称或链接  
3. 您认为宣传不一致的功能点  
4. 宣传页面截图、实物使用情况照片/视频等凭证  

收到后我们会立即登记投诉并反馈给专员核查。若确认商品描述与实际不符，我们将按平台及售后规则为您办理退货退款、换货或其他合理处理方案，并尽快给您明确答复。您也可以直接在订单页面发起“投诉/售后申请”，我们会同步跟进。"
9,"非常抱歉让您久等了，也理解您已经等了一周还没补发的着急心情。

请您把以下信息发我，我马上帮您核实并催办：  
1. 订单号  
2. 少发的商品名称/数量  
3. 之前客服承诺补发的时间或聊天截图（如有）  

核实后我们会优先为您处理：  
- 如补发单已生成：立即查询物流并反馈单号；  
- 如还未发出：帮您加急补发；  
- 如暂时无法补发：可为您申请退款或其他解决方案。  

我会尽快给您明确处理结果。"
10,"非常抱歉给您带来这么差的售后体验，也理解您等了半个月还没修好会很着急。

麻烦您提供一下**订单号/售后单号、商品名称、送修时间和联系方式**，我这边会立即帮您核实维修进度，并反馈给售后维修点**加急处理**。  
如果确实存在超时或进度异常，我们会协助您跟进解决方案，例如：**加急维修、确认预计完成时间、申请换新/退款等可行处理**（以售后检测结果和平台规则为准）。

您把信息发我后，我马上帮您查。"
11,"非常抱歉给您带来不好的体验。请您先不要拆封/使用该商品，并将以下信息发给我们核实：

1. 订单号  
2. 商品外包装保质期/生产日期/批号照片  
3. 收到商品的快递面单照片（如还在）

我们会尽快为您核查。如果确认收到的是临近效期且不符合发货标准，我们会为您安排退换货或退款处理，并承担相应运费。您把照片发来后，我马上帮您跟进。"
12,"非常抱歉给您带来这么差的收货体验，快递员辱骂客户是不能接受的。我们会协助您尽快投诉并跟进处理。

请您提供以下信息，方便我们核实并反馈快递公司：  
1. 订单号/运单号  
2. 收货人姓名和手机号后四位  
3. 送货时间、快递公司名称  
4. 事情经过（如有录音、短信/聊天截图也可提供）

收到后我们会为您登记投诉，要求快递公司核查处理，并反馈处理结果。如您仍未收到包裹，也可以同时告知我们当前包裹状态，我们会协助催派或改派。"
13,"非常抱歉给您带来不好的体验，也理解您现在的着急和不满。请您先不要担心，我们会尽快为您处理。

麻烦您提供以下信息，方便我们核实并加急售后：  
1. 订单号/下单手机号  
2. 商品损坏部位照片或视频  
3. 使用一次后出现的具体问题描述  
4. 之前联系过客服的时间或沟通截图（如有）

收到后我们会优先核查，如确认属于质量问题，将按售后规则为您办理退换货、维修或退款处理。对于您反馈“联系客服没人管”的情况，我们也会同步记录并反馈给相关人员改进服务。"
14,"非常抱歉给您带来这么差的收货体验，这种情况我们会按异常售后/投诉优先处理。

请您先不要继续使用商品，并保留外包装、快递面单和商品现状。麻烦您提供以下信息，方便我们马上核实并处理：

1. 订单号  
2. 商品外包装/封口被拆开的照片  
3. 商品污渍位置的清晰照片或视频  
4. 快递面单照片  
5. 您希望的处理方式：退货退款 / 换新 / 投诉追责

收到信息后，我们会为您登记投诉并提交仓库/物流核查。如确认商品存在拆封、污渍或二次销售问题，将为您优先办理退换或退款处理，并跟进责任部门整改。给您造成的不便，我们再次深表歉意。"
15,"非常抱歉给您带来这样的购物体验，我们非常重视“疑似假货”问题，会优先为您核查处理。

请您先不要丢弃商品、外包装、吊牌/防伪码等材料，并提供以下信息给我们：  
1. 订单号/下单手机号  
2. 商品实物照片、包装照片、防伪验证结果截图或鉴定证明  
3. 您认为与正品不符的具体位置说明

收到后我们会立即提交投诉工单并升级核查商品来源。若核实存在问题，我们会按平台规则为您办理退货退款/赔付等处理，并对相关商品和商家进行进一步处理。  
您也可以直接在订单页面发起“售后/投诉”，我们会同步跟进。"
16,"可以申请换货的。很抱歉给您带来不好的体验，建议您在订单售后有效期内提交“换货/售后”申请，并提供以下信息便于核实：

1. 商品划痕位置的清晰照片/视频  
2. 商品外包装、物流面单照片  
3. 订单号及问题说明  

我们核实为非人为原因后，会按售后规则为您安排换货。若您不方便换货，也可以说明情况，我们也会帮您看看是否有其他处理方案。"
17,"可以申请换货，但是否能通过要看商品情况和换货原因：

1. **如果是质量问题/错发漏发**：即使原包装盒丢了，一般也可以协助处理换货，建议您提交问题照片/视频便于核实。  
2. **如果是非质量原因换货**：原包装丢失可能会影响二次销售，商家需要审核；若商品、配件、吊牌、赠品等齐全且不影响使用，通常仍可尝试申请。

**包装费方面**：一般不会单独收取“包装费”。但请您退回时用其他纸箱/气泡袋做好保护，避免运输损坏。若因缺少原包装导致商品价值受影响，可能会以审核结果为准。

您可以在订单里提交换货申请，并备注“原包装盒已丢失”，同时上传商品现状照片，我们会尽快帮您确认是否支持换货。"
18,"您好，超过“7天无理由退换货”期限后，若是非商品质量问题，一般无法办理无理由退货。

如果商品存在质量问题、错发漏发、描述不符等情况，仍可申请售后处理。建议您准备以下信息后联系我们/提交售后申请：  
1. 订单号  
2. 商品问题照片或视频  
3. 外包装、配件是否齐全  
4. 收货时间及问题说明  

我们会根据商品实际情况和售后政策，为您核实是否可退货、换货或维修。"
19,"您好，可以的。  

1. **纸质版说明书**：部分商品包装内会随附纸质说明书；如未随箱提供，您可以联系客服提供**订单号/商品型号**，我们帮您确认是否可补寄或提供纸质版。  

2. **电子版说明书**：一般可在以下位置查看：  
   - 商品详情页的“说明书/资料下载”区域  
   - 订单页面或售后服务入口  
   - 品牌官网的“支持/下载中心”  
   - 也可以直接联系在线客服，我们可为您发送电子版链接或文件。  

您把商品名称或订单号发我，我帮您查询对应说明书。"
20,"您好，可以的，部分商品支持寄送到国外，但需根据收货国家/地区、商品类型和物流限制确认。

运费一般按以下因素计算：  
1. 收货国家/地区  
2. 商品重量/体积  
3. 选择的物流方式  
4. 是否产生关税或清关费用（通常由当地海关政策决定）

时效方面，一般国际物流约 **7–20个工作日**，具体会因国家地区、清关速度和物流渠道不同而变化。

您可以把要购买的商品、收货国家/城市发给我们，我们帮您确认是否可寄、预估运费和大概到达时间。"
21,"可以的，开公司抬头发票建议注意以下几点：

1. **公司抬头需填写完整准确**：请按营业执照上的公司全称填写。  
2. **税号必填**：公司发票一般需要填写统一社会信用代码/纳税人识别号。  
3. **发票类型**：如需增值税专用发票，可能还需提供开户行、账号、注册地址、电话等信息，具体以开票页面要求为准。  
4. **开票金额与内容**：通常按实际支付金额和订单商品内容开具，不支持随意更改品类或金额。  
5. **提交前请核对**：抬头、税号一旦开具错误，处理会相对麻烦。

如果**抬头写错了**，一般可以申请重新开具。请您通过订单详情的“申请发票/发票管理”入口，或联系在线客服，提供：  
- 订单号  
- 原错误发票信息  
- 正确公司抬头和税号  
- 如是纸质发票，可能需要先寄回原发票  

我们会协助作废或红冲原发票后重新开具，具体处理时效以财务审核为准。"
22,"可以申请售后。若商品瑕疵属于质量问题，且不是使用过程中人为造成的，即使已使用过，也可以提交售后申请。

一般处理方式如下：  
1. **在售后有效期内且确认质量问题**：可优先申请换货；若无库存或不适合换货，可能安排维修或退款。  
2. **已使用但不影响二次鉴定**：需提供瑕疵照片/视频、订单号，由售后核实后判断是否支持换货。  
3. **若为人为损坏或正常使用磨损**：通常不支持免费换货，可能只能维修，或需付费维修。

建议您先提交售后申请，并上传瑕疵清晰照片/视频，我们会根据商品情况和售后规则为您确认是换货还是维修。"
23,"可以的，具体要看订单状态：

- **未发货**：您可以直接申请取消订单，审核通过后一般会**全额原路退款**（含实际支付金额）。
- **已发货/已出库**：通常无法直接取消，您可以选择**拒收**或收到后申请退货退款；商品退回并验收无误后退款，运费是否退还以订单规则为准。
- **使用了优惠券/积分**：退款时会按平台规则退回或失效，具体以页面显示为准。

您可以在【我的订单】找到该订单，点击【取消订单/申请退款】操作。若页面无法操作，请把**订单号**发给我，我帮您进一步核实处理方式。"
24,"您好，部分商品会随箱附带售后保障卡/保修卡，具体以商品页面说明和实际包装为准。

如果卡丢了，一般也不影响正常售后服务。您可以凭以下任一信息申请售后：  
1. 平台订单记录/订单号  
2. 购买凭证或发票  
3. 商品序列号、包装信息等（如有）

只要商品在售后保障期内，并符合退换/维修条件，我们都会按规定为您处理。您可以直接在订单页申请售后，或把订单号发给客服协助查询。"
25,"您好，部分商品/品类支持以旧换新服务，具体以商品页面活动标识或下单页面显示为准。  

您可以这样查看：  
1. 进入对应商品详情页，查看是否有“以旧换新/旧机抵扣”等入口；  
2. 下单时若支持，会显示旧品估价、回收方式和抵扣金额；  
3. 如您不确定，可以把商品链接/型号发给我们，我们帮您确认是否支持以及具体流程。"
26,"您好，智能客服可以协助解答常见电商服务问题，例如：

1. **订单相关**：下单、修改/取消订单、订单状态查询  
2. **物流配送**：发货时间、物流进度、签收异常、地址问题  
3. **售后服务**：退货、换货、退款、维修/质保咨询  
4. **发票问题**：开票、补开发票、发票信息修改  
5. **支付与优惠**：支付异常、优惠券/活动规则咨询  
6. **投诉与反馈**：商品、服务、物流等问题反馈处理指引  

如果智能客服无法解决您的问题，您可以选择**转接人工客服**或**提交工单/留言**。建议您同时提供订单号、问题截图、联系方式等信息，人工客服会进一步核实并协助处理。"
33,"您好，一般情况下，店铺支持符合条件的商品办理 **7天无理由退货**，具体以商品页面/订单售后规则为准。

需满足以下条件：  
1. **签收后7天内**提交退货申请；  
2. 商品需保持**完好、未使用、不影响二次销售**；  
3. 外包装、吊牌/标签、配件、赠品、说明书、发票等需**齐全完整**；  
4. 非定制类、鲜活易腐、贴身/个人护理、已拆封影响安全卫生或其他法律/平台规定不支持无理由退货的商品。  

如非质量问题退货，通常退回运费由买家承担；若是质量问题或商家原因，我们会按规则处理运费。您可以在订单页面点击“申请售后/退货退款”提交，我们会尽快审核。"
34,"很抱歉给您带来不便。请您先提供以下信息，我们会尽快为您核实处理：

1. 订单号  
2. 少发的商品名称/数量  
3. 包裹外包装面单照片、箱内商品照片  
4. 如有开箱视频，也请一并提供

我们收到信息后会联系仓库核对出库记录及包裹重量。若确认少发，会为您安排补寄或按您的意愿处理退款。

补寄时间：一般核实通过后 1–2 个工作日内安排发出，具体到达时间以物流为准。  
运费：因少发产生的补寄运费由商家承担，您无需承担。"
35,"可以的，若商品在售后期内且不影响二次销售（未使用、吊牌/包装/配件齐全），一般可以申请换成其他款式。

您可以这样操作：  
1. 在订单页面点击【申请售后/换货】；  
2. 选择想更换的款式/规格；  
3. 如有差价，按页面提示补差或退差；  
4. 按售后地址寄回商品，审核通过后为您发出新款。

温馨提示：若是个人原因换款，往返运费通常需买家承担；若商品存在质量问题，运费由商家承担。您也可以把订单号和想换的款式发我，我帮您确认是否支持换货。"
36,"您好，商品的生产日期一般以实物包装上的标签/喷码为准，通常会标注在外包装、瓶底/盒底或封口处。

如果您已经下单或收到商品，可以把订单号、商品名称以及包装上批号/喷码照片发给我们，我们帮您核实具体生产日期；如果还未购买，也可以提供商品链接或规格，我们帮您咨询仓库当前批次信息。"
37,"您好，一般部分大件商品或指定品类支持上门安装，具体需以商品页面标注或下单时可选服务为准。

您可以这样确认：  
1. 查看商品详情页是否有“上门安装/安装服务”说明；  
2. 下单时查看是否可勾选安装服务；  
3. 若已下单，请提供订单号/商品名称，我们帮您查询是否支持安装及费用；  
4. 如支持，通常可在商品送达后预约安装时间。

如果您把商品链接或订单号发来，我可以帮您进一步确认。"
38,"您好，部分商品可能会提供试用装/小样，具体要看商品类目、库存及当前活动安排。

您可以这样确认：
1. 查看商品详情页是否标注“试用装/小样/体验装”；  
2. 下单前把想了解的商品链接或名称发给我们，我们帮您查询是否有试用装；  
3. 若暂无试用装，也可以看看是否有小规格/体验装可购买。"
39,"您好，可以申请售后。请您先提供以下信息，我们会帮您核实处理方案：

1. 订单号/购买账号  
2. 商品出现问题的照片或视频  
3. 问题描述及大概出现时间  
4. 商品外包装、配件是否齐全（如需寄回会用到）

如果商品仍在售后/质保期内，确认属于质量问题后，可按规则为您安排维修、换货或其他处理；若已超出质保期或属于人为损坏，我们也会协助确认是否可付费维修。建议您尽快提交资料，我们帮您跟进。"
40,"可以的亲，如果商品未使用、不影响二次销售，且吊牌/包装/配件齐全，在售后时效内一般可以申请换更大尺寸，具体以页面售后入口和库存为准。

**操作方式：**  
进入订单 → 申请售后 → 选择“换货/更换尺码” → 选择需要的大尺码并提交。

**尺寸差价处理：**  
- 如果新尺码价格相同：直接换货即可。  
- 如果新尺码更贵：需要补差价，客服可协助确认补差方式。  
- 如果新尺码更便宜：差价一般会原路退回或按平台规则处理。  
- 若系统不支持直接补差/退差，可能需要您先退货退款后重新下单对应尺码。

建议您把订单号和想更换的尺码发来，我帮您确认库存和差价处理方式。"
41,"非常抱歉给您带来不便。快递疑似丢失的话，建议您先把**订单号/收件手机号/快递单号**发给我们，我们会立即联系快递核实轨迹并发起异常件处理。

一般处理方式如下：

1. **先核实物流状态**：我们会催促快递网点查找包裹，并确认是否确认为丢失。  
2. **确认丢失后赔付/处理**：  
   - 如果商品仍有库存：可为您安排**补发**；  
   - 如果您不想等或无库存：可为您办理**退款**；  
   - 如涉及额外赔偿，会根据平台规则、商品金额及快递核实结果处理。  
3. **处理时效**：通常物流核查需要 **1–3个工作日**；确认丢失后，补发/退款一般会尽快安排，退款到账时间以支付渠道为准。

您不用自行和快递扯皮，我们会协助跟进。请把订单信息发我，我马上帮您登记处理。"
42,"您好，是否能退款需要看商品类型、使用情况以及退款原因：

1. **如果是商品质量问题**：即使已使用过，也可以申请售后处理。建议您在订单中提交退款/退货申请，并上传问题照片、视频等凭证，我们会尽快核实处理。  
2. **如果是非质量原因**：已使用过且影响二次销售的商品，一般不支持无理由退货退款。  
3. **特殊商品**（如贴身用品、食品、定制类、拆封后不宜退换的商品等）可能不支持退换，具体以页面规则为准。

您可以先在订单里发起售后申请，说明原因并上传凭证，平台/商家会根据实际情况审核。"
43,"您好，快递送达时您不在家，可以这样处理：

1. **联系快递员**：在物流信息里查看派件员电话，协商改时间派送、放到快递柜/驿站，或约定其他地点签收。  
2. **保持电话畅通**：快递员派送前通常会联系您，方便沟通处理方式。  
3. **查看物流状态**：如果显示“派送失败/无人签收”，一般会再次派送或暂存网点。  
4. **尽快处理**：若长时间未领取，包裹可能会被退回。如有退回风险，您也可以联系商家客服协助跟进。

建议您先查看物流详情并联系派件员，通常都可以安排妥善处理。"
44,"您好，优惠券不一定适用于所有商品，具体以优惠券的使用规则为准哦。

您可以查看优惠券详情，一般会标明：
- 适用商品/店铺/品类范围  
- 是否有满减门槛  
- 有效期  
- 是否可与其他优惠叠加  
- 不可用商品或特殊活动限制  

下单结算时，系统也会自动显示当前订单可用的优惠券；如果没有显示，通常说明该商品或订单条件暂不符合使用规则。

如果您方便提供优惠券名称/截图或想购买的商品链接，我可以帮您一起核对是否可用。"
45,"您好，是否支持“终身维修”需要根据具体商品品牌和售后政策确认。一般情况下：

- 在保修期内，符合保修范围的质量问题可按政策免费维修/换新；
- 超出保修期后，通常可提供有偿维修或协助联系品牌售后；
- 部分商品可能不支持终身维修，具体以商品页面说明或品牌售后政策为准。

您可以提供一下商品名称/型号或订单号，我们帮您查询对应的售后服务政策。"
46,"非常抱歉给您带来不好的体验。您这个情况涉及 **质量故障、维修超时/延迟、疑似翻新机冒充全新机**，建议按以下方式处理：

1. **先保留证据**  
   请保存好订单截图、商品页面“全新”宣传信息、故障视频/照片、寄修物流单号、维修单号、售后沟通记录，以及能证明疑似翻新机的证据（如序列号激活时间、历史维修记录、外观使用痕迹、厂家鉴定等）。

2. **提交退货退款/投诉申请**  
   在订单售后页面选择“退货退款”或“商品质量问题/描述不符/疑似翻新机”，上传上述证据，并备注：  
   “使用不到一个月故障，已寄修15天未解决，疑似翻新机冒充全新，要求退货退款并依法/按平台规则赔付。”

3. **要求出具检测/鉴定结果**  
   可要求商家或品牌售后提供书面检测报告、维修进度说明，以及该机器是否为全新机的核验结果。

4. **赔偿问题需核实后处理**  
   如果核实确实存在翻新机冒充全新、虚假宣传或质量问题未按约处理，平台/商家应按售后规则及相关法律规定处理，包括退货退款及相应赔付。

5. **建议您现在提供信息给客服加急**  
   请准备：订单号、维修单号、寄修物流单号、购买时间、故障描述、翻新机证据截图/照片。客服可据此帮您升级投诉，催促商家/品牌售后限时给出处理方案。

在问题未解决前，建议不要确认售后完成，也不要删除相关聊天和凭证。"
47,"您好，给您带来不便非常抱歉。您这种情况可同时处理 **质量问题换货、少发补寄、发票重开**，建议按以下流程操作：

1. **准备资料**
   - 订单号、收货人信息；
   - 20件质量问题商品的照片/视频（能体现问题点、商品外包装/条码更好）；
   - 15件少发的凭证：外箱照片、面单、装箱清单、实际收货数量照片等；
   - 正确的发票抬头、税号、开票信息及接收邮箱/地址。

2. **提交售后申请**
   - 在订单页面选择“申请售后/联系客服”；
   - 质量问题的20件选择“换货”，上传问题凭证；
   - 少发的15件选择“少件/漏发补寄”，上传收货数量及包装凭证；
   - 若系统无法同时提交，建议先联系在线客服备注“企业采购批量订单”，由客服协助合并处理。

3. **质量问题商品换货**
   - 审核通过后，我们会告知退回方式/取件方式；
   - 收到退回商品并核验后，会安排换货发出；如确认为质量问题，相关运费一般由商家承担。

4. **少发商品补寄**
   - 客服核实仓库出库记录和物流重量后，确认少发会尽快安排15件补寄，并提供补寄物流单号。

5. **发票重开**
   - 请提供正确抬头和税号；
   - 原发票如已开具，通常需先作废/冲红后重新开具；
   - 若为纸质发票，可能需要您寄回原票；电子发票则按流程作废/红冲后重开。

建议您先把以上资料整理好，通过订单售后入口提交，或直接联系在线客服说明“100件企业采购订单，20件质量问题、15件少发、发票抬头错误需重开”，客服会为您建立工单并跟进处理。"
48,"非常抱歉给您带来不好的购物体验。食品出现包装破损、受潮无法食用的情况，我们会优先按食品安全售后处理。

请您先按以下方式操作：

1. **立即停止食用**相关商品，并保留未食用部分、外包装、快递包装和商品标签。  
2. **拍照/录像留证**：包括破损包装、受潮情况、生产日期/保质期、批次号、快递面单等。  
3. 在订单页面提交**退货退款/仅退款申请**，售后原因选择“商品破损/变质/食品安全问题”，并上传凭证。  
4. 如商品确实存在破损受潮、影响食用的情况，我们会协助您办理**退款/退货退款**，退回运费由责任方承担；是否可直接仅退款，会根据商品状态和平台规则核实处理。  
5. 关于您提出的**赔偿诉求**，请一并在售后申请中备注，我们会根据实际情况、商品问题凭证及平台/商家相关规则协助核实处理。

关于健康保障：如果您食用后出现不适，建议您**尽快就医**，并保留就诊记录、诊断证明、检查单、费用票据等材料。您可以将相关凭证提交给客服，我们会协助反馈商家/平台进行食品安全问题核查及后续责任处理。

请您把**订单号、商品照片/视频、生产日期和破损受潮情况**发给我们，我们会尽快为您跟进。"
49,"可以申请售后，已签收也不代表不能处理。建议您尽快按以下步骤操作：

1. **保留证据**：不要丢弃外包装、快递面单、填充物及受损商品。  
2. **拍照/录像**：拍摄外包装破损处、快递面单、商品损坏细节、整体包装情况；如有开箱视频也一并保留。  
3. **提交售后申请**：进入订单页面选择“申请售后/退换货/退款”，问题类型可选“商品破损/物流损坏”，上传相关凭证。  
4. **说明情况**：备注“签收后发现包装破损及商品损坏，快递员拒绝承认运输问题”，平台/商家会根据证据协助核实。  
5. **联系在线客服**：如果系统无法提交或已超出入口时间，请联系平台客服人工介入处理。

一般情况下，只要在售后期限内且凭证充分，仍可申请退款、换货或维修等处理。"
50,"非常抱歉给您带来不好的安装体验。您这种情况建议按以下方式处理：

1. **先保留证据**  
   请拍照/录像保留：家电损坏位置、安装现场、安装人员信息、额外收费明细/收据、聊天或通话记录等。

2. **核实收费是否合理**  
   免费安装通常指“标准安装服务免费”，但如涉及加长管线、支架、特殊打孔等非标配件，可能会产生配件费。安装人员应提前告知价格并经您确认，且需提供正规收费凭证。  
   如未提前说明、收费不透明或无法提供凭证，您可以拒绝支付或申请退回不合理费用。

3. **立即联系平台/商家售后登记投诉**  
   提供订单号、安装时间、安装人员信息、收费情况和损坏证据，要求售后介入核查。

4. **针对损坏问题申请处理**  
   如确认是安装操作不规范导致，可要求安排上门检测，并根据结果进行**免费维修、换机、补偿或其他售后方案**。

5. **如影响使用安全，建议暂停使用**  
   尤其是空调、热水器、洗衣机等大家电，避免因安装问题造成进一步损坏或安全隐患。

您可以把订单号、收费金额、损坏照片和安装人员信息提交给商家/平台客服，我们会协助核实费用并跟进安装投诉及损坏赔付处理。"
51,"您好，遇到这种情况建议按以下步骤处理：

1. **先确认收费原因**  
   请维修方提供书面检测结果/维修单，说明配件损坏原因。若属于商品本身质量问题且仍在质保期内，一般应按质保政策免费维修；若被认定为人为损坏、进水、摔坏、私拆、耗材损耗等，可能会产生费用。

2. **暂不要先行支付不明确费用**  
   在未确认收费依据前，建议不要直接支付配件费。可要求售后明确：配件名称、费用明细、收费依据及是否在保修范围外。

3. **要求履行承诺并加急处理**  
   维修已超过承诺的7天，您可以要求售后给出明确完成时间，并申请加急；如因商家/维修方原因延误，可要求相应补偿方案或替换处理方案。

4. **联系平台/店铺售后介入**  
   提供订单号、质保凭证、寄修物流单号、维修单、收费通知、沟通记录等，申请平台客服介入，要求核实是否应免费维修及处理超时问题。

5. **仍无法解决可进一步投诉**  
   若商家无合理依据仍收费或拖延处理，可通过平台投诉入口、12315或消费者协会进行维权。

建议您先把维修方的收费说明和维修单发给商家/平台客服，明确要求：**质保期内质量问题免费维修、取消不合理配件费，并给出超时维修的解决方案和完成时限**。"
52,"您好，您可以按以下方式处理，尽量保障维修进度和运输风险可控：

1. **要求检修人员出具书面说明**  
   请对方在工单/检修单上写明：设备故障情况、无法现场修复原因、需拉回仓库维修、预计维修周期（或无法确定的原因）、联系人及工单编号。

2. **拉回前做好设备交接确认**  
   建议您和工作人员一起拍摄设备外观、配件、序列号、当前故障状态等照片/视频，并在交接单上注明设备现状、附件清单、是否有磕碰划痕，双方签字/线上确认。

3. **确认运输责任和防护措施**  
   请客服或检修人员明确：运输由谁负责、是否有专业包装/固定、防震防护措施，以及运输途中如发生损坏由谁承担责任。建议保留聊天记录或短信确认。

4. **要求提供维修进度和时限**  
   若维修时间不确定，您可以要求售后给出预计检测完成时间、维修方案确认时间，并约定定期反馈进度。

5. **如设备影响使用，可申请临时方案**  
   如果设备属于生产/经营/日常必需使用，您可以向售后申请备用机、加急维修、换新评估或其他补偿方案，具体以订单售后政策和故障检测结果为准。

建议您先不要让设备无单据拉走，务必确认工单、交接单和运输责任后再安排返仓。若工作人员无法提供明确说明，您可以联系平台/商家客服要求升级售后专员介入处理。"
53,"您好，可以的，建议您尽快提交售后申请，我们会根据商品试用规则和检测结果处理：

1. **试用期延长**  
   如商品在试用期间出现非人为故障，您可以申请延长试用期。是否可延长以及延长多久，需要以商家/平台审核结果为准。

2. **故障商品更换**  
   如果经核实属于商品质量问题，且非人为损坏，一般可以为您办理**换货、维修或退货退款**，具体以商品售后政策为准。

3. **建议您准备以下信息**  
   - 订单号  
   - 故障现象说明  
   - 故障照片/视频  
   - 商品外包装及配件是否齐全  
   - 说明您希望“更换商品并延长试用期”

您可以在订单页面点击【申请售后】提交，或把订单信息发给客服，我们会协助您尽快处理。"
54,"您好，遇到这种情况您可以申请售后处理。若下单页面未明确标注“临期商品”，且商品包装/外部也无临期提示，可能属于商品信息披露不充分或与描述不符，您可要求退货退款；赔偿部分需由平台/商家根据核实结果及相关规则判定。

建议您这样操作：

1. **先保留证据**  
   - 订单截图、商品页面截图（显示未标注临期）  
   - 商品生产日期/保质期照片  
   - 收货时间截图、外包装照片  
   - 商品未使用/未拆封状态照片（如有）

2. **提交售后申请**  
   选择原因：**商品与描述不符 / 临期未告知 / 质量问题**，备注说明“收到时仅剩15天过期，下单页及包装均未提示临期”。

3. **运费承担**  
   如核实为商家未提前告知临期，一般应由商家承担退货运费。

4. **关于赔偿**  
   您可以在售后中明确提出赔偿诉求；平台会结合商品类型、页面展示、保质期剩余情况、是否影响使用等进行核实处理。若商家拒绝，您也可以申请平台介入。

我们会优先协助您推动退货退款，并将赔偿诉求一并反馈给商家核实处理。"
55,"非常抱歉给您带来不好的购物体验。您可以申请换货处理，建议按以下步骤操作：

1. 进入订单页面，点击【申请售后/退换货】  
2. 选择【换货】  
3. 原因可选择【商品与描述不符】或【质量问题】  
4. 上传商品实拍图（对比颜色）、详情页截图，以及异味情况说明  
5. 提交后等待售后审核

请您先保留好商品、吊牌、包装及配件，避免影响换货。若核实确实存在颜色与描述不符或质量问题，换货产生的运费一般由商家承担。审核通过后，按系统提示寄回商品即可。"
57,"可以申请售后。建议您尽快操作，并保留好相关凭证：

1. **先不要丢弃商品、外包装、快递面单和填充物**。  
2. **拍照/录像取证**：包括商品损坏位置、外包装破损情况、快递面单、整体包装等。  
3. 进入订单页面点击 **“申请售后/退换货”**，选择“商品破损/运输损坏”等原因，上传凭证。  
4. 如系统需要，也可以联系在线客服协助登记，我们会根据凭证与物流情况核实处理。

即使没有当场验货，只要在售后时效内并能提供有效凭证，通常仍可申请处理。建议越早提交越好。"
58,"您好，给您带来不好的体验非常抱歉。若商品实际功能与详情页描述不一致（如标称支持无线充电但实际不支持、续航明显不符），经核实属于商家/商品描述问题的，一般可以为您办理退货退款；由此产生的退回运费通常由责任方承担。

关于您提出的赔偿诉求，我们会同步提交平台/商家核实处理，是否赔偿及赔偿标准需根据商品页面描述、检测结果、平台规则及相关规定判断，无法在未核实前直接承诺。

建议您先这样操作：  
1. 在订单页面申请【退货退款】，原因选择“商品与描述不符/功能不符”；  
2. 上传证据：详情页标注支持无线充电/续航的截图、商品实际不支持无线充电的视频或照片、续航测试情况说明；  
3. 保留商品、包装、配件、赠品齐全，避免影响退货处理；  
4. 如商家拒绝或处理不一致，您可以申请平台介入，我们会协助核实。

您也可以把订单号和相关凭证发来，我帮您进一步查看处理进度。"
64,"""使用吹风机时，人员需配备/佩戴：合格的听力防护装备、合格的眼部防护装备；多尘环境中需佩戴面罩；穿防滑鞋底的工作靴或工作鞋；并配备急救箱。<PIC>"", [""Manual04_3""]"
65,"""操作吹风机时应注意：佩戴合格听力、眼部防护装备，多尘环境戴面罩，穿防滑工作靴/鞋，并备急救箱；操作前阅读并理解说明书，勿穿宽松衣物、围巾或项链，长发需束起；饮酒、服药后或疲劳时不得操作，未成年人禁止操作；作业区10米内不得有无关人员和动物，严禁喷口对准人或动物；防护装置缺失、检修盖未关闭/损坏/无法闭合时不得操作；安装或拆卸配件前、加油前必须关闭发动机；不得在通风不良空间、室内或易燃材料附近启动/操作，注意消音器和排气口高温及火灾风险，避免身体接触；不得站在梯子或支架上操作；按要求用肩带固定设备；吹扫时避免对墙壁、车辆等固定物体吹扫，角落作业从角落向中心吹，勿对准娇嫩植物，并留意儿童、宠物、敞开窗户和刚清洗车辆。"", []"
66,"""化油器有 H（高速油针）、L（低速油针）、T（怠速调节螺钉）三处调节。<PIC> 顺时针旋入 H/L 会使混合气变稀、转速升高；逆时针旋出会使混合气变浓、转速降低。T 顺时针旋入怠速升高，逆时针旋出怠速降低。调节步骤：先确认吹风管和喷口已装好，将 H、L 逆时针旋至限位终点；启动后以怠速和半油门交替运转 1–2 分钟预热；调 T 使发动机稳定怠速且不过高；微调 L 至最大怠速后再逆时针旋出最多 1/4 圈；调 H 时全油门，调至最大转速后再逆时针旋 1/8 圈（受限位限制则小于 1/8 圈）。注意不要拆除 H、L 油针限位装置；调 H 时全油门最长 10 秒，之后至少怠速 10 秒。"", [""Manual04_42""]"
67,"""冷机启动步骤：将停机开关调至启动位置；将阻风门控制器调至阻风门位置（A）；反复按压泵油膜片直至燃油充满膜片（无需完全充满）。<PIC>左手将机身按压在地面，右手缓慢拉启动绳至有阻力后快速用力拉动；发动机点火后立即按下阻风门控制器并重复操作至启动。启动后迅速全开油门，启动油门会自动解除。注意：切勿用脚踩压机身，切勿完全拉出启动绳或在完全拉出时松手。<PIC>"", [""Manual04_25"", ""Manual04_28""]"
68,"""热机启动：将停机开关调至启动位置；将阻风门控制器先调至阻风门位置，再转回原位（B），只启用启动油门、不使用阻风门；反复按压泵油膜片至燃油充满膜片（无需完全充满）。<PIC> 左手将机身按压在地面，右手缓慢拉启动绳至有阻力后快速用力拉动；发动机启动后迅速全开油门，启动油门自动解除。<PIC>"", [""Manual04_27"", ""Manual04_28""]"
69,"""将停止开关拨到 STOP 位置，即可关闭发动机。"", []"
70,"""空调主要包括室内机和室外机。室内机部件包括：进风口、前格栅、空气滤网、3M 多重防护滤网（可选）、等离子滤网、导风板、出风口、开/关键、信号接收器、操作指示灯。<PIC> 室外机部件包括：进风口、出风口、底板、制冷剂管、排水管、连接线。<PIC>"", [""Manual01_0"", ""Manual01_1""]"
71,"""查看无线遥控器示意图：按键位于遥控器的控制面板区域，附加功能的按键位于遥控器盖板下方。<PIC>"", [""air_conditioner_01""]"
72,"""使用前请安装 7 号电池：1. 取下电池盖。<PIC> 2. 装入新电池，确保正、负极安装正确。<PIC> 3. 重新装上电池盖。注意不要混用不同型号电池或新旧电池；若遥控器显示屏变暗，请更换电池。"", [""Manual01_2"", ""Manual01_3""]"
73,"""将遥控器支架安装在无阳光直射的位置：1. 选择安全且便于取用的位置。2. 用螺丝刀将两颗螺丝拧紧，固定支架。<PIC> 3. 将遥控器滑入支架中。<PIC>"", [""Manual01_4"", ""Manual01_5""]"
74,"""可使用“极速制冷/制热模式”：先按开/关键开启电源，再按“极速键”。<PIC> 极速制冷时，空调以18℃强风出风30分钟；极速制热时，以30℃强风出风30分钟。注意：循环、自动或自动转换模式下无法使用，部分机型不支持。"", [""Manual01_16""]"
75,"""制冷和除湿运行时，可使用自清洁功能去除室内机内部水汽。按下“自清洁”键，显示屏会显示自清洁标识 <PIC>。若关闭电源，风扇将继续运行 30 分钟，对室内机内部进行清洁。自清洁运行时，部分按键无法使用。"", [""Manual01_17""]"
76,"""使用等离子净化功能：按下开/关键开启电源，然后按下等离子键，显示屏会显示等离子标识。<PIC>\n注：无需开启空调，直接按下等离子键也可使用；运行时等离子灯和制冷灯会同时亮起；部分机型不支持此功能。"", [""Manual01_18""]"
77,"""单冷型空调开启自动运行模式：1. 按下开/关键开启电源；2. 反复按下模式键，选择自动运行模式；3. 若当前温度高于或低于所需温度，按上升/下降键选择所需运行代码。此模式下风扇转速和温度会根据室内温度自动调节。<PIC>"", [""Manual01_19""]"
78,"""自动转换运行会自动切换运行模式，将设定温度的波动控制在 2℃ 以内。使用方法：1. 按下开/关键开启电源；2. 反复按下模式键，选择自动转换运行模式，显示屏会显示对应标识 <PIC>；3. 按上升/下降键设置所需温度，范围为 18℃（64℉）-30℃（86℉）；4. 反复按下风速键选择风扇转速。注：部分机型不支持此功能。"", [""Manual01_20""]"
79,"""开启节能制冷模式：1. 按下开/关键开启电源；2. 反复按下模式键，选择制冷模式；3. 按下节能键，显示屏上会显示节能标识。<PIC> 注：部分机型不支持此功能。"", [""Manual01_21""]"
80,"""遥控器无法使用时，可通过室内机开/关键操作空调：1. 打开前盖板，轻轻掀起盖板两侧。<PIC> 2. 按下开/关键。<PIC> 此时风扇转速默认设为高速。冷暖型机型会根据室内温度自动切换运行模式 <PIC>；单冷型机型温度默认设为 22℃（71.6℉）。"", [""Manual01_22"", ""Manual01_23"", ""Manual01_24""]"
81,"""空调自动重启为工厂默认设置：停电后再次开启空调时，会恢复之前的运行设置。如已关闭，可重新开启：打开前盖板 <PIC>，按住开/关键 6 秒钟，设备发出两声蜂鸣且蓝色指示灯闪烁 4 次，即表示已开启自动重启功能。<PIC>"", [""Manual01_25"", ""Manual01_26""]"
82,"""手册未按具体型号分别列出清洁频率，仅说明部分配件可能因机型不同未配备。清洁频率为：空气滤网每 2 周；3M 多重防护滤网每 1 个月；等离子滤网每 3 个月；室内机表面定期清洁；室外机定期清洁。<PIC>"", [""Manual01_28""]"
83,"""建议每两周清洁一次，必要时增加频率。步骤：1. 关闭电源并拔下电源线。2. 打开前盖板，轻轻掀起盖板两侧。<PIC> 3. 握住空气滤网把手，轻轻向上提起并取出。<PIC> 4. 用吸尘器清理滤网，或用温水冲洗；污垢较难清理时，可在温水中加入洗涤剂清洗。注意不要使用 40℃以上热水。5. 将滤网置于阴凉处晾干，清洁后务必牢固安装。"", [""Manual01_29"", ""Manual01_30""]"
84,"""清洁 3M 多重防护滤网：1. 关闭电源并拔下电源线。2. 打开前盖板，取出空气滤网。3. 抽出 3M 多重防护滤网。<PIC> 4. 用吸尘器清理滤网污垢。切勿用水清洗，以免损坏滤网。"", [""Manual01_31""]"
85,"""关闭电源并拔下电源线；打开前盖板，取出空气滤网；在 10 秒内取下等离子滤网 <PIC>；用吸尘器清理污垢，污垢较难清理时可用温水冲洗；最后置于阴凉处晾干。注意不要使用 40℃ 以上热水；部分机型可能未配备等离子滤网。"", [""Manual01_32""]"
86,"""蒸汽清洁机组装无需专用工具：1. 从主机身背部取下主机身固定扣（部件15），将主机身底部滑入旋转拖头（部件18）颈部。<PIC> 2. 对齐旋转拖头颈部背部孔位与主机身孔位，将固定扣插入主机身背部孔位锁紧。<PIC> 3. 将手柄杆（部件4）插入主机身（部件7），直至听到“咔嗒”声到位。<PIC>"", [""Manual05_3"", ""Manual05_4"", ""Manual05_5""]"
87,"""实用功能：水箱可加自来水，也可用蒸馏水或去离子水；水过滤器可过滤矿物质和杂质、减少水垢；就绪指示灯亮起表示可使用；按下开关即可出蒸汽；旋转拖头可清洁狭小空间及橱柜下方；拖布可吸附蒸汽松动的污垢，并可重复使用、机洗。\n快速上手：先安装拖布 <PIC>；再用配套量杯加水，或按下水箱解锁扣取下水箱到水槽加水 <PIC>。注意不要加入任何化学药剂，水箱无水时切勿使用。清洁硬质地面前先扫地或吸尘，待就绪指示灯亮后，缓慢移动并按下开关出蒸汽；如需消毒，同一区域停留至少15秒但不超过20秒。"", [""Manual05_6"", ""Manual05_7""]"
88,"""清洁硬质地面前，先确认地面适用：可用于瓷砖、Vinyl 地板、复合地板、大理石、石材及封边木地板；不可用于未封边木地板，打蜡地板可能降低光泽度。首次使用请先在不显眼处测试。\n\n使用步骤：\n1. 先扫地或吸尘。\n2. 安装拖布：按下拖布释放扣，拉开挡板，装入拖布。<PIC>\n3. 加水：可用配套量杯加水，或按下水箱解锁扣取下水箱加水；不要添加任何化学药剂。<PIC>\n4. 就绪指示灯亮起后，缓慢移动清洁机，同时按下开关出蒸汽。\n5. 如需消毒，将蒸汽拖把置于该区域至少 15 秒，但不超过 20 秒。\n6. 不出蒸汽时，拔掉电源，取下水箱加水后继续清洁。首次使用可能需数秒才出蒸汽。"", [""Manual05_6"", ""Manual05_7""]"
89,"""组装涉及的部件包括：椅背、座椅、底座（C1、C2）、扶手×2、气杆、底盘、脚踏、连接件、脚轮×5、头枕、腰枕、扳手，以及螺丝/垫圈/橡胶圈/盖帽等配件。<PIC>"", [""Manual02_0""]"
90,"""大多数情况下，扶手和椅背的螺丝会在使用一段时间后松动，重新拧紧螺丝即可解决。"", []"
91,"""这款椅子的主要功能包括：高度调节、椅背后仰并可锁定、腰枕 USB 按摩功能；另外配有脚踏、头枕和腰枕。"", []"
92,"""洗碗机部件包括：台式（视型号而定）、上层喷淋臂、下层碗篮、下层喷淋臂、过滤器、控制面板、机门、洗涤剂盒、下层喷淋臂槽、餐具篮、专用盐箱盖、上层篮导轨、带支架的上层碗篮、风扇烘干系统（视型号而定）。<PIC>"", [""Dish_washer_08""]"
93,"""排水管可直接连接到排水孔或水槽排水口；连接点距地面高度应为最小 50 厘米、最大 100 厘米。将排水管平直连接，不得弯折，并牢固固定以防工作时脱落。排水管长度超过 4 米会导致洗涤不干净，且必须连接到污水系统，不得连接到地表水。<PIC>"", [""Manual06_2""]"
94,"""使用前请只使用洗碗机专用软化盐，建议颗粒或粉末状，勿用食盐等。步骤：1. 取出下层碗篮。2. 逆时针旋开盐箱盖。3. 首次使用前，向软水系统注入 1 升水。4. 用盐斗向盐箱加盐，必要时用勺子搅拌加速溶解；盐箱约可装 2 公斤。5. 加满后盖上并拧紧盖子。若加盐后不立即洗涤，请空载运行最短程序以溶解并冲散散落的盐。"", []"
95,"""请在即将运行机器前添加洗涤剂：1. 向右推动卡扣打开洗涤剂盒盖。2. 加入建议量的洗碗机专用粉末或块状洗涤剂；可按盒内 15cm³ 或 25cm³ 刻度添加，装满为 40cm³。若餐具残渣已干涸，可同时加满 5cm³ 小格。3. 轻轻按下盒盖，听到“咔嗒”声表示关紧。请勿加入溶剂。"", []"
96,"""在即将运行机器前添加洗涤块：1. 向右推动卡扣，打开洗涤剂盒盖。<PIC> 2. 将建议量的块状洗涤剂放入洗涤剂盒。<PIC> 3. 轻轻按下盒盖，听到“咔嗒”声表示已关紧。使用洗涤块时，请遵守洗涤剂生产商包装说明。"", [""Dish_washer_03"", ""Manual06_4""]"
97,"""亮碟剂可提高烘干效率并防止水渍/水垢，请仅使用洗碗机专用亮碟剂。先查看亮碟剂指示灯：常亮表示充足，熄灭则需添加。添加时按下卡扣打开亮碟剂盒盖（B），加注至 MAX 刻度线，再轻轻按下关闭盒盖，并擦净溢出的亮碟剂，以免产生泡沫、降低洗涤效果。<PIC> 使用时将亮碟剂剂量调节旋钮手动调至 1-6 之间；餐具洗后有污渍则调高剂量，手擦后有蓝色痕迹则调低剂量，出厂默认设置为 4。<PIC>"", [""Manual06_6"", ""Manual06_7""]"
98,"""不适合在洗碗机中清洗的物品包括：沾有烟灰、蜡烛残渣、抛光剂、染料、化学品等的餐具；铁制器具；带木质或骨质手柄、黏合部件、不耐热部件的银质餐具和刀具；铜和镀锡容器；带装饰的玻璃和光泽瓷器。瓷器装饰花纹、铝制和银质器具可能褪色或失去光泽，精致玻璃和水晶也可能逐渐失去光泽。"", []"
99,"""餐具篮为视型号而定的配件，用于更干净地清洗叉、勺等餐具。若您的型号配备餐具篮，可按图将上方格架放到餐具篮上。<PIC>"", [""Manual06_12""]"
100,"""手册未提供单独安装步骤；仅说明下层碗篮上的两根可折叠架丝可单独或同时折叠，按下卡扣（A）即可放下，以腾出更大空间。<PIC>"", [""Manual06_12""]"
101,"""手册说明的是满载上层篮高度调节：无需取出碗篮即可调节。升高：抓住上层篮一侧架丝向上提起，另一侧重复，并确保两侧处于同一水平。<PIC> 降低：按下碗篮调节机构上的卡扣降低碗篮，另一侧重复，并确保两侧处于同一水平。<PIC>"", [""Manual06_13"", ""Manual06_14""]"
102,"""定期检查进水管滤网和水管，必要时清洁：1. 关闭水龙头并拆下水管；2. 取出滤网后在自来水下清洁；3. 将清洁后的滤网装回水管原位；4. 将水管装回水龙头。<PIC>"", [""Manual06_22""]"
103,"""为保证高效运行，至少每周清洁一次喷淋臂。检查上层喷淋臂（2）的孔是否堵塞；若堵塞，向左旋转螺母拆下上层喷淋臂并清洁。安装时确保螺母拧紧。<PIC>"", [""Manual06_23""]"
104,"""拆除前请务必拔下设备插头。步骤：1. 双手握住设备上盖并向上拉起。<PIC> 2. 握住背部滤网盖把手并向前拉出。<PIC> 3. 拆除滤网上的塑料包装。<PIC> 4. 将滤网上下推入设备，确保贴合紧密。<PIC> 5. 装回滤网盖：先插入底部固定卡槽，再向前滑动卡入顶部卡槽。<PIC> 6. 将设备上盖滑回原位，确保标识朝前。<PIC> 安装完成后，长按控制面板上的“睡眠 + 自动”键 5 秒以上进行初始化。"", [""Manual03_0"", ""Manual03_1"", ""Manual03_2"", ""Manual03_3"", ""Manual03_4"", ""Manual03_5""]"
105,"""脚轮安装方法：1. 包装盒内有一小盒，内含 4 个脚轮和 8 颗螺丝。2. 用螺丝刀拆下空气净化器底部四个底座。3. 每个脚轮用两颗螺丝替换原底座。4. 保留拆下的底座和螺丝以备后续使用。注意：若滤盒内无脚轮盒，请联系客服。"", []"
106,"""手册列出的运行模式/功能包括：\n1. 常规运行：按开机键开机，按上下键选择风速；风速可在1档（F1）至18档（F18）之间调节。\n2. 自动运行：开机后按自动键选择；每按一次可在自动运行和常规运行间切换。特点是根据室内空气质量自动调节风速，智能自动运行期间不能手动调节风速。\n3. 涡轮风扇运行：在常规运行模式下，同时长按控制面板上下键3秒开启。特点是可更快净化室内空气；按下控制面板下键后风速调至18档，涡轮运行停止。\n4. 睡眠运行：开机后按睡眠键选择，按上下键可调风速F1-F18；再次按睡眠键恢复之前模式，关机后取消。特点是显示屏熄灭以免干扰睡眠，仅保留月亮图标，默认风速为1档。\n5. 自动关机功能：开机时长按睡眠键3秒以上，初始显示1小时；用上下键选择1至12小时，再长按睡眠键3秒以上确认。特点是到设定时间后自动关机，断电后预设时间会取消。"", []"
107,"""室内空气质量（IAQ）指示灯是环绕显示屏外缘的灯光，用于实时显示室内空气质量。设备会根据传感器检测到的细颗粒物浓度，用蓝、绿、黄、红四种颜色表示空气状态：蓝色好、绿色正常、黄色差、红色非常差。<PIC>"", [""Manual03_20""]"
108,"""清洁前务必拔下电源插头，勿通电清洁。建议每月清洁 1-2 次，灰尘较多地区可增加频率。外部：用温水或温和清洁剂浸湿的布擦拭外壳，再用软布擦干。内部：打开背部滤网盖并取出滤网，用吸尘器和湿毛巾清洁滤网仓内部。预过滤网每月清洁 1-2 次，更换滤网期间可用吸尘器或软刷清洁；滤网过脏请直接更换，切勿用水清洗滤网。"", []"
109,"""清洁前务必拔下电源插头。打开背部滤网盖并取出滤网，用吸尘器和湿毛巾清洁滤网仓内部。每月清洁设备及预过滤网 1-2 次，预过滤网可用吸尘器或软刷清洁；灰尘较多地区可增加频率。滤网过脏请直接更换，切勿用水清洗滤网。"", []"
110,"""当滤网更换指示灯亮红色时需更换，建议每 6–12 个月更换一次。步骤：1. 拔下电源，双手握住上盖向上拉起。<PIC> 2. 握住背部滤网盖把手并向前拉出。<PIC> 3. 取出旧滤网，将新滤网上下推入设备，确保贴合紧密。<PIC> 4. 装回滤网盖：先插入底部固定卡槽，再向前滑动卡入顶部卡槽。<PIC> 5. 将上盖滑回原位，确保标识朝前。<PIC> 6. 更换后长按控制面板上的“睡眠 + 自动”键 5 秒以上重置指示灯，红色滤网指示灯会熄灭。<PIC>"", [""Manual03_0"", ""Manual03_1"", ""Manual03_3"", ""Manual03_4"", ""Manual03_5"", ""Manual03_21""]"
111,"""清洁前请务必拔下电源插头。1 双手握住设备上盖并向上拉起。<PIC> 2 握住背部滤网盖把手并向前拉出。<PIC> 3 拆下设备右侧灰尘传感器盖。<PIC> 4 用蘸少量水的棉签擦拭灰尘传感器镜头和进风口，再用干净干棉签彻底擦干。<PIC> 5 装回灰尘传感器盖和滤网盖，将设备上盖标识朝前装回。请勿使用丙酮、酒精等强腐蚀性化学试剂擦拭传感器部件。"", [""Manual03_22"", ""Manual03_23"", ""Manual03_24"", ""Manual03_25""]"
112,"""长期存放前：晴天运行设备 1 小时，然后拔下电源插头，晾干设备内部；之后遮盖设备，并存放在干燥、无阳光直射的地方。"", []"
113,"""可查看手册“技术规格”部分及机身产品规格标签位置 <PIC>。该单车技术规格：最大使用者重量 136 千克（300 磅）；设备总占地面积 5670 平方厘米；机器重量 26.5 千克（58.4 磅）；尺寸约 105cm × 54cm × 141cm <PIC>；电源要求为 220V–240V 交流电、50Hz、0.4A；交流电源适配器符合 CE 认证，本产品符合固定式健身器材 EN ISO 20957 国际标准，S 级。"", [""Manual14_0"", ""Manual14_1""]"
114,"""启动/使用前请：阅读并理解完整手册和警告；确认单车已完全装配、所有配件紧固且部件装配正确；连接交流电源适配器；将单车放在坚固水平地面并调至水平稳固；每次使用前检查是否有零件松动或磨损，异常时请勿使用；穿橡胶底运动鞋和适合运动的衣物；调好并锁紧座椅，固定脚踏绑带。"", []"
115,"""这款健身单车的控制台可在运动时提供重要运动信息，并可控制阻力等级；配有带触控按键的显示屏，用于浏览运动程序。显示区包括程序曲线、强度、心率区间、目标完成情况、用户档案和成就提示。下部显示可显示速度、时间、距离、阻力等级、转速、心率和卡路里等数据。<PIC><PIC>"", [""Manual14_21"", ""exercise_bikes_02""]"
116,"""运动前主要调整座椅高度：脚掌中心对准脚踏板中心、踏板在前位时膝盖应微弯；腿太直或脚够不到就调低，膝盖弯曲过度就调高。调节时先下车，确认锁销完全卡入并拧紧，不要超过 STOP 限位标记。<PIC> 同时将脚踏绑带固定在鞋面上，确保脚尖和膝盖朝前。<PIC>"", [""Manual14_24"", ""Manual14_25""]"
117,"""轻松骑行类别包含 3 个预设运动程序：起伏山丘 <PIC>、公园骑行 <PIC>、轻松之旅 <PIC>。"", [""Manual14_27"", ""Manual14_28"", ""Manual14_29""]"
118,"""手册片段仅说明预设程序分为轻松骑行、山地、挑战三类，但未提供“山地”类别下的具体预设运动程序名称。"", []"
119,"""手册片段仅说明预设程序分为“轻松骑行、山地、挑战”类别，但未列出“挑战”类别下的具体预设运动程序。"", []"
120,"""编辑用户档案步骤：1. 在开机模式界面，按增加（♠）或减少（▼）按钮选择用户档案。2. 按确认按钮选择。3. 出现编辑提示和当前档案名称时，按确认开始编辑；如需退出，按暂停/结束。4. 编辑姓名：用增加/减少浏览字母和空格，用左/右切换字符段，按确认接受；姓名最多 10 个字符。5. 依次编辑年龄、体重、身高、性别：用增加/减少调节，每项完成后按确认。6. 设置扫描提示：选择运动数据显示方式“开启”或“关闭”，按确认。7. 编辑下部显示：用增加/减少隐藏或显示当前运动数据，用左/右切换项目，完成后按确认。8. 控制台返回已选择用户的开机模式界面。"", []"
121,"""可以参考手册的年龄目标心率区间图来设置。手册说明：燃脂目标通常为最大心率的 50–70%，并建议将心率维持在目标区间 20 分钟以上；HRC 程序可选择 50–60%、60–70%、70–80%、80–90% 最大心率区间，选择 80–90% 前请咨询医生。图中为基于年龄的通用建议，个人最佳目标心率可能更高或更低，请咨询医生确认。<PIC>"", [""Manual14_23""]"
122,"""体能测试程序用于评估体能水平提升：它将功率输出（瓦特）与心率对比，体能提升后，同样心率下功率输出会增加。测试需控制台能读取心率；开始时选择初级或高级，并根据用户档案的年龄、体重计算得分。测试中强度会逐渐增加，达到个人最大心率 75% 的测试区间后保持 3 分钟，再测量心率和功率输出，计算“体能得分”。该得分仅用于与自己的历史得分对比。"", []"
123,"""充电步骤：1. 插入电池组前，先将充电器插入合适的插座。2. 将电池组（K）插入充电器，确保完全就位；红色充电指示灯持续闪烁表示开始充电。<PIC> 3. 红色指示灯常亮表示充电完成，电池组已充满，可使用或留在充电器中。"", [""Manual11_2""]"
124,"""DCB101 指示灯标识包括：电池组充电中 <PIC>、电池组已充满 <PIC>、过热/过冷延迟 <PIC>、电池组或充电器故障 <PIC>、电源故障 <PIC>。"", [""drill0_08"", ""drill0_09"", ""drill0_10"", ""drill0_11"", ""drill0_12""]"
126,"""安装钻头或其他附件到单套无键夹头：1. 关闭工具并断开电源。<PIC> 2. 一手握住夹头黑色套筒，另一手固定工具，逆时针旋转套筒，直到开口足够放入附件。<PIC> 3. 将附件插入夹头约 3/4 英寸（19 毫米），一手顺时针旋转夹头套筒紧固，另一手握住工具，确保附件紧固。<PIC> 注意：不要通过握住夹头前部并启动工具来拧紧附件。"", [""drill0_01"", ""drill0_02"", ""drill0_03""]"
127,"""安装前确保电池组已充满电。安装：将电池组（K）对准工具手柄内的导轨，滑入手柄，直到牢固就位且不会松脱。拆卸：按下电池释放按钮（J），将电池组从工具手柄中平稳拔出。<PIC>"", [""Manual11_8""]"
128,"""使用腰带挂钩和批头夹时注意：调整或拆装前，先关闭工具并取下电池组；不要将工具悬挂在高处，也不要在腰带挂钩上悬挂物体，仅可挂在工作腰带上；确保固定螺钉拧紧；安装或更换时仅使用随附螺钉（H），并务必拧紧。<PIC>"", [""Manual11_7""]"
129,"""手册片段提到可配备/使用的附件包括：钻头或其他附件；腰带挂钩（G）和批头夹（I，批头夹另售），可用随附螺钉（H）安装在工具任意一侧。进行砌体或冲击钻孔时，应使用额定冲击钻孔的硬质合金或砌体钻头。<PIC>"", [""drill0_14""]"
130,"""手册片段未说明“三年有限保修”的具体覆盖内容；仅说明除保修外还享有：购买后第一年内免费维护工具并更换正常使用造成的磨损部件；指定电池组享2年免费服务；其他电池组享3年免费服务。电池组若被擅自改装，产品保修失效。"", []"
131,"""包装盒内应包含：配有小号表带的手表 <PIC>、充电线 <PIC>、额外大号表带 <PIC>。"", [""fitness_trackers_01"", ""fitness_trackers_02"", ""fitness_trackers_03""]"
132,"""为健身追踪器充电：1. 将充电线插入电脑USB端口、UL认证的USB墙充充电器或其他低功耗充电设备。2. 将充电线另一端靠近手表背面的充电接口，直至磁吸吸附，并确保充电线金属触点与手表背面接口对齐。<PIC> 充电时可轻点屏幕两次或按下按钮点亮屏幕；完全充满约需1-2小时，充电12分钟可续航24小时。"", [""Manual16_1""]"
133,"""不运动时，将健身追踪器佩戴在腕骨上方一指宽的位置。<PIC> 运动时，可将表带向上移动，以获得更贴合的佩戴效果；手表应戴在手腕正面，并确保设备背面与皮肤接触。<PIC>"", [""Manual16_4"", ""Manual16_5""]"
134,"""将底部表带穿入顶部表带的第一个环扣 <PIC>；收紧到舒适贴合后，将表扣钉按入表带孔中 <PIC>；再把松散端穿入第二个环扣，使其平整贴在手腕上 <PIC>。如果太紧，请松开；佩戴时应留有空隙，可在手腕上轻微移动。若小号表带用到最后两个孔，建议更换大号表带。"", [""Manual16_6"", ""Manual16_7"", ""Manual16_8""]"
135,"""拆卸表带：1. 将健身追踪器翻面，找到表带卡扣。<PIC> 2. 松开卡扣，将扁平按钮向表带方向滑动。3. 轻轻将表带从手表上拔下。<PIC> 4. 另一侧重复操作。"", [""Manual16_9"", ""Manual16_10""]"
136,"""操作健身追踪器界面可按以下方式：主屏幕为时钟界面；轻点屏幕、左右上下滑动或按下按钮进行操作。向下滑动查看快捷设置，向上滑动查看通知，左右滑动查看功能卡片。<PIC> 按下按钮可打开应用菜单或返回时钟界面；在时钟界面按下按钮可打开已安装应用列表。<PIC> 长按时钟界面可切换已保存的表盘。"", [""Manual16_12"", ""Manual16_13""]"
137,"""健身追踪器可显示手机的来电、短信、日历和应用通知；收到通知时手表会震动，可即时查看或稍后查看。<PIC> 它最多可存储30条通知，可展开、清除单条或全部清除；也可关闭特定通知或关闭所有通知。<PIC> 与手机配对后，还可在手表上接听或拒接来电。<PIC>"", [""Manual16_28"", ""Manual16_29"", ""Manual16_30""]"
138,"""健身追踪器会在你每晚睡觉时记录皮肤温度，并显示其与个人基准的差异，帮助你识别身体变化和趋势。你需要佩戴健身追踪器睡觉 3 晚，才能看到个人皮肤温度基准。查看方法：打开手机上的健身追踪器应用，在“今日”页面点击“温度”卡片。"", []"
139,"""在健身追踪器上打开运动应用，选择运动类型并点击播放开始追踪；运动中可查看心率、消耗卡路里、耗时等实时数据。运动结束后，手表会显示运动摘要；在健身追踪器应用的运动卡片中可查看完整运动数据，若使用 GPS 还可查看运动强度地图。设备也可自动识别并记录许多持续至少 15 分钟的高强度活动；开启步行、跑步或骑行检测后，识别到相应运动时会自动打开运动应用。"", []"
140,"""手册片段未说明健身追踪器测量心率的具体原理。手册仅说明：它会使用心率储备（最大心率与静息心率之差）来个性化设置你的心率区间，并可在运动时查看心率和心率区间。"", []"
141,"""先确保已在健身追踪器应用中添加至少1张合作银行的信用卡或借记卡，并佩戴健身追踪器。在支持非接触式支付标志的商店 <PIC>：1. 打开健身追踪器上的钱包或支付应用（可双击按钮快速访问）。2. 如提示，输入4位手表PIN码，屏幕会显示默认卡 <PIC>。3. 使用默认卡时，将手腕靠近支付终端；使用其他卡时，滑动选择卡片后再将手腕靠近终端。支付成功时，健身追踪器会震动并显示确认信息。"", [""Manual16_46"", ""Manual16_47""]"
142,"""可能遇到的问题及处理：1. 心率信号丢失：屏幕显示虚线 <PIC>。请确认佩戴正确，可上下移动手表或收紧/放松表带，确保与皮肤接触；手臂静止伸直片刻后通常可恢复。2. GPS信号丢失/搜索：高楼、茂密森林、陡峭山坡和厚云层可能干扰GPS；开始运动前等待找到信号。搜索时顶部显示旋转GPS图标 <PIC>；运动中丢失时图标变红，手表会尝试重新连接 <PIC>。3. 无法同步、无法响应轻点/滑动/按钮、无法追踪步数或其他数据、无法显示通知：请重启手表。4. 电量严重不足（8%或更低）：屏幕亮度、震动等功能会受限，GPS追踪、EDA传感器、常亮显示、语音助手、快捷回复可能无法使用；为健身追踪器充电后即可使用或调整这些功能 <PIC>。"", [""Manual16_48"", ""Manual16_49"", ""Manual16_50"", ""Manual16_22""]"
144,"""可在健身追踪器应用中开启设备锁：进入应用的“今日”页面，点击左上角图标 > 健身追踪器卡片 > 设备锁。开启后，解锁手表需输入个人 4 位 PIN 码。若已设置非接触式支付，设备锁会自动开启且必须设置密码。"", []"
145,"""1. 请勿在冰箱顶部放置重物或装液体的物品。\n2. 请勿倚靠或悬挂在冰箱门体及搁架上。\n3. 防止儿童进入产品内部。\n4. 开关冰箱门时请小心。\n5. 请勿将冰箱安装在潮湿环境中。"", []"
146,"""前五条注意事项：1. 请勿让电源插头朝上或被挤压在冰箱冰柜背面。2. 安装过程中拔下插头后推入冰箱时，防止电源线被挤压或弯折。3. 请勿让重物挤压或弯折电源线。4. 请勿延长或改装电源插头长度。5. 清洁、操作或更换冰箱冰柜内部灯泡时，请拔下电源插头。"", []"
153,"""使用/加油时注意：加油前务必关闭发动机 <PIC>；加油时严禁吸烟或靠近明火 <PIC>；不要让燃油洒在发动机或消音器上，溢出应立即擦拭；切勿加注至燃油滤清器顶部以上，加油后务必拧紧油箱盖 <PIC>。如吞入燃油、吸入燃油蒸汽或燃油入眼，请立即就医；燃油溅到皮肤或衣物上，应立即用肥皂水清洗并更换衣物。操作或运输时保持机身直立，防止燃油泄漏 <PIC>；运输时还要拧紧油箱盖通气旋钮。"", [""generator_20"", ""generator_21"", ""generator_14"", ""generator_03""]"
154,"""发动机运行后，发动机及消音器温度极高：检修或维修时，必须等其冷却后再接触，切勿让身体或衣物触碰。<PIC> 同时，将发电机放在行人或儿童不易触碰处；运行时排气口附近不要放易燃物；与建筑物或其他设备至少保持1米距离；不要在防尘罩覆盖下运行；搬运时仅通过提手搬运。"", [""generator_11""]"
155,"""日常使用中应：切勿在雨雪中运行发动机 <PIC>；切勿湿手触碰发电机 <PIC>；务必对发电机接地，并使用足够载流量的接地导线 <PIC><PIC>；避免将发电机接入市电插座，避免与其他发电机并联使用 <PIC>；如需接入建筑物电气系统，必须由持证电工安装隔离（转换）开关。"", [""Manual18_12"", ""Manual18_13"", ""Manual18_14"", ""Manual18_15"", ""Manual18_16""]"
156,"""供油时：先确认油箱盖通气旋钮已从拧紧位置逆时针旋转1圈，使燃油可流向化油器；然后将燃油开关旋钮置于“开启”位置。<PIC> 若燃油开关旋钮无法转动，取下盖板①，使用内部燃油开关拨杆供油。<PIC>"", [""Manual18_19"", ""Manual18_20""]"
157,"""每次使用前应检查燃油：确认油箱内燃油充足，使用无铅汽油；油箱容量总计 2.5 升。发动机适用泵法辛烷值 86 及以上或研究法辛烷值 91 及以上的普通无铅汽油。加油时不要加注至燃油滤清器顶部以上，防止受热膨胀后溢出；若有溢油应立即擦拭。加油后务必拧紧油箱盖。<PIC><PIC><PIC>"", [""generator_12"", ""generator_13"", ""generator_14""]"
158,"""1. 按住油箱盖防止转动，将通气旋钮逆时针旋转1圈，打开油箱通气口。<PIC> 2. 将燃油开关旋钮置于“开启”位置。<PIC>"", [""Manual18_26"", ""Manual18_27""]"
159,"""连接交流电时请注意：切勿在雨雪中运行发动机 <PIC>；切勿湿手触碰发电机 <PIC>；务必使用足够载流量的接地导线对发电机接地 <PIC><PIC>。避免将发电机接入市电插座，避免与其他发电机并联；若接入建筑物电气系统，必须由持证电工安装隔离（转换）开关 <PIC>。连接前确认所有电气设备、线路及插头状态良好，插入插头前关闭所有电气设备，并确保总负载和插座负载电流在额定范围内。"", [""Manual18_12"", ""Manual18_13"", ""Manual18_14"", ""Manual18_15"", ""Manual18_16""]"
160,"""发电机上的两种开关/保护器主要是：\n1. 经济控制开关：置于Ⅰ（开启）时，会根据外接负载调节发动机转速，以降低油耗和噪音；置于○（关闭）时，发动机始终以额定转速5000转/分钟运行。使用压缩机、潜水泵等启动电流较大的设备时，必须置于○（关闭）。<PIC>\n2. 直流保护器：当负载超过发电机额定输出时会自动断开；断开后应降低负载至额定输出范围内，按下即可复位。若再次断开，请咨询发电机经销商。<PIC>"", [""generator_07"", ""generator_08""]"
161,"""请在指定位置记录产品识别码和序列号，以便订购零配件；同时另行妥善保管这些识别码，以防机器被盗。<PIC> 机器序列号标注在图示位置。<PIC>"", [""Manual18_0"", ""Manual18_1""]"
162,"""充电时务必关闭经济控制开关；确保电池接线正确、通气软管连接正确且无损坏或堵塞。若直流保护器断开，请将负载降至发电机额定输出范围内；若再次断开，请咨询发电机经销商。按下即可复位直流保护器。<PIC>"", [""Manual18_38""]"
163,"""每次使用前都应检查发动机机油：打开机油加注口，确认机油油位处于机油加注口的上限位置；如不足，应添加至上限。<PIC><PIC> 注意：发电机出厂时未加注发动机机油，必须先加注，否则无法启动。推荐机油等级为 API 标准 SE 级或 SF 级。"", [""generator_17"", ""generator_18""]"
164,"""最后三个步骤是：5. 缓慢拉动反冲启动器至啮合位置，然后快速拉动；6. 发动机启动后进行暖机，直到阻风门旋钮推回原位发动机也不会熄火；7. 将阻风门旋钮推回原位。"", []"
165,"""发电机直流额定电压为12V。正确充电步骤：1）务必关闭经济控制开关；2）将充电线在提手上缠绕2至3圈，并插入直流插座；3）启动发动机后再连接电池，红线夹接电池正极（+），黑线夹接电池负极（-），切勿接反；4）按下直流保护器进行充电。<PIC> 若直流保护器断开，先将负载降至发电机额定输出范围内，再按下复位；若再次断开，请咨询发电机经销商。<PIC> 充电时严禁吸烟，远离火花、明火；保持通风，佩戴护目镜，避免接触电解液，并放在儿童接触不到的地方。电池充满时电解液比重为1.26至1.28，建议每小时检查一次。<PIC>"", [""Manual18_37"", ""Manual18_38"", ""Manual18_39""]"
166,"""停机步骤：先关闭所有电气设备，并将经济控制开关置于○（关闭）位置。<PIC> 1. 断开所有电气设备。<PIC> 2. 将发动机开关置于“停止”位置。<PIC> 3. 将燃油开关旋钮置于“关闭”位置。<PIC> 4. 顺时针拧紧油箱盖通气旋钮至手指拧紧状态。<PIC>"", [""generator_22"", ""generator_23"", ""generator_24"", ""Manual18_40"", ""Manual18_41""]"
167,"""开始保养前先停机。火花塞应定期拆下检查：取下盖板，检查是否变色并清除积碳；标准电极颜色为黄褐色 <PIC>。检查火花塞型号及间隙：标准火花塞为 CR6HSB（NGK），间隙为 0.7–0.8 mm <PIC>。检查、调整并清洁，必要时更换；安装火花塞时扭矩为 12.5 N·m <PIC>，最后装回盖板。"", [""Manual18_44"", ""Manual18_45"", ""Manual18_47""]"
168,"""前六个步骤：1. 将机器放置在水平面上，暖机数分钟，然后停机，将燃油开关旋钮置于“关闭”位置，并顺时针拧紧油箱盖通气旋钮。2. 取下盖板①。<PIC> 3. 从发电机底部拆下放油接头①，打开机油加注口盖。<PIC> 4. 将放油接头①安装到机油加注口。<PIC> 5. 在发动机下方放置接油盘，倾斜发电机将机油完全排空。<PIC> 6. 添加发动机机油至上限位置（① 上限）。<PIC>"", [""Manual18_49"", ""Manual18_50"", ""generator_25"", ""generator_26"", ""Manual18_51""]"
169,"""空气滤清器正确步骤：1. 取下盖板①。<PIC> 2. 松开固定空气滤清器盖的卡箍。<PIC> 3. 取下空气滤清器盖及滤芯④。4. 用溶剂清洗滤芯并晾干。5. 给滤芯上油并挤出多余机油，滤芯应湿润但不滴油；推荐使用泡沫空气滤清器专用油或 SAE 20号发动机油。注意：请勿拧绞滤芯，以免撕裂；使用溶剂时严禁吸烟或靠近明火。6. 将滤芯装入空气滤清器，确保滤芯密封面与空气滤清器贴合，无漏气。<PIC> 7. 将空气滤清器盖装回原位并安装卡箍。8. 安装盖板。注意：发动机严禁无滤芯运行，否则会导致活塞及气缸过度磨损。"", [""Manual18_62"", ""Manual18_63"", ""Manual18_64""]"
170,"""发动机无法启动时，请按手册检查：1. 油箱无油：添加燃油。2. 油箱有油：确认油箱盖通气旋钮已“开启”（逆时针旋转1圈）、燃油开关旋钮在“开启”。3. 燃油管路堵塞：清洁燃油管路；化油器堵塞：清洁化油器。4. 机油液位低：添加发动机机油；发电机出厂时未加注机油，必须加注机油，否则无法启动。5. 如仍无法启动，检查火花塞、燃油管路和空气滤清器；必要时清洁、更换或咨询 Yamaha 经销商。"", []"
171,"""排空燃油步骤：\n1. 打开油箱盖，用市售手动虹吸管将油箱内燃油排入合格汽油容器，然后装回油箱盖。<PIC>\n2. 取下盖板①，松开化油器浮子室放油螺丝，排空化油器内燃油。<PIC>\n3. 将燃油开关旋钮置于“关闭”位置，启动发动机直至自行停机，以燃烧完化油器内剩余燃油。\n注意：燃油高度易燃且有毒；如有溢出应立即擦拭。"", [""Manual18_66"", ""Manual18_67""]"
172,"""使用该发电机为对电压敏感的精密设备供电前，应先咨询该精密设备的供应商；此类设备可能需要比便携式发电机更稳定的电压供应。"", []"
173,"""拖曳速度：最低操控速度，几乎不加油门，艇体沉入水中，无尾流；用于靠岸、停靠码头或接近物体，技巧是低速直行、转向和满舵360°转向。<PIC> 半滑航速度：中等速度，艇首略微抬离水面但仍在水中行驶，会产生尾流；手册说明其转向方式与滑航速度不同。<PIC> 滑航速度：较快速度，艇体更平稳，在水面滑行并产生尾流；用于高速操作训练，涉及油门控制、转向、重心转移与侧滑，速度越快停车距离越长，过度转向可能侧滑。<PIC>"", [""Manual40_1"", ""Manual40_2"", ""Manual40_3""]"
174,"""深水登艇与平衡应先在近岸练习，熟练后再到开阔水域；练习时不要启动发动机，在水深至少齐胸的水域让艇漂浮，并将熄火绳系在手腕上。步骤：1. 游至艇尾，双手放在登艇平台上，单手抓住扶手。<PIC> 2. 将身体拉到平台上成跪姿，再移至座位跨坐。<PIC> 3. 将熄火绳系在手腕上并把卡扣安装到熄火开关；双手紧握车把，双脚放入脚坑。<PIC> 反复练习登艇与平衡，直到全过程能保持良好平衡。"", [""Manual40_13"", ""Manual40_14"", ""Manual40_15""]"
175,"""滑航速度下急转弯要点：转向时必须配合加油门，避免松油后艇体失去对车把的响应；不要把车把转得过度，否则艇体可能侧滑，进水减少、转向推力下降，反而无法更急转弯；若发生侧滑，应将车把转回较小角度以恢复正常转向。练习时先从低速、平缓转向开始，左右画椭圆，再逐步提高速度、减小转弯半径，并练习圆圈和8字路线，切勿急于求成。<PIC><PIC>"", [""Manual40_26"", ""Manual40_27""]"
176,"""要保持操控性和稳定性：1. 用油门与车把配合转向，转弯时必须保持加油门；松开油门后转向能力会迅速下降，艇体可能不再响应车把。<PIC> 2. 大椭圆转弯：逐渐加速至半滑航速度，保持速度平稳，分别练习右转、左转，再完成完整椭圆。<PIC> 3. 绕圈：先以稳定速度绕大圈，再逐渐缩小圈径，左右方向都要练习。<PIC> 4. 8字行驶：先完成大8字路线，再重复练习并逐步缩小尺寸。<PIC> 5. 在半滑航速度急转弯时，转向同时要加大油门。"", [""Manual40_20"", ""Manual40_22"", ""Manual40_23"", ""Manual40_24""]"
177,"""中低速转弯时，车把要与油门配合：转动车把会改变尾部喷嘴角度，但转向速度和方向取决于喷射推力；除拖曳速度外，转向时必须始终加油门。半滑航速度下应逐渐加速并保持速度平稳再转向；绕圈时保持速度不变，再逐渐缩小圈径。若松开油门，转向能力会迅速下降，艇体可能不再响应车把；需要逐渐重新加油门恢复操控。中低速急转弯时，应同时加大油门。<PIC>"", [""Manual40_20""]"
178,"""拖曳速度是最低操控速度，几乎不加油门，艇体沉入水中且无尾流。<PIC> 操作时：先登艇并观察周围人员、物体和其他船只；启动发动机后直线行驶；转弯时不加油门，按约15–21米（50–70英尺）的大8字路线练习，以保持动作平顺。<PIC> 还可将车把向任一方向转到最大，做360°转向，并分别练习顺时针和逆时针，熟悉艇体对车把动作的响应。"", [""Manual40_1"", ""Manual40_19""]"
179,"""全加速行驶需停车时，松开油门手柄，让摩托艇靠水阻减速并滑行至停止；本艇没有独立制动系统。发动机减速后，艇体对车把响应会下降，需到拖曳速度后再转向；若不确定能否在障碍物前停下，应加油门并转向避让。从全速松油门或停发动机到完全停止约需90米（300英尺），具体受载重、水面和风向影响；握紧RiDE手柄减速可使停车距离约缩短30%。<PIC><PIC>"", [""Manual40_25"", ""Manual40_21""]"
180,"""为避免碰撞：持续观察周围人员、物体及其他船只，留意影响视线或遮挡视野的情况 <PIC>；以安全速度谨慎驾驶，并保持安全距离。不要紧跟其他摩托艇或船只，不要靠近他人喷水或溅水，避开水下障碍物和浅水区。避免急转弯、快速减速等让他人难以避让或判断方向的操作。尽早采取避让行动，记住摩托艇和其他船只没有刹车；EX Deluxe 的 RiDE 系统也不是用于规避危险的制动装置。转向避让时不要松开油门，转向需要油门动力。启动前务必检查油门和转向操控是否正常，并遵守航行规则与当地法规。"", [""Manual40_0""]"
181,"""发动机停机步骤：1. 将油门手柄完全向左推。<PIC> 2. 将发动机开关置于“OFF”位置。<PIC> 3. 将燃油开关手柄置于“OFF”位置。<PIC>"", [""Manual31_16"", ""Manual31_17"", ""Manual31_18""]"
182,"""手册片段未提供“核心部件”的完整清单。已提到的主要部件/控制件包括：发动机、水泵泵体、接头、软管、卡箍、滤网、机油警告系统、发动机开关、油门手柄、燃油开关手柄、阻风门手柄和反冲启动器。"", []"
183,"""清洗油箱滤网步骤：1. 拆下油箱盖及油箱滤网（①油箱盖，②油箱滤网）。2. 用溶剂清洗滤网，损坏则更换。3. 擦干滤网后装回。4. 务必拧紧油箱盖。操作时严禁在吸烟或明火附近使用或靠近燃油及溶剂。<PIC>"", [""Manual31_32""]"
184,"""安全排放燃油时，严禁在吸烟或明火附近操作。步骤：1. 停止发动机；2. 将燃油开关手柄置于“OFF”；3. 拆下燃油开关杯及垫片；4. 用溶剂清洗开关杯并擦干；5. 检查垫片，损坏则更换；6. 重新安装垫片及燃油开关杯，并务必拧紧。<PIC>"", [""Manual31_31""]"
185,"""水泵无法抽水可按以下顺序诊断处理：1. 启动前确认泵内已注满水；水泵应放在稳固平面并尽量靠近水源，吸程越高，注水时间越长、出水量越小。2. 检查接头安装时垫片是否到位，软管是否牢固，否则会进气导致无法抽水。<PIC><PIC> 3. 检查注水螺塞或放水螺塞是否松动，松动则拧紧。4. 检查软管接头或卡箍是否松动，松动则拧紧。5. 检查是否漏水，重新拧紧螺栓、螺塞、卡箍及软管接头，必要时更换O形圈和/或垫片。<PIC> 6. 若O形圈或垫片损坏，应更换；若机械密封损坏，应咨询经销商。"", [""Manual31_3"", ""Manual31_4"", ""Manual31_24""]"
186,"""设置日期：按菜单键进入设备菜单，显示 PROG 后按 + 或 - 选择 DATE，按选择键；年份闪烁时按 + 或 - 调整年份并按选择键；再依次调整月份、日期，每次按选择键，最后保存并退出。<PIC>\n设置时间：按菜单键进入设备菜单，显示 PROG 后按 + 或 - 选择 TIME，按选择键；按 + 或 - 选择 12 小时制或 24 小时制并按选择键；再按 + 或 - 调整小时、分钟，每次按选择键，最后按选择键保存并退出。<PIC>"", [""Manual36_43"", ""Manual36_42""]"
187,"""系统运行：按“模式”键循环切换，直到所需模式显示并保持激活。可选模式包括：自动（按需自动选择供暖或制冷）、供暖（仅控制供暖）、制冷（仅控制制冷）、应急供暖（仅适用于带辅助加热的热泵，不使用压缩机）、关闭（供暖/制冷关闭；若风扇为开启或循环仍可运行）。可用模式因型号和系统设置而异；供暖/制冷指示灯可能因压缩机保护闪烁5分钟。<PIC>\n风扇运行：按“风扇”键循环切换，直到所需模式显示并保持激活。自动：仅在供暖或制冷系统运行时启动；开启：持续运行；循环：随机运行约33%的时间。可用风扇模式因系统设置而异。<PIC>"", [""Manual36_29"", ""Manual36_30""]"
188,"""可每天设置4个时段，工作日和周末可设置不同参数；建议使用预设设置以降低供暖/制冷能耗：起床、离家、回家、睡眠，其中离家和睡眠通常设置为节能温度。<PIC> 调整步骤：按菜单键 <PIC>，显示 PROG 后按选择键；显示“开启”后按选择键；用 +/− 选择要编辑的日期或日期组并按选择键；选择起床/离家/回家/睡眠时段并按选择键；保持该时段开启，或按 + 后按选择键关闭；用 +/− 调整开始时间并按选择键；再调整供暖设定温度和制冷设定温度并分别按选择键。<PIC> 对其余时段重复，完成后按主页键保存并返回主界面。<PIC>"", [""Manual36_31"", ""thermostat_04"", ""thermostat_05"", ""thermostat_06""]"
189,"""按“+”或“-”将温度调到所需设定值即可，无需其他操作；新的设定温度会保持到下一个预定时间段开始，不会更改已编程日程。若要取消临时保持，按“+”或“-”，然后按“取消”键。<PIC>"", [""Manual36_32""]"
190,"""出现警报图标时，应进入菜单查看警报，获取错误/警报代码；查看后主界面警报符号会保留直至清除。根据错误代码对照警报代码表确定问题。暂态警报若在警报菜单中取消，7天后会再次显示；也可选择取消警报。"", []"
191,"""热泵接线时，将每根已标记电线接到新温控器上相同字母的端子；若插入困难，可按对应端子旁按钮。<PIC> 若标签不匹配，按热泵备用接线处理：R滑动开关保持向上（1根电线）；若旧温控器同时有V和VR，停止并联系专业安装人员；若有单独O和B线，将B线接至C端子，若C端子已有线则停止并联系专业安装人员；若有Y1、W1和W2线，也停止并联系专业安装人员。<PIC>"", [""Manual36_35"", ""Manual36_36""]"
192,"""安全更换步骤：\n1. 为保护人身和设备安全，先在断路器箱或控制供暖/制冷系统的开关处关闭电源。\n2. 从UWP底座上拆下温控器。\n3. 在温控器背面装入两节AA碱性电池，建议使用碱性电池。<PIC>\n4. 将温控器对准UWP底座并用力卡入到位。<PIC>\n5. 打开电源。<PIC>\n6. 若两分钟内完成更换，无需重新设置时间和日期；其他设置会永久存储，无需电池供电。电池低电量图标出现时应立即更换；即使未出现，也应每年更换一次或离家超过一个月前更换。"", [""Manual36_22"", ""Manual36_23"", ""Manual36_24""]"
193,"""标签与端子不匹配时，不要按线色随意接线。先拍照记录旧端子字母，拆除跨接线，并在断开时按旧端子字母给每根线贴标签。然后按系统类型使用备用接线图：常规系统按图接线 <PIC>；若需同时接R和Rc，或旧温控器有R和RH，将R滑动开关拨到向下位置，R线接Rc端子，RH线接R端子；仅1根C/C1接C端子，若有2根C/C1则分别用电工胶带包裹且不连接。热泵系统按备用接线图接线 <PIC>；R滑动开关保持向上位置；若旧温控器同时有V和VR，或有Y1、W1和W2，应停止并联系专业安装人员。接好后每个端子只插一根线，轻拉确认牢固，并确认接线与拍摄照片记录一致。"", [""Manual36_34"", ""Manual36_36""]"
194,"""可按以下情况排查：\n1. 屏幕空白：若使用电池供电，确认已正确安装全新 AA 碱性电池。\n2. 无法切换至制冷模式：检查系统设置选项 220，确保设置为 1 或 2。\n3. 需要供暖时风扇不启动：检查系统设置选项 205，确保与供暖设备匹配。\n4. 制冷模式下供暖系统运行：检查系统设置选项 200 或 218，确保与供暖和制冷设备匹配。\n5. 供暖或制冷系统无响应：将系统设为供暖，确保温度设定高于室内温度；检查断路器并必要时复位；确认系统电源开关已打开、炉门紧闭；等待 5 分钟。\n6. 屏幕上“供暖开启/制冷开启”闪烁：压缩机保护功能已启动，等待 5 分钟让系统安全重启。\n7. 热泵供暖吹冷风或制冷吹热风：检查系统设置选项 200 或 218，确保与供暖和制冷设备匹配。"", []"
195,"""处理器单元的关键组件包括：正面：状态指示灯（白色表示已开机，红色表示待机模式）、AUX端口、HDMI输出端口。<PIC> 背面：HDMI电视端口、HDMI PS4端口、USB端口、DC IN 12V接口、通风口。<PIC>"", [""Manual38_1"", ""Manual38_2""]"
196,"""手册中提到的耳机包括立体声耳机，以及立体声头戴设备（另售）；立体声耳机带耳塞。<PIC> 耳塞出厂已安装M号，可更换为S号或L号。取下时，旋转耳塞后拔下；安装时请牢固装好，防止使用中意外脱落。<PIC>"", [""Manual38_3"", ""Manual38_4""]"
197,"""清洁遮光罩前，请拔下电源线并断开所有线缆。将遮光罩从VR头显上取下，用水清洗；再用软布完全擦干。装回时，将遮光罩上的凸点与头显上的13个孔对齐后安装。<PIC>"", [""Manual38_5""]"
198,"""游玩区域推荐约宽 1.9 m、深 3.0 m；使用前请清理大于游玩区域的活动空间，并调整摄像头使自己处于游玩区域中央。<PIC>"", [""Manual38_0""]"
199,"""使用和操作VR头显时应注意：12岁以下儿童不适用；疲劳、头晕、恶心、醉酒、服药或平衡感受损时不要使用，严重疾病者使用前应咨询医生；使用前清理大于游玩区域的空间，远离墙壁、楼梯、家具等障碍物，并防止宠物、他人进入；佩戴时尽量位于游玩区域中央、保持坐姿，避免剧烈动作，并检查线缆是否缠绕身体或四肢；出现头晕、视觉异常、抽搐、方向障碍、恶心等不适应立即停止使用，休息至症状消失，必要时就医；建议每游玩1小时休息15分钟，初次使用应短时间体验；连接前检查接口无灰尘杂物，追踪灯熄灭后再取下头显或拔线；不要甩动线缆、摔落、投掷或强烈撞击产品；避免液体或细小颗粒进入接口、通风口，发生后立即停用并断电；避免灰尘、烟雾、蒸汽，定期清理通风口灰尘；雷雨时不要触碰电源线、电源适配器或处理器单元；开机时避免长时间接触处理器单元、电源适配器或通风口热风；正确佩戴，不要把调节旋钮拧得过紧，定期检查佩戴状态；保持附着传感器无遮挡；不要拆卸或改装；耳机音量保持安全水平，避免高音量导致听力损伤；不要使用溶剂或化学药剂清洁，避免橡胶或乙烯基材料长期接触产品。"", []"
200,"""保修通常包含：功能键盘保修期为 2 年 <PIC>；仅覆盖原始消费者购买的产品；需提供购买凭证；保修期内经合理判定的故障，可由厂商自行决定维修或更换（新品或翻新、功能相近且价值相等或更高）；更换品保修为剩余保修期或 30 天中较长者。不包含：未经许可改装产品或序列号/保修标签、非制造缺陷损坏、意外/滥用/误用/疏忽/火灾/进水/雷击/自然灾害/未按说明操作导致的问题、安装不当或非授权维修、运输损坏、正常磨损，以及间接或继发性损害。"", [""Manual21_16""]"
201,"""保修项下的唯一义务与责任仅限于自行选择维修或更换故障产品；在任何情况下均不对任何间接或继发性损害承担责任，包括服务中断、数据丢失、业务损失，或因产品及其使用、持有相关的民事侵权责任。"", []"
202,"""设置步骤：1. 将 USB-C 线连接到键盘背面接口，另一端连接电脑上可用的 USB 2.0（或更高速度）接口。2. 将腕托（仅全尺寸及无小键盘版本）安装到键盘正面，腕托为磁吸设计，会自动吸附并居中。3. 如需更高打字倾斜角度，可展开键盘底部可调节支撑脚，共有中高两档角度可选。"", []"
203,"""拆卸：使用附赠的拔轴器，从顶部夹住轴体，工具两端沿轴体前后方向放置；按下固定在定位板上的两个卡扣即可拆卸。注意不要刮擦上盖面板，无需从轴体下方撬动，只需夹住轴体外壳底部两侧。<PIC>\n重新安装：安装前确认所有针脚笔直、无弯曲或折向轴底外壳；将两个金属针脚对准键盘轴座插孔，垂直向下用力插入。正确插入后，轴体外壳两侧应紧贴键盘上盖面板。<PIC>"", [""Manual21_14"", ""Manual21_15""]"
204,"""搭配 CAM 使用：1. 前往官网下载并安装最新版 CAM 软件。2. 在 CAM 中设置配置文件并保存到键盘；键盘自带 4 个板载配置文件，保存后无需运行 CAM 也可使用已存储的灯光、宏命令等功能。3. 按 FN+F1/F2/F3/F4 切换对应 1–4 号配置文件。4. 可在 CAM 的键盘/灯光、键盘/宏命令、键盘/按键重映射设置界面，自定义 RGB 灯光、宏命令和按键绑定，并按需保存至配置文件。"", []"
205,"""在硬件模式下，按 FN（功能键）+ F1、F2、F3 或 F4，可切换到对应的 1-4 号配置文件。配置文件 1-4 自带四种默认灯光模式；若已将自定义灯光分配到某板载配置文件，切换到该配置文件时会自动激活自定义灯光。"", []"
206,"""安装挡泥板：先将挡泥板侧转，然后向上滑入左侧把手管，注意不要让“凸点”卡入1号孔。<PIC> 接着调整挡泥板，使“凸点”卡入2号孔。<PIC>"", [""rideon_motorcycle_01"", ""rideon_motorcycle_02""]"
207,"""将前轴穿过两侧把手管及前轮，两侧把手管内外均需安装垫片；再用两个螺母将前轴和车轮固定在把手管上，并用随产品提供的扳手拧紧螺母直至螺纹尽头。<PIC> 安装完成后检查车轮与把手管之间的间隙；若间隙过大、车轮定位不稳，可在车轮与把手管之间加装额外垫片（不随产品提供），确保车轮可自由转动；若车轮卡死，则减少一片垫片。<PIC>"", [""Manual26_6"", ""Manual26_7""]"
208,"""鼠标需使用两节 AA 电池：1. 按下按钮，电池仓盖弹出。<PIC> 2. 按照鼠标内部标注的正负极（+ 和 -）装入两节 AA 电池。<PIC> 3. 装回电池仓盖。<PIC>"", [""Manual27_1"", ""Manual27_2"", ""Manual27_3""]"
209,"""安装前先将 USB 蓝牙接收器插入电脑 USB 接口。步骤：1. 放入附带安装光盘。2. 驱动自动加载；若未自动加载，双击光驱 bin 文件夹内的 Setup.exe。3. 欢迎界面点击“下一步”。<PIC> 4. 选择“我接受许可协议中的条款”，点击“下一步”。<PIC> 5. 确认或更改安装路径后点击“下一步”。<PIC> 6. 点击“安装”开始安装。<PIC> 7. 出现完成界面表示安装完成。<PIC> 8. 拔下接收器并重新插入，鼠标会自动配对；点击“完成”退出，并按提示选择立即或稍后重启电脑。<PIC>"", [""Manual27_4"", ""Manual27_5"", ""Manual27_6"", ""Manual27_7"", ""Manual27_8"", ""Manual27_9""]"
210,"""卸载 WIDCOMM 蓝牙驱动程序步骤：1. 拔下 USB 蓝牙接收器。2. 点击“开始 > 设置 > 控制面板 > 添加或删除程序”。3. 在程序列表中选择“WIDCOMM 蓝牙软件”，点击“删除”。4. 等待系统卸载完成。5. 提示重启时，点击“是”立即重启，或点击“否”稍后重启。"", []"
211,"""Windows 系统快速配对步骤：1. 将 USB 蓝牙接收器插入电脑 USB 接口。2. 按下鼠标底部的配对按钮。<PIC> 3. 按下 USB 蓝牙接收器底部按钮，直至 LED 指示灯每秒闪烁一次，表示接收器开始搜索待配对设备。<PIC> 4. 移动鼠标确认连接成功。（本款鼠标不含接收器销售。）"", [""Manual27_10"", ""Manual27_11""]"
212,"""请先确保 USB 蓝牙接收器已插入电脑。双击系统托盘中的蓝牙图标 <PIC>，启动蓝牙初始配置向导并按屏幕提示完成配置。配置完成后会出现 HID 界面并开始搜索蓝牙设备 <PIC>，点击要连接的蓝牙激光鼠标，再按屏幕提示启用所选设备即可。"", [""Manual27_16"", ""Manual27_17""]"
213,"""可通过鼠标电量 LED 查看：电量耗尽时 LED 会变为琥珀色，请立即更换电池。<PIC> 如需查看更详细的电量信息，请进入 控制面板 > 鼠标 > 蓝牙。<PIC>"", [""Manual27_14"", ""Manual27_15""]"
214,"""首次使用蓝牙驱动程序：双击系统托盘中的蓝牙图标 <PIC>；蓝牙初始配置向导启动后，按屏幕说明完成配置；配置完成后会出现 HID 界面并开始搜索蓝牙设备 <PIC>；点击要连接的 HID 设备，并按屏幕说明启用所选设备。"", [""Manual27_16"", ""Manual27_17""]"
215,"""1. 确保 USB 蓝牙接收器已插入电脑。2. 将要连接的蓝牙设备设置为可被蓝牙驱动程序搜索。3. 按下 USB 蓝牙接收器按钮，直到出现 HID 界面。4. 从下拉菜单选择要搜索的设备类型 <PIC>。5. 检测到设备后，点击该设备，并按驱动程序提示启用连接。"", [""Manual27_18""]"
216,"""拆卸烤箱门前，请佩戴防护手套，确保烤箱已冷却，并断开电源。步骤：1. 完全打开烤箱门。2. 抬起卡扣并向前推至极限位置。<PIC> 3. 将烤箱门关至最大角度（A），向上抬起（B）并转动（C），直至脱开（D）。<PIC>"", [""oven_01"", ""oven_02""]"
217,"""佩戴防护手套，确认烤箱已冷却并断开电源。安装门体：1. 将铰链装入对应位置；2. 完全打开烤箱门；3. 放下两个卡扣；4. 关闭烤箱门。"", []"
218,"""移动前请佩戴防护手套，确保烤箱已冷却，并在维护前断开电源。步骤：1. 取下侧边配件支架格栅 <PIC>。2. 轻轻拉出顶部加热元件 <PIC>，然后向下放下 <PIC>。3. 复位时，抬起加热元件并轻轻向自身方向拉动，确保其支撑在侧支架上。"", [""oven_03"", ""oven_04"", ""oven_05""]"
219,"""更换后部灯（如有）：先佩戴防护手套，确保烤箱已冷却，并断开电源。拧下灯罩 <PIC>，更换灯泡（仅使用25-40W/230V E-14、耐温300℃白炽灯），再拧回灯罩 <PIC>。最后重新接通电源。注意：灯罩复位前请勿使用烤箱。"", [""oven_06"", ""oven_07""]"
220,"""接油盘用于放在烤架下方，收集油脂和食物碎屑；也可作为烤盘烹饪肉类、鸡肉、鱼类等，并可搭配蔬菜使用。使用时可向接油盘中倒入少量水，以避免油脂飞溅及冒烟。<PIC>"", [""oven_08""]"
221,"""仅在烤箱冷却后清洁，维护前请断开电源。外部表面用湿布清洁；若污渍严重，可在水中加入几滴洗洁精，最后用干布擦干。请勿使用腐蚀性或研磨性清洁剂；若意外接触设备，请立即用湿布擦拭。"", []"
222,"""烤架用于烧烤食物，或作为锅具、蛋糕模及其他烹饪容器的支架；可放在任意可用层位，安装时可凸面朝上或朝下。烧烤肉类时，建议在烤架正下方放置加有半升水的接油盘收集肉汁，并在烹饪约三分之二时间时翻面。<PIC>"", [""oven_10""]"
223,"""催化侧面板带有特殊微孔搪瓷涂层，可吸附油脂飞溅物；烹饪油脂较多的食物后，建议执行自动清洁程序。<PIC>"", [""oven_11""]"
224,"""烤盘用于烘焙饼干、蛋糕及披萨。使用时按烹饪表建议选择功能、温度和层位；烤披萨时可在烤盘上轻微刷油，使披萨底更酥脆。使用后可放入加有洗洁精的水中浸泡，再用刷子或海绵清除食物残留。<PIC>"", [""oven_09""]"
225,"""烤架烤盘套装包含烤架（6a）和搪瓷容器（6b）。使用时，将该套装放置在烤架（3）上，并配合烧烤功能使用。<PIC>"", [""oven_13""]"
226,"""油脂过滤器仅用于油脂较多的烹饪。使用时将其挂在烤箱腔体后壁、风扇对面位置；可配合热风循环功能使用。清洁时可放入洗碗机清洗。<PIC>"", [""oven_14""]"
227,"""滑动搁架可在烹饪过程中将烤架与接油盘半拉出使用；适用于所有配件，并可用洗碗机清洗。<PIC>"", [""oven_15""]"
228,"""肩带另售。先用卡扣安装工具打开肩带卡扣 <PIC>；将挂绳环钩入卡扣开口，用另一只手按住卡扣并取出工具 <PIC>；将卡扣完全旋转穿过每个挂绳环，直至咔哒闭合 <PIC>；最后将肩带穿过每个卡扣 <PIC>。注意：肩带仅作肩带使用，请勿套在脖子上，并注意不要遮挡相纸出口。"", [""Manual29_12"", ""hybrid_instant_camera_03"", ""hybrid_instant_camera_04"", ""hybrid_instant_camera_05""]"
229,"""装入电池步骤：1. 滑动电池盖将其打开。<PIC> 2. 按照电池上的箭头方向装入电池，确保电池上的黄线与相机上的标记对齐。<PIC> 3. 关闭电池盖。<PIC>"", [""Manual29_13"", ""Manual29_14"", ""Manual29_15""]"
230,"""装入前注意：相纸用完前请勿打开后盖；仅使用 instax SQUARE 拍立得相纸；装入时不要按压相纸盒背面的两个矩形孔。\n步骤：1. 按住相仓锁按钮，并将拨杆向右滑动，直至相仓略微打开。<PIC>\n2. 握住相纸盒两侧，将相纸盒底部对准相仓凹槽，然后平直插入。<PIC>\n3. 关闭后盖，确保后盖锁咔哒到位。<PIC>\n4. 关闭后盖后，黑色相纸保护盖会自动弹出；从相纸出口取出保护盖。<PIC>"", [""Manual29_26"", ""Manual29_27"", ""hybrid_instant_camera_01"", ""hybrid_instant_camera_02""]"
231,"""相纸用完时，拍摄画面右侧的所有点会以灰色显示。取出相纸盒：先按住相仓锁按钮（1），将拨杆向右滑动，直至相仓略微打开。<PIC> 然后握住相纸盒上的矩形孔，平直拉出。<PIC>"", [""Manual29_28"", ""Manual29_29""]"
232,"""将侧面的打印模式选择器切换到“AUTO”<PIC>，拍摄画面会显示自动打印图标<PIC>；之后图像保存后会立即开始打印<PIC>。"", [""Manual29_30"", ""Manual29_31"", ""Manual29_32""]"
233,"""手动打印模式为默认设置。若需设置，请将相机侧面的打印模式选择器切换到“MANUAL”<PIC>。拍摄画面会出现手动模式图标<PIC>；此模式下图像会保存到内存中，可稍后选择并打印，不会立即打印。"", [""Manual29_33"", ""Manual29_34""]"
234,"""拍摄步骤：1. 顺时针转动镜头环（电源开关）开机。<PIC> 2. 双手持机并确认构图。<PIC> 3. 选择拍摄模式或进行图像效果设置。4. 半按快门对焦：成功会有蜂鸣声并显示绿色对焦框；失败会显示红色对焦框，可更改构图或使用对焦锁定。5. 完全按下快门拍摄，照片会保存到相机内存；若打印模式为自动打印，图像会被打印。拍摄时注意不要触碰镜头，手指或肩带不要遮挡闪光灯、镜头或相纸出口。"", [""Manual29_36"", ""Manual29_37""]"
241,"""Before first use: 1. Remove all packing material. 2. Remove any stickers or labels, if available. 3. Thoroughly clean the appliance as indicated in the cleaning chapter."", []"
242,"""The approval label of the emission control certificate is the emission control information label. It is attached to each engine unit <PIC> and to the inside of the engine compartment <PIC>."", [""Manual09_6"", ""Manual09_7""]"
243,"""Before sailing, use the battery switches in the normal setting: turn the “START” and “HOUSE” switches to ON, and keep the “EMERG PARALLEL” switch OFF. <PIC> The ON position is green and the OFF position is red. <PIC> This allows both batteries to charge automatically while the engine is running. Use “EMERG PARALLEL” ON only if the start battery is discharged; turn it OFF again once the engine is started or the start battery is charged."", [""Manual09_43"", ""Manual09_44""]"
244,"""The boat is steered by turning the steering wheel in the direction you want to go, left or right. Turning the wheel changes the angle of the rear jet thrust nozzles, and the articulating keel moves with them, changing the boat’s direction. <PIC><PIC> You need throttle to steer: more throttle makes sharper turns, less throttle makes gradual turns, and at idle/neutral steering response is greatly reduced or lost. Because the boat steers from the stern, the stern swings opposite the direction of the turn."", [""Manual09_52"", ""Manual09_53""]"
245,"""If an “Over Temperature” warning appears and the buzzer sounds, immediately reduce engine speed, return to shore or maneuver to a safe location, and check that water is discharging from the cooling water pilot outlets on the starboard side while the engines are running, especially when applying throttle. <PIC> If no water is coming out, cooling water may not be circulating. If the cause cannot be found and corrected: for single-engine overheating, shut off the overheating engine and return using the other engine at no-wake speed 8 km/h (5 mph); for both engines overheating, get towed if possible, or operate both engines just slightly above idle while returning to shore. <PIC>"", [""Manual09_95"", ""Manual09_96""]"
246,"""On your phone, go to Bluetooth settings, make sure Bluetooth is ON, and connect to the available device “earphones”. <PIC> To activate the music app, press and hold until the first beep, then let go; tap again if needed to play music. <PIC>"", [""Manual12_7"", ""earphones_02""]"
247,"""Use the wet storage compartment located under the swim platform. To open it, pull the lock handle up, turn it clockwise, then open the rear platform hatch. <PIC> The compartment is inside. <PIC> To close it, close the hatch, turn the lock handle counterclockwise to make sure it is securely closed, then push the lock handle down. Make sure storage compartments are securely closed before getting underway."", [""Manual09_143"", ""Manual09_144""]"
248,"""The battery compartment is on the port side at the stern. To open it, unhook the latch, then lift/open the battery compartment lid. <PIC> <PIC>"", [""Manual09_157"", ""Manual09_158""]"
249,"""The manual does not give a separate procedure for installing the anchor light while the boat is moving. It states the anchor light is also the “all-around” light for night or low-visibility navigation.\n\n210FSH SPORT: Pull the lock tab, raise the anchor light, then return the lock tab to lock it in place. <PIC>\n\n210FSH DELUXE: Open the lockable storage compartment <PIC>, remove the anchor light from its holder <PIC>, slide stoppers A and B apart <PIC>, extend the pole and screw stopper A onto the center section <PIC>, open the socket cap, align the protrusion with the slot and install the light <PIC>, then fit stopper B into the socket <PIC>."", [""Manual09_160"", ""Manual09_161"", ""Manual09_162"", ""Manual09_163"", ""Manual09_164"", ""Manual09_165"", ""Manual09_166""]"
250,"""The jet wash system must be used only by a passenger, not the boat operator. The operator must attach the engine shut-off cord to their PFD and constantly scan for people, objects, and other watercraft.\n\nBefore use, make sure the shut-off valve is open; if needed, stop the engines, open the rear platform hatch, remove the inspection cover <PIC>, and turn the shut-off valve 90° clockwise <PIC>. For 210FSH DELUXE, make sure the anchor light socket is closed.\n\nTo use jet wash: connect the coil hose to the hose fitting <PIC>, start the engines, push the jet wash switch <PIC>. Water starts about 5 seconds later; press the switch to adjust among 3 flow levels. Move the jet wash handle lever to discharge water <PIC>.\n\nTo stop: push the jet wash switch, stop the engines, then push the collar on the hose fitting inward and disconnect the coil hose <PIC>."", [""Manual09_179"", ""Manual09_180"", ""Manual09_173"", ""Manual09_174"", ""Manual09_177"", ""Manual09_178""]"
251,"""To turn the water supply on or off: stop the engines, open the rear platform hatch, and remove the inspection cover <PIC>. Turn the shut-off valve 90° clockwise to turn the water supply on, or 90° counterclockwise to turn it off <PIC>. Then install the inspection cover and close the rear platform hatch."", [""Manual09_179"", ""Manual09_180""]"
252,"""For 210FSH SPORT: open the flap on the starboard side of the bimini top <PIC>; loosen the ratchet, then loosen the strap securing the bimini top <PIC>; slowly pull the bimini top toward the bow and remove it.\nFor 210FSH DELUXE: store the bimini top in the fully collapsed position; remove the main pole mounting pins securing it to the main pole mounting brackets <PIC>; then remove the bimini top from the boat."", [""Manual09_183"", ""Manual09_184"", ""Manual09_193""]"
253,"""The bimini top can be used as a sunshade or rain cover for the leaning post. <PIC> To install it, reverse the removal steps: position the bimini top back in place, tighten the strap with the ratchet, and close the flap on the starboard side. <PIC> <PIC> If your setup uses main pole mounting pins, reverse the removal steps and make sure the pins are securely installed. <PIC>"", [""Manual09_182"", ""Manual09_183"", ""Manual09_184"", ""Manual09_193""]"
254,"""To store the bimini top in the upright position: 1) Remove the lock pins, then push the center poles down. <PIC> 2) Pull the bimini top toward the bow. <PIC> 3) Install the storage cover. Do not trailer the boat with the bimini top in the fully extended or upright storage position; use the fully collapsed position to avoid damage."", [""Manual09_189"", ""Manual09_190""]"
255,"""On the water, moor the boat so it will not drift away. With the engine stopped, launch/keep the boat afloat, look in all directions, start the engine, and run it at idling speed for 6 minutes or more; run 5 more minutes if ambient temperature is 20°C (68°F) or less. Stop the engine, open the engine hood, remove the oil tank filler cap/dipstick and wipe it clean. <PIC> Screw the cap fully into the filler hole, remove it again, and confirm the oil level is between the maximum and minimum marks. <PIC> If below the minimum mark, slowly add engine oil; if significantly above the maximum mark, consult a Boat dealer. Repeat until proper, reinstall the cap securely, repeat for the other engine, and close the hood."", [""Manual09_196"", ""Manual09_197""]"
256,"""Turn on the bilge pump switch to operate the bilge pump. <PIC> The bilge pump drains water through the bilge pump outlet. <PIC> The indicator light comes on while the pump is operating. <PIC> If excessive water is in the bilge, the pump can also start automatically—even with the battery switches off—and will run until most bilge water is drained. Do not run the engines at full throttle while bilge water remains in the engine compartment."", [""Manual09_201"", ""Manual09_202"", ""Manual09_203""]"
257,"""To check the navigation and anchor lights switch: (1) 210FSH DELUXE: install the anchor light first. (2) Push the upper side of the navigation and anchor lights switch and check that both the bow light and anchor light come on. <PIC> <PIC> <PIC> <PIC> (3) Push the lower side of the switch and check that only the anchor light comes on. (4) Put the switch in the middle position and check that the bow light and anchor light are off. (5) 210FSH DELUXE: remove the anchor light after the check."", [""Manual09_223"", ""Manual09_224"", ""Manual09_225"", ""Manual09_226""]"
258,"""To start the boat engines, use the main switch for each engine. Make sure the clip is attached to the engine shut-off switch and the “START” switch in the battery compartment is not OFF. Turn the main switch key to “START”; the starter motor will turn to start the engine. When you release the key, it automatically returns to “ON”. <PIC>"", [""Manual09_45""]"
259,"""Turn the steering wheel in the same direction you want the boat to travel: left to turn left <PIC>, or right to turn right <PIC>. Keep the throttle open above idle when turning, except at trolling speed, because jet thrust controls turning <PIC>. Remember the stern swings opposite the direction of the turn."", [""Manual09_243"", ""Manual09_244"", ""Manual09_242""]"
260,"""To cross wakes and swells, adjust your speed and choose the crossing angle. Usually, a slower speed and “quartering” the wake—crossing at an angle—reduces the jolt. <PIC> Be prepared to steer and balance, because the boat may try to steer away from the wake or swell, especially at smaller angles. Crossing groups of wakes/swells is less smooth than crossing one; sharp wakes give more jolt than broad swells. <PIC>"", [""Manual09_249"", ""Manual09_250""]"
261,"""The provided manual excerpts do not include the actual loading procedure. They only show that “Loading” is in the Trailering section on page 109."", []"
262,"""To flush the cooling system:\n1. Connect the garden hose adapter to a garden hose. <PIC>\n2. Loosen and remove the flush hose connector cap. Insert the garden hose adapter into the flush hose connector by pushing and twisting until secure. <PIC>\n3. Connect the garden hose to a water tap.\n4. Make sure the area around the boat is clear, then start the engine. Immediately after the engine starts, fully turn on the water so it flows continually from the jet thrust nozzle and cooling water pilot outlet.\n5. Run the engine at a fast idle for 3 to 5 minutes. If the engine stops, turn off the water immediately and repeat from engine start.\n6. Turn off the water supply, then drain residual water from the exhaust system by moving the remote control lever up to half throttle and back to idle for 10 to 15 seconds.\n7. Stop the engine.\n8. Remove the garden hose adapter.\n9. Install and securely tighten the cap.\nImportant: Never turn on the water before starting the engine, and never leave the water on when the engine is not running. Do not run the engine more than 15 seconds after the water is turned off."", [""Manual09_257"", ""Manual09_258""]"
263,"""Warning: Do not use a fuse with a higher amperage than recommended. Replace a blown fuse only with the proper spare fuse.\n\nTo replace a fuse:\n1. Open the engine hood.\n2. Unfasten the band. <PIC>\n3. Pull the fuse box toward the bow to remove it from the air filter case.\n4. Push both sides of the fuse box cover inward, then pull the cover toward the bow and remove it. <PIC>\n5. Locate the blown fuse and use the fuse puller to replace it with a spare fuse of the correct amperage. <PIC>\n6. For the accessory fuse or bilge pump fuse, open the battery compartment and remove the fuse holder first. <PIC>\n7. Reinstall the fuse box cover; if applicable, reinstall the fuse holder.\n8. Reinstall the fuse box to the air filter case, fasten the band, and close the engine hood.\n\nFuse amperage: electronic throttle valve 10 A; fuel pump 10 A; main relay drive 10 A; main fuse 20 A; battery fuse 30 A; accessory fuse 20 A; bilge pump fuse 3 A."", [""Manual09_281"", ""Manual09_282"", ""Manual09_283"", ""Manual09_283""]"
264,"""To check the engine oil level: 1) With the engine stopped, place the boat precisely level on land or launch it. If on land, supply water to the cooling water passages while running the engine; if on water, moor the boat. 2) Look in all directions, start the engine, idle for 6 minutes or more, then stop it. Run 5 extra minutes if ambient temperature is 20°C (68°F) or less. 3) Open the engine hood. 4) Remove the oil tank filler cap/dipstick and wipe it clean. <PIC> 5) Screw the cap into the filler hole until it stops, remove it again, and check that the oil level is between the maximum and minimum marks. <PIC> 6) If the level is significantly above maximum, consult a Boat dealer; if below minimum, slowly add engine oil. Repeat until correct, securely reinstall the cap, repeat for the other engine, and close the hood."", [""Manual09_196"", ""Manual09_197""]"
265,"""The machine automatically enters power-off mode after 9 minutes. To turn it on, press either the Espresso or Lungo button. <PIC> To turn it off before automatic power-off, press the Espresso and Lungo buttons simultaneously. <PIC>\nTo change the energy saving setting: 1) With the machine turned off, press and hold the Espresso button for 3 seconds. <PIC> 2) The Espresso button blinks to indicate the current setting. <PIC> 3) Press the Espresso button to cycle settings: once = power off after 9 minutes; one more time = power off after 30 minutes; one more time = deactivate. <PIC> 4) To exit, press the Lungo button for 3 seconds. <PIC>"", [""Manual07_4"", ""Manual07_5"", ""Manual07_6"", ""Manual07_7"", ""Manual07_8"", ""Manual07_9""]"
266,"""To change the energy saving setting: 1. With the machine turned off, press and hold the Espresso button for 3 seconds. <PIC> 2. The Espresso button will blink to show the current setting. <PIC> 3. Press the Espresso button to change the setting: once for power off after 9 minutes, once more for power off after 30 minutes, once more to deactivate. <PIC> 4. To exit, press the Lungo button for 3 seconds. <PIC>"", [""Manual07_6"", ""Manual07_7"", ""Manual07_8"", ""Manual07_9""]"
267,"""To program the water volume: 1. Turn the machine on and wait until it is ready with steady lights. <PIC> 2. Fill the water tank with potable water and insert a capsule. <PIC> 3. Place a cup under the coffee outlet. <PIC> 4. Press and hold the Espresso or Lungo button. <PIC> 5. Release the button once the desired volume is served. The water volume level is now stored."", [""Manual07_24"", ""Manual07_25"", ""Manual07_26"", ""Manual07_27""]"
268,"""Note: the machine will be blocked for 10 minutes after emptying mode. Steps: 1) Press both Espresso and Lungo buttons to turn the machine off. <PIC> 2) Remove the water tank and open the lever. <PIC> 3) Press both Espresso and Lungo buttons for 3 seconds. <PIC> Both LEDs blink alternatively. <PIC> 4) Close the lever. <PIC> 5) The machine switches off automatically. 6) Empty and clean the used capsule container and drip tray."", [""Manual07_28"", ""Manual07_29"", ""Manual07_30"", ""Manual07_31"", ""Manual07_32""]"
269,"""To reset the coffee machine to factory settings: 1) With the machine turned off, press and hold the Lungo button for 5 seconds. <PIC> 2) The LEDs will blink fast 3 times to confirm the reset. <PIC> 3) The LEDs will then blink normally while heating up; steady lights mean the machine is ready. <PIC> Factory settings: Espresso cup 40 ml / 1.35 oz, Lungo cup 110 ml / 3.7 oz, Power Off mode 9 minutes."", [""Manual07_33"", ""Manual07_34"", ""Manual07_35""]"
270,"""After use, unplug the machine before cleaning. Never immerse the appliance or any part in water. Do not use strong cleaning agents, solvents, sharp objects, brushes, sharp abrasives, or a dishwasher. Clean the coffee outlet regularly with a soft damp cloth <PIC>. The maintenance unit can be removed in separate pieces for easy cleaning <PIC>."", [""Manual07_47"", ""Manual07_48""]"
271,"""To open the wet storage compartment under the swim platform: pull the lock handle up, turn the lock handle clockwise, then open the rear platform hatch. <PIC> <PIC>"", [""Manual09_143"", ""Manual09_144""]"
272,"""The livewell is on the starboard side at the stern. To open it, pull the latch and open the livewell lid. <PIC> <PIC> To add water, push the livewell switch to turn on the livewell pump; when there is sufficient water, push the livewell switch again to turn the pump off. If needed, push the aerator switch to aerate and circulate the water. <PIC>"", [""Manual09_153"", ""Manual09_154"", ""Manual09_155""]"
273,"""The maintenance setting screen displays the number of hours the port and starboard engines have been running since the last maintenance. <PIC> After maintenance, tap the “Reset” button <PIC>, then tap “YES” on the confirmation message to reset the operating hours; tap “NO” to return without resetting. <PIC>"", [""Manual09_83"", ""Manual09_84"", ""Manual09_85""]"
274,"""The factory reset screen shows a “Factory Reset” prompt asking “Reset all parameters to factory setting?” with “Reset” and “Back” buttons. <PIC>"", [""Manual09_87""]"
275,"""The trip screen displays hours of engine operation, fuel consumption, and other information. It includes a menu, scrollbar, and “Reset” button; the menu shows 4 items at one time and can be scrolled with the scrollbar. <PIC>"", [""Manual09_69""]"
276,"""Move the remote control levers to the forward position. Initially, this engages the TDE position for low-speed handling <PIC>. Move the levers farther forward and the shift gates lift fully, directing all jet thrust to the rear, which moves the boat forward <PIC>."", [""Manual09_48"", ""Manual09_50""]"
277,"""The manual describes this as a pre-operation check, not a check to perform while driving. Check that the steering wheel is not loose and has no in-and-out or rotational free play, then turn it fully right and left to confirm smooth, unrestricted movement. <PIC> With another person observing at the stern, confirm both jet thrust nozzles turn with the wheel: right when the wheel is turned right, left when turned left; also confirm no free play and that the articulating keel follows the nozzle movement. <PIC> When underway, remember you need throttle to steer: the throttle must be opened above idle when turning, except at trolling speed. <PIC>"", [""Manual09_206"", ""Manual09_207"", ""Manual09_242""]"
278,"""Keep at least one fire extinguisher aboard and full; two are recommended. Mount one extinguisher in the lockable storage compartment; a chemical-type extinguisher of 2 lb or more is recommended for this location. <PIC> If carrying a second extinguisher, mount it in the battery compartment, identified by the location label outside the compartment; for this engine-area location, use a clean-agent type such as CO2 or FE-36™ with a capacity of 5 lb or more. <PIC>"", [""Manual09_211"", ""Manual09_212""]"
279,"""To care for the throttle cable, coat the moving parts with water-resistant grease. Grease the throttle-cable inner wires at the pulley wheel of the APS. <PIC>"", [""Manual09_263""]"
280,"""Use the supplied USB cable to connect the camera to a smartphone AC power adapter, then plug the adapter into an indoor power outlet. Use an adapter rated DC 5.0 V/1000 mA. <PIC> Charging takes about 3–4 hours. When the camera is off, the AF illuminator/self-timer lamp lights while charging and goes off when charging is finished. <PIC> The battery gradually loses charge when not in use, so charge it 1–2 days before use."", [""Manual29_16"", ""Manual29_17""]"
281,"""To install the battery, load a fully charged BP-511A battery pack: open the battery compartment cover by sliding the lever as shown <PIC>. Insert the battery with the contacts facing downward until it locks into place <PIC>. Close the cover until it snaps shut <PIC>."", [""Manual10_16"", ""Camera_09"", ""Camera_10""]"
282,"""Use the optional AC Adapter Kit ACK-E2. Open the battery compartment cover and the DC Coupler cord notch cover, insert the DC Coupler until it locks, route the cord through the notch, then close the cover. <PIC> Do not connect or disconnect the power cord while the camera’s switch is set to ON."", [""Manual10_20""]"
283,"""Remove the rear lens cap and body cap by turning them as shown. <PIC> Align an EF-S lens with the camera’s white EF-S lens mount index, or other EF lenses with the red EF lens index mark, then turn the lens as shown until it clicks in place. <PIC> Set the lens focus mode switch to <AF>, then remove the front lens cap. <PIC>"", [""Manual10_21"", ""Manual10_22"", ""Manual10_23""]"
284,"""Slide the cover in the direction of the arrow to open it <PIC>. Insert the CF card with the label side facing you and the end with the small holes going into the camera; the CF card eject button will pop out <PIC>."", [""Manual10_25"", ""Manual10_26""]"
285,"""The provided manual excerpts do not include instructions for removing the shutter button. They only explain its operation: press halfway to activate AF/AE, and press completely to release the shutter and take a picture."", []"
286,"""To replace the date/time (back-up) battery, use a new CR2016 lithium battery. Turn the switch to OFF, open the cover, and remove the camera battery. <PIC> Take out the battery holder. <PIC> Replace the battery in the holder, making sure the +/− orientation is correct. <PIC> Close the cover. <PIC> The date/time setting will be reset, so set the correct date/time afterward."", [""Manual10_46"", ""Manual10_47"", ""Manual10_48"", ""Manual10_49""]"
287,"""Use focus lock: set the AF mode to One-Shot AF, achieve focus on the subject, lock the focus, then recompose the shot with the subject off-center. Focus lock works only in One-Shot AF mode."", []"
288,"""Use the eyepiece cover during self-timer or optional remote switch operation when your eye does not cover the viewfinder, to prevent stray light from affecting exposure. First remove the eyecup by pushing it upward from the bottom <PIC>. Then slide the eyepiece cover down into the eyepiece groove to attach it <PIC>."", [""Manual10_154"", ""Manual10_155""]"
289,"""Set the lens focus mode switch to AF <PIC>. Set the Mode Dial to a Creative Zone mode, then press the <AF-WB> button <PIC>. While looking at the LCD panel, turn the dial to select the AF mode: ONESHOT, AIFOCUS, or AISERVO <PIC>."", [""Manual10_99"", ""Camera_30"", ""Camera_31""]"
290,"""The provided manual does not mention a specific “P” mode. To change the shooting mode: on the shooting screen, press MENU/OK <PIC>, select Shooting Mode, press MENU/OK or Right, select the desired mode, press MENU/OK, then press Back."", [""Manual29_53""]"
291,"""Connect the camera to a TV with the provided video cable. Always turn off both the camera and TV before connecting or disconnecting. Then press the playback button; the image will appear on the TV screen and nothing will be shown on the camera LCD. <PIC> If the image is not displayed properly, set the correct [Video system]. After finishing, turn off the camera and TV, then disconnect the cable."", [""Manual10_183""]"
292,"""To erase a single image: press the playback button to display the image <PIC>. Turn the dial to select the image you want to erase. Press the erase button to show the Erase menu <PIC>. Turn the dial to select [Erase], then press the button; the access lamp will blink and the image will be erased <PIC>. Once erased, it cannot be recovered, and protected images cannot be erased."", [""Manual10_184"", ""Manual10_185"", ""Manual10_186""]"
293,"""To erase all images: press the playback button to display an image <PIC>, press the erase button to open the Erase menu <PIC>, select [All] <PIC>, then select [OK] and press SET <PIC>. All unprotected images will be erased; protected images will remain. Erased images cannot be recovered."", [""Manual10_184"", ""Manual10_185"", ""Manual10_186"", ""Manual10_187""]"
294,"""To print photos with CP Direct: use a Canon CP printer compatible with CP Direct, set the camera menu [Communication] to [PTP], set up the printer, then connect the camera to the printer with the proper cable. Perform printing from the camera’s LCD monitor. Only JPEG images can be printed; RAW images are not compatible. Do not disconnect the cable during direct printing. <PIC>"", [""Manual10_188""]"
295,"""Aim the lens, then view the camera feed in the Dashboard to fine tune the picture. The sensor/lens can be physically tilted up to 65° and rotated/panned up to 350°. In software, the image can only be rotated 180°; zoom and focus are adjusted remotely, not physically on the camera. <PIC>"", [""Manual33_7""]"
296,"""You should have the left earbud and right earbud, plus the charging case. The manual also identifies the multifunction button, status LED indicators, battery level LED indicators, and battery level display button. <PIC> <PIC> <PIC> <PIC> <PIC>"", [""Manual12_0"", ""Manual12_1"", ""Manual12_2"", ""Manual12_3"", ""Manual12_4""]"
297,"""To charge the case, plug the USB-C cable into the charging port on the back of the charging case <PIC>, then plug the standard USB end into a suitable USB port <PIC>. The Battery Level LED Indicators will show the charging/battery level <PIC>."", [""earphones_04"", ""earphones_05"", ""earphones_06""]"
298,"""During Bluetooth pairing/connecting, you may encounter these scenarios:\n1. First connection: go to your phone’s Bluetooth settings, make sure Bluetooth is ON, then connect to the available device “earphones”. <PIC>\n2. Auto-reconnect: if the earbuds were previously paired with a nearby device, they will automatically reconnect to it.\n3. Multipoint connection: the earbuds can connect with up to two devices. Turn Bluetooth OFF on the first paired device, pair the second device, then turn Bluetooth back ON on the first device for auto-reconnection.\n4. Pairing a new device: turn Bluetooth OFF on your phone/device so the earphones enter pairing mode, or press then press and hold either earbud to drop the current connection and enter pairing mode."", [""Manual12_7""]"
299,"""The two main controlling functions are the Multifunction Button and Voice Control."", []"
300,"""You can use the app to enable hands-free voice control, customize button actions, browse/enable advanced features, and update firmware. With voice control, you can operate Play/Pause/Next, Volume Up/Down, Ambient ON/OFF, Noise Canceling ON/OFF, Spotify, Assistant, End Call, and for incoming calls Accept or Reject. The earphones also support multipoint Bluetooth connection with up to two devices."", []"
301,"""Disconnect the earbuds from Bluetooth and remove them from the case before resetting. For a factory reset, press and hold for 6 seconds; this erases all settings. <PIC> If the earbuds are locked up/unresponsive, perform a hardware reset: press and hold for 10 seconds, then press again to power on. <PIC>"", [""Manual12_11"", ""Manual12_12""]"
302,"""Maintenance and care: clean the earphones with a soft cloth or paper towel only; never use harsh chemicals or detergents. Make sure the earphones are dry before charging. Store them in a cool, dry place when not in use. Do not tug or yank cables connected to the charging case; connect and disconnect cables carefully. Do not expose the earphones to high temperatures or extreme cold. Recycle or dispose of them properly according to local laws and rules, and contact local recycling facilities and/or the manufacturer for more information."", []"
303,"""According to the provided manual, the eReader has these buttons and interfaces:\nFront view: Home/ESC, Prev/Next Page, Navigation/Menu, Zoom in/out, Rotate, 3.5 mm Earphone Jack, USB Port, Micro SD card reader, Play/Pause, Power, Volume +, Volume -, Reset On/Off switch, Speaker, and 7-inch TFT LCD Display Screen. <PIC>\nNavigation button view: Up, Down, Left, Right buttons, and the center Menu button. <PIC>"", [""Manual13_0"", ""Manual13_1""]"
304,"""Main Menu shows all device features: Browser History, eBook, Music, Video, Photo, Record, Explorer, and Settings. You can select the desired function and enter it. Browser History displays recently browsed files; use the Navigation keys to select a book and press “M” to open it at the last page you read. If recently read files on the Micro SD card are deleted, their records may remain in Browser History but cannot be opened."", []"
305,"""In eBook mode, pressing the “M” button opens the menu with options: Page Jump, Save Mark, Load Mark, Del Mark, Browser Mode, Flip Time, Brightness, and Set Color."", []"
306,"""Open the audio files list from the main menu, select the desired audio file, then press “M” to enter play mode. <PIC> To add music, connect the eReader to your computer with a USB cable, then drag and paste audio files into the device. Supported formats include MP3, WMA, WAC, ACC and ECT."", [""Manual13_7""]"
307,"""Yes. Select “Record” from the main menu, then press the “M” button to enter voice recording mode. <PIC> Press “Play/Pause” to start recording, press it again to pause, and press “HOME” to stop. After recording, choose “YES” or “NO” when prompted to save the file, then press “M” to confirm. <PIC>"", [""Manual13_11"", ""Manual13_12""]"
308,"""From the main menu, select “Video”, then press the “M” key to enter Video mode/play video. <PIC> The eReader supports AVI, RMVB, and MPEG2 video formats. While playing, press “M” for options such as subtitle language, time play, full screen mode, and brightness. <PIC>"", [""Manual13_3"", ""Manual13_9""]"
309,"""Yes. Select “Photo” from the main menu and press the “M” button to enter Photo mode. The device supports JPEG and BMP images. Use the left/right navigation keys for previous/next photo, press Play/Pause to rotate the photo counterclockwise, and use the zoom in/out keys to zoom. Large files may take longer to load or rotate."", []"
310,"""You may encounter these problems and solutions:\n1. Cannot power on: charge the device until the power indicator bar is full; if still defective, contact the manufacturer.\n2. Cannot charge: the AC adaptor or USB cable may be defective; contact the manufacturer for replacement.\n3. No sound or noise with earphones: adjust the volume and make sure it is not at 0; try another pair of earphones; use higher-quality music files because low-quality compression may cause noise or distortion.\n4. Cannot download files into the reader: the USB cable may be defective; the E Reader memory may be full; Windows 98 may need a USB2.0 driver to detect the reader as a removable disk.\n5. Cannot play music files: some latest music formats or resolutions may not work properly; contact manufacturer tech support.\n6. Micro SD card not identified: turn off the device, remove the card, and reinsert it. Always power off before removing or inserting the card, and do not reset the unit while the card is inserted."", []"
311,"""To properly finish connecting the fax: use only a No. 26 AWG or larger telecommunication line cord. Before installation or modification, disconnect all cables from the wall outlet. Connect the product only to an AC power source within the rating label range, and plug the grounded plug into a grounded AC outlet. Do not connect it to a DC power source or inverter, and do not use it on coin service lines or party lines."", []"
312,"""To use this fax safely: read the Product Safety Guide before operation or maintenance, and follow all warnings and instructions on the product. Do not use it near water or wet locations, avoid using it during thunderstorms, and do not use it to report a gas leak near the leak. Use only the provided power cord if included. Do not service the product yourself; unplug it and contact authorized service if liquid is spilled into it, it is exposed to rain/water, it does not operate normally, or its performance changes noticeably. Plug the grounded plug into a grounded AC outlet after checking the local power rating. Save the instructions for future reference."", []"
313,"""For fax-related safety, use caution when installing or modifying telephone lines. Never touch uninsulated telephone wires or terminals unless the telephone line has been unplugged from the wall jack; never install telephone wiring during a thunderstorm or in a wet location."", []"
314,"""Yes. When relocating the fax: place it only on a level, non-tilted surface, and do not tip the product after ink cartridges are installed, as this may cause ink spillage and internal damage. Keep it away from magnets/magnetic fields and sources of interference such as speakers or base units of non-brand cordless telephones. Do not block the area where printed pages or received faxes come out. If installing or modifying telephone lines, do not touch uninsulated telephone wires or terminals unless the telephone line is unplugged from the wall jack; never install telephone wiring during a thunderstorm or in a wet location."", []"
315,"""Yes. Caution or warning labels marked on the product are important and must be followed. Do not remove or ignore them, as failure to follow the instructions may increase the risk of injury or property damage."", []"
316,"""Yes. The manual states these products are made for use in the USA and Canada only. It also notes that not all models are available in all countries, and machines are approved for use only in the country of purchase."", []"
317,"""1. Secure the LP tank on the grill. 2. Turn all control knobs OFF. 3. Turn the LP tank OFF by turning the OPD hand wheel clockwise to a full stop. <PIC> 4. Remove the protective cap from the LP tank valve; use only the cap and strap supplied with the valve. Do not use a POL transport plug. <PIC> 5. Hold the regulator straight, insert the nipple centered into the LP tank valve, and hand-tighten the coupling nut. <PIC> 6. Turn the coupling nut clockwise to a full stop, then tighten an additional 1/2 to 3/4 turn by hand only; do not use tools."", [""Manual19_16"", ""Manual19_17"", ""Manual19_18""]"
318,"""Leak test valves, hose and regulator as follows: 1) Turn all grill control knobs to OFF. 2) Make sure the regulator is tightly connected to the LP tank. 3) Completely open the LP tank valve by turning the OPD hand wheel counterclockwise; if you hear a rushing sound, turn gas off immediately and correct the major leak before proceeding. 4) Brush soapy solution onto the areas where bubbles are shown. <PIC> 5) If “growing” bubbles appear, there is a leak: close the LP tank valve immediately and retighten connections. If leaks cannot be stopped, do not try to repair; call Sears for replacement parts at 1-800-4-MY-HOME. 6) Always close the LP tank valve after the leak test by turning the hand wheel clockwise. Do not use the grill until it has been leak-tested."", [""Manual19_20""]"
319,"""For indirect cooking, always cook with the lid closed. Cooking times may vary with weather; in cold and windy conditions, increase the temperature setting to ensure sufficient cooking temperature. Indirect heat is good for poultry and large cuts, cooking without direct flame and reducing flare-ups from fatty cuts. A 1-burner setup is suitable for smaller meals and uses less fuel <PIC>. Low indirect cooking produces slow, even heat and is ideal for slow roasting and baking <PIC>."", [""Manual19_36"", ""Manual19_37""]"
320,"""The provided manual snippets do not include assembly steps 1–3; they begin with step 4, so the first three steps cannot be determined from the provided information."", []"
321,"""Safety tips for using the grill: read and follow all safety, assembly, use and care instructions before assembly and cooking. Use outdoors only, with LP propane gas and the supplied regulator/valve. Do not let children operate or play near it. Keep the grill area clear of burnable materials, do not block bottom/back holes, and check burner flames regularly. Use only in a well-ventilated space—never in enclosed areas or under overhead structures. Do not use charcoal or ceramic briquets unless supplied. Keep at least 3 ft from walls/surfaces and 10 ft from flammable objects or ignition sources <PIC>. Keep electrical cords and fuel hoses away from hot surfaces. Do not use in/on RVs or boats, and do not modify the grill."", [""Manual19_23""]"
322,"""Your jetski has three identification numbers to record: 1) Primary Identification (PRI-ID): stamped on a label inside the engine compartment <PIC>. 2) Hull Identification Number (HIN): stamped on a plate on the aft, starboard (right) side of the hull <PIC>. 3) Engine serial number: stamped on a label attached to the engine unit <PIC>. Record them for ordering spare parts and keep a separate copy in case the watercraft is stolen."", [""jetski_01"", ""jetski_02"", ""jetski_03""]"
323,"""Cruising limitations include: constantly scan for people, objects, and other watercraft; operate defensively at safe speeds and keep a safe distance; do not follow directly behind other boats, spray/splash others, or make sharp/aggressive maneuvers that make you hard to avoid. <PIC> Avoid submerged objects and shallow water; never operate in water less than 60 cm (2 ft) deep. Do not jump wakes or waves. <PIC> Do not operate in rough water, bad weather, or poor visibility, and do not operate after sunset or before dawn because the watercraft lacks required lighting for night operation. <PIC> If riding farther than swimming distance from shore, ride near another boat or watercraft while keeping a safe distance."", [""Manual20_16"", ""Manual20_17"", ""Manual20_18""]"
324,"""Cruising limitations for your WaveRunner include: constantly scan for people, objects, and other watercraft; operate defensively at safe speeds and keep a safe distance; do not follow directly behind other boats, spray/splash others, make sharp turns, or perform maneuvers that make your direction hard to predict. Avoid submerged objects, shallow water, rough water, bad weather, and poor visibility. Ride within your limits and avoid aggressive maneuvers. If riding farther than swimming distance from shore, ride near another boat or watercraft while keeping a safe distance. <PIC> Never operate in water less than 60 cm (2 ft) deep, and do not jump wakes or waves. <PIC> The watercraft has no lighting required for night operation, so do not operate after sunset or before dawn. <PIC>"", [""Manual20_16"", ""Manual20_17"", ""Manual20_18""]"
325,"""Operation requirements: be at least the recommended minimum operator age of 16; minors must be supervised by adults; know and follow your state’s operator age and training requirements; take a boating safety course if required or recommended; read the Owner’s/Operator’s Manual, Riding Practice Guide, Riding Instruction card, and all warning/caution labels, and watch the Basic Orientation Video if possible. The watercraft is legally a powerboat, so follow all waterway rules and regulations. It carries the operator and one passenger only: never more than 2 persons, and do not exceed 160 kg (353 lb) total load. Do not carry a passenger until you have considerable practice riding alone."", []"
326,"""Your jetski is water-jet propelled: the jet pump is directly connected to the engine, so jet thrust can move the craft whenever the engine is running, and there is no “neutral” position. Steering depends on jet thrust—if you release the throttle, steering ability rapidly decreases and may stop until throttle is applied again or trolling speed is reached. Before removing debris or weeds near the jet intake, stop the engine and remove the clip from the engine shut-off switch. <PIC> Keep away from the intake grate and never insert objects into the jet thrust nozzle while the engine is running. <PIC>"", [""Manual20_24"", ""Manual20_25""]"
327,"""Your WaveRunner is legally considered a powerboat, so obey the rules and regulations of the waterway. When encountering other vessels: if you are overtaking/passing, you are the give-way vessel and must keep clear until fully past; if another vessel is passing you, maintain your speed and direction. Always scan for other watercraft, operate defensively at safe speeds, keep a safe distance, do not follow directly behind boats/watercraft, do not spray or splash others, avoid sharp or unpredictable maneuvers, and take early action to avoid collisions. Remember the watercraft has no brakes and needs throttle to steer away from objects."", []"
328,"""The seat latch is at the rear of the seat <PIC>. To remove the seat: pull the seat latch up, then pull the seat off <PIC>. To install the seat: insert the projection on the front of the seat into the stay on the deck, then push the rear of the seat down to lock it securely in place <PIC>."", [""Manual20_35"", ""Manual20_36"", ""Manual20_37""]"
329,"""To open the hood, push the latch down, then lift the hood up. <PIC> To close the hood, push the hood down until it locks in place. <PIC> Make sure the hood is properly secured before operating the watercraft."", [""Manual20_38"", ""Manual20_39""]"
330,"""There are two filler caps: the fuel tank filler cap and the oil tank filler cap. To remove either one, turn it counterclockwise. Make sure each cap is properly secured before operating the watercraft. <PIC> <PIC>"", [""Manual20_40"", ""Manual20_41""]"
331,"""Use the engine stop switch by pushing it to stop the engine normally. For the engine shut-off switch, insert the clip on the end of the engine shut-off cord under the black button to enable starting; remove the clip to stop the engine and disable starting. Attach the cord to your wrist so the engine stops if you fall off. <PIC>"", [""Manual20_44""]"
332,"""The throttle lever is used to accelerate and decelerate. The choke lever is listed as a control, but the provided manual snippet does not describe how to operate it."", []"
333,"""The QSTS selector is located at the left handlebar grip and adjusts the watercraft trim angle by changing the jet thrust nozzle angle vertically. It has 5 positions: 2 bow down, neutral “N”, and 2 bow up. To change trim: reduce engine speed to 3,000 r/min or less, squeeze the shift lock lever, turn the selector to the desired position, then release the lever to lock it. <PIC> Do not turn the selector at full throttle, or QSTS damage could occur. Neutral “N” provides good performance for most conditions; select bow down or bow up to enhance particular performance. <PIC>"", [""Manual20_51"", ""Manual20_52""]"
334,"""The fuel meter lets you conveniently check the fuel level while riding. It has 8 segments that show the amount of fuel remaining in the tank, but the indication can vary with operating conditions, so use it as a reference. <PIC>\nThe hour meter helps you follow the maintenance schedule by showing the total engine operating hours since the watercraft was new. The elapsed time is kept even if the battery terminals are disconnected. <PIC>"", [""Manual20_58"", ""Manual20_59""]"
344,"""Fuel filter: It is a one-piece disposable filter. Do not replace it yourself; an incorrectly installed filter can leak gasoline and cause fire or explosion. Replace after the initial 10 hours or first month, then every 200 hours or 24 months, or if water is found in the filter; have a Yamaha dealer replace it if necessary. <PIC>\nFuel tank: To remove the fuel tank filler cap, turn it counterclockwise, and make sure it is properly secured before operating. <PIC> Check the fuel tank for leakage or water in the tank. If water is found in the fuel system or the tank needs cleaning, have a Yamaha dealer service the watercraft. <PIC>"", [""Manual20_81"", ""Manual20_40"", ""Manual20_82""]"
345,"""To adjust the adjustable sponsons: 1) Remove the bolts on both sponsons. <PIC> 2) Remove both sponsons and reinstall them in the desired position. Make sure both sponsons are installed at the same level. 3) Tighten the bolts on both sponsons to 18 N·m (1.8 kgf·m, 13 ft·lb). <PIC>"", [""Manual20_83"", ""Manual20_84""]"
346,"""If weeds or debris clog the jet intake or impeller, beach the watercraft and check them. Always stop the engine before beaching. Before removing debris, shut the engine off and remove the clip from the engine shut-off switch. <PIC> Turn the watercraft onto its port (left) side as shown; place a clean cloth or carpeting underneath to prevent scratches, and support the bow so the handlebars are not damaged. <PIC> Remove weeds or debris from around the drive shaft, impeller, pump housing, and jet thrust nozzle. If debris is difficult to remove, consult your Yamaha dealer."", [""Manual20_85"", ""Manual20_86""]"
347,"""Before starting off, make sure there are no boats, obstructions, or swimmers around you.\n\nGeneral starting: attach the engine shut-off cord to your left wrist and install the clip to the engine shut-off switch. Push the green start switch to start the engine; the engine will not start if the clip is removed. <PIC>\n\nIn shallow water: do not start the engine in less than 60 cm (2 ft) of water. Move the watercraft to deep enough water, board from the side or rear, attach the cord/clip, grip the handlebars with both hands, place both feet in the footwell, then start and go. <PIC>\n\nFrom a dock: board from the side, attach the cord/clip, push the watercraft away from the dock, grip the handlebars with both hands, place both feet in the footwell, then start and go. <PIC>"", [""Manual20_48"", ""Manual20_88"", ""Manual20_89""]"
348,"""The provided excerpt does not give a separate deep-water procedure specifically for a passenger. It states the craft carries the operator and one passenger only, max load 160 kg (353 lb), and you should not carry a passenger until you have considerable solo experience. For deep-water boarding shown: swim to the rear, place both hands on the boarding platform, pull yourself up and grasp the handgrip <PIC>; pull up to a kneeling position, then move to the seat and sit astride <PIC>; attach the engine shut-off cord to your left wrist and clip it to the switch, grip the handlebars, place both feet in the footwell, start the engine, and look in all directions before starting off <PIC>."", [""Manual20_71"", ""Manual20_72"", ""Manual20_73""]"
349,"""If it is difficult to balance the watercraft at a standstill: first, make sure the total weight does not exceed 160 kg (353 lb), including cargo. Have the passenger steady the watercraft while the operator boards, pulls himself onto the platform, sits, and balances it. <PIC> Attach the lanyard to your left wrist, install the clip to the engine shut-off switch, start the engine, and keep it at idle. Then the passenger pulls onto the platform, kneels, and crawls onto the seat as the watercraft accelerates. <PIC> Finally, accelerate to planing speed, then reduce the throttle to the desired running speed. <PIC>"", [""jetski_06"", ""jetski_07"", ""jetski_08""]"
350,"""Maximum load: 160 kg (353 lb). This includes the total weight of cargo, operator, and passenger."", []"
351,"""The manual shows two base station versions: XL490 base station <PIC> and XL495 base station <PIC>. For XL495, the base station includes telephone answering machine support; its answering-machine button lights up when the answering machine is on."", [""Manual22_2"", ""Manual22_3""]"
352,"""Connect the power adapter to the DC input jack at the bottom of the base station and to the wall power socket. Then connect the line cord to the telephone socket at the bottom of the base station and to the wall telephone socket. If you use DSL service, install a DSL filter between the telephone line cord and the power socket. <PIC>"", [""Manual22_22""]"
353,"""The handset batteries are pre-installed. To install the handset, pull the battery tape off from the battery door before charging. <PIC>"", [""Manual22_23""]"
354,"""Check the battery icon on the handset screen. When the handset is off the base station/charger, the bars show the battery level: full, medium, or low. When it is on the base/charger, the bars flash until charging is complete. If the empty battery icon flashes, the battery is low and needs recharging. <PIC>"", [""Manual22_29""]"
355,"""If the handset is in searching status: make sure the base station has power supply, register the handset to the base station, and move the handset closer to the base station."", []"
356,"""Handset LED status: On = audio boost is on; Off = in a call or standby; Flashing = new message, new voicemail, missed call, or phone muted. During charging: On = handset is on the base/charging cradle in standby or audio boost is on during a call; Off = handset is off the base/charging cradle; Flashing = phone is muted. <PIC>\nBase station LED status: Steady on = no new message and memory not full, handset is switched on, or paging mode; Flashing = new message, incoming call, recording, message playback, or remote access/listening from handset; Fast flashing = no new message and memory full, or registration mode. <PIC>"", [""Manual22_40"", ""Manual22_46""]"
357,"""On the base station, the LED indicator shows the status as follows: Steady on: no new message and memory not full; handset is switched on; paging mode. Flashing: new message and memory not full; incoming call; recording an incoming message/announcement; message playback; remote access/listening to messages from the handset. Fast flashing: no new message and memory is full; registration mode. <PIC>"", [""Manual22_46""]"
358,"""Lower the roll bar only when absolutely necessary. Remove the hairpin cotters and the 2 pins, lower the roll bar to one of the down positions <PIC>, then reinstall the 2 pins and secure them with the hairpin cotters. When the roll bar is down, do not wear the seat belt and drive slowly and carefully."", [""Manual23_32""]"
359,"""For machines with the suspension system, set the rear 2-shock assemblies to the position that feels most comfortable. The slots have detent positions for reference, but the shocks can be positioned anywhere in the slot. Figure 13 shows the softest, firmest, and detent positions. <PIC> To adjust, unlock the rear-shock assembly, move both shocks to the desired position, make sure the left and right shocks are in the same position, then lock them again. <PIC>"", [""Manual23_37"", ""Manual23_38""]"
360,"""For a mower with an electric deck lift: push up on the deck-lift switch to raise the deck <PIC>; choose the hole in the height-of-cut bracket for the desired cutting height and insert the height-of-cut pin <PIC>; then push down on the deck-lift switch to set the height of cut."", [""Manual23_55"", ""Manual23_56""]"
361,"""The provided manual excerpt only shows the heading “Loading the Machine” and does not include the loading steps."", []"
362,"""To unload the mower: 1. Lower the ramp and ensure the angle between the ramp and the ground does not exceed 15 degrees. 2. Drive the machine forward down the ramp."", []"
363,"""To change the engine oil: dispose of used oil at a recycling center. Start the engine and let it run for 5 minutes to warm the oil. Park the machine with the drain side slightly lower, disengage the PTO, engage the parking brake, shut off the engine, remove the key, and wait for all moving parts to stop. Drain the oil from the engine. <PIC> Then slowly pour about 80% of the specified oil into the filler tube and add more until it reaches the Full mark. <PIC> Start the engine, drive to a flat area, and check the oil level again."", [""Manual23_75"", ""Manual23_76""]"
364,"""To remove the filters: park the machine on a level surface, disengage the blade-control switch (PTO), and engage the parking brake. Shut off the engine, remove the key, and wait for all moving parts to stop. Release the air-cleaner latches and pull the air-cleaner cover off the air-cleaner body. Clean the inside of the cover with compressed air. Gently slide the primary filter out, avoiding knocking it against the body. Remove the safety filter only if you are replacing it. <PIC>"", [""Manual23_72""]"
365,"""To replace the mower belt: 1. Park on a level surface, disengage the blade-control switch (PTO), and engage the parking brake. 2. Shut off the engine, remove the key, and wait for all moving parts to stop. 3. Lower the mower to the 76 mm (3 inch) height of cut. 4. Remove the belt covers. <PIC> 5. Use a 3/8-inch ratchet in the square hole in the idler arm to remove tension on the idler spring. 6. Remove the belt from the mower-deck pulleys and clutch pulley. 7. Remove the belt guide on the spring-loaded idler arm, then remove the old belt. 8. Install the new belt around the mower pulleys and the clutch pulley under the engine. <PIC> 9. Install the belt guide on the idler arm. 10. Using the 3/8-inch ratchet in the square hole, install the idler spring; ensure the spring ends are seated in the anchor grooves. 11. Install the belt covers. <PIC>"", [""Manual23_99"", ""Manual23_100"", ""Manual23_101""]"
366,"""Touch the Control Set-Up pad to change the oven’s default settings for sound, clock, display speed, and defrost weight from Lbs to Kg."", []"
367,"""To set the Light Timer, touch the Light Timer pad (press once for AM, twice for PM), enter the time you want the light to turn on, touch Light Timer again (once for AM, twice for PM), enter the time you want the light to turn off, then touch Start. The Lo Light will turn on and off at those times every day until reset. <PIC>"", [""Manual24_11""]"
368,"""To set a Favorite Recipe, touch the Favorite Recipe pad, enter the cook time using the number keypad (for 2 minutes: [2], [0], [0]), then touch Start. The power level defaults to Hi, but it can be modified. <PIC>"", [""Manual24_16""]"
369,"""Use Sensor Reheat: touch the Reheat pad, then choose the food category: Casserole [1], Dinner Plate [2], or Soup/Sauce [3]. The display will show SENSING, with no need to set time or power level. When reheating is finished, four beeps sound and END displays. Recommended amounts: Casserole 1–4 cups, Dinner Plate 1–2 servings, Soup/Sauce 1–4 cups. <PIC><PIC><PIC>"", [""Manual24_30"", ""Manual24_29"", ""Manual24_31""]"
370,"""Use Auto Defrost by selecting the food category: Meat=1, Poultry=2, Fish=3. <PIC> Then: 1) Touch Auto Defrost. 2) Choose the food category number. 3) Enter the food weight in pounds and tenths of pounds. 4) Touch Start. <PIC> During defrosting, the oven will beep; open the door, turn/separate/rearrange the food, remove thawed portions, then touch Start to resume."", [""Manual24_32"", ""Manual24_33""]"
371,"""Clean the grease filter often, at least once a month. To remove it, slide the filter to the side, pull it downward, then push it to the other side so it drops out. <PIC> Soak it in hot water with a mild detergent, rinse well, and shake to dry. Do not use ammonia or place it in a dishwasher, as the aluminum filter will darken. <PIC> To reinstall, slide it into the side slot, then push up and toward the oven center to lock it. <PIC>"", [""Manual24_47"", ""Manual24_48"", ""Manual24_49""]"
372,"""To replace the charcoal filter: 1. Unplug the oven or turn off power at the main power supply. 2. Remove the two vent grill mounting screws (the 2 middle screws). <PIC> 3. Tip the grill forward, then lift it out. 4. Remove the old filter. <PIC> 5. Slide a new charcoal filter into place; it should rest at the angle shown. <PIC> 6. Slide the bottom of the grill into place, push the top until it snaps into place, replace the mounting screws, then turn power back on and set the clock."", [""Manual24_50"", ""Manual24_51"", ""Manual24_52""]"
373,"""Wear gloves when replacing the bulb. 1. Unplug the oven or turn off power at the main power supply. 2. Remove the vent cover mounting screws (2 middle screws), tip the cover forward, then lift it out. <PIC> 3. Remove the bulb holder. <PIC> 4. Lift up the bulb holder. <PIC> 5. Replace the bulb with a 30 or 40 watt appliance bulb. 6. Replace the bulb holder. 7. Slide the bottom of the vent cover into place, push the top until it snaps into place, replace the mounting screws, then turn power back on or plug in the oven."", [""Manual24_54"", ""Manual24_55"", ""Manual24_56""]"
374,"""Set the PCI Express 3.0 x16 slots according to the VGA/PCIe card configuration: single card: use PCIe 3.0 x16_1 (gray) at x16; dual cards: PCIe 3.0 x16_1 at x8 and PCIe 3.0 x16_2 at x8; triple cards: PCIe 3.0 x16_1 at x8, PCIe 3.0 x16_2 at x8, and PCIe 3.0 x16_3 at x4. <PIC>"", [""Manual25_31""]"
375,"""The manual shows the motherboard jumper as the 2-pin CLRTC header. It is used to clear the RTC RAM/CMOS, erasing date, time, system setup parameters, and passwords. The CLRTC jumper location is shown here: <PIC>"", [""Manual25_33""]"
376,"""Install the motherboard in the correct orientation: place the edge with the external/rear panel ports toward the rear of the chassis. <PIC>"", [""Manual25_6""]"
377,"""You can turn off the model name LEDs or SupremeFX LED, or change their lit modes, from the BIOS or the LED Control app in Ai Suite 3. In BIOS, go to Advanced > Onboard Devices Configuration, then select Model Name LED Lighting or SupremeFX LED Lighting."", []"
378,"""To update the BIOS file using BIOS Updater in DOS: 1) Insert the USB flash drive containing the latest BIOS file and BIOS Updater. 2) Boot the computer and press <F8> to open the boot device screen; insert the Support DVD and select the optical drive. <PIC> 3) At the FreeDOS prompt, type d: and press <Enter> to switch to the USB drive. 4) Type bupdater /pc /g and press <Enter>. 5) In BIOS Updater, press <Tab> to switch to the Drives panel and select D:. <PIC> 6) Switch to the Files panel, select the BIOS file, press <Enter>, then select Yes to confirm. <PIC> 7) When the update is done, press <ESC> to exit and restart the computer. Do not shut down or reset the system during the update."", [""Manual25_62"", ""Manual25_63"", ""Manual25_64""]"
379,"""To create RAID: 1. In BIOS, press <F11> to open EZ Tuning Wizard. 2. Click RAID, then Yes to enable RAID. Ensure the HDDs have no existing RAID volumes and are connected to Intel SATA connectors. 3. When available HDDs display, click Next. <PIC> 4. Select Easy Backup or Super Speed, then click Next. <PIC> For Easy Backup, select RAID1 or RAID10; RAID10 requires four HDDs. <PIC> For Super Speed, select RAID0 or RAID5. <PIC> 5. Click Yes to continue RAID setup. 6. When done, click Yes to exit, then OK to reset the system."", [""Manual25_72"", ""Manual25_73"", ""Manual25_74"", ""Manual25_75""]"
380,"""Use Method 1: SATA ODD & USB devices.\nRequirements: support DVD, OS 7 installation source, SATA ODD, and a USB device (ODD or storage). USB storage must be 8 GB or larger; formatting before use is recommended.\nSteps:\n1. Insert the OS 7 installation DVD into a USB ODD, or copy all files from the OS 7 DVD to a USB storage device on a working system.\n2. Connect the USB ODD or USB storage device to the 100 series platform.\n3. Insert the support DVD into a SATA ODD on the 100 series platform.\n4. Power on and press F8 during POST to enter the boot screen, then boot from the USB device. <PIC>\n5. The USB 3.0 driver loads automatically during installation startup; if loaded correctly, “Setup is starting...” appears. <PIC>\n6. Follow the onscreen instructions to complete the OS 7 installation."", [""Manual25_87"", ""Manual25_88""]"
381,"""Place nine screws into the holes indicated by circles to secure the motherboard to the chassis. Do not over tighten the screws, as this can damage the motherboard. <PIC>"", [""Manual25_6""]"
382,"""Before installing the CPU, unplug all power cables. Use only a CPU designed for the LGA1151 socket; do not use LGA1150, LGA1155, or LGA1156 CPUs. Check that the PnP cap is on the socket and that the socket contacts are not bent; contact the retailer if anything is missing or damaged. Keep the cap after installation. Use only the CPU Installation Tool, hold both sides of it, do not bend or damage it, and ensure the CPU is firmly clicked into place before installing it onto the CPU socket. <PIC> <PIC> <PIC> <PIC>"", [""Manual25_9"", ""Manual25_10"", ""Manual25_11"", ""Manual25_12""]"
383,"""You can check the motherboard’s system memory in the specifications summary and the “System memory” section of the user guide. This motherboard supports 4 x DIMM, maximum 64 GB, DDR4 3400(O.C.)/3333(O.C.)/3200(O.C.)/3100(O.C.)/3000(O.C.)/2933(O.C.)/2800(O.C.)/2666(O.C.)/2600(O.C.)/2400(O.C.)/2133 MHz, non-ECC, un-buffered memory, dual-channel architecture, and Intel Extreme Memory Profile (XMP). <PIC> Recommended memory installation configurations are shown here. <PIC>"", [""Manual25_2"", ""Manual25_19""]"
384,"""The Serial port connector (10-1 pin COM) is used for a serial (COM) port. Connect the serial port module cable to this connector, then install the module into a slot opening at the back of the system chassis. The COM module is purchased separately. <PIC>"", [""Manual25_39""]"
385,"""The 14-1 pin TPM connector supports a Trusted Platform Module (TPM) system, which securely stores keys, digital certificates, passwords, and data. It also helps enhance network security, protect digital identities, and ensure platform integrity. <PIC>"", [""Manual25_40""]"
386,"""The 2-pin T_SENSOR connector is for a thermistor cable that lets you monitor the temperature of the motherboard’s critical components and connected devices. The thermistor cable is purchased separately. <PIC>"", [""Manual25_43""]"
387,"""Press the quick release button down until it clicks and locks into the Vent position <PIC>. Steam will eject from the steam release valve; when pressure is fully released, the float valve drops into the lid <PIC>."", [""multi-use_pressure_cooker_and_air_fryer_01"", ""multi-use_pressure_cooker_and_air_fryer_02""]"
388,"""To set/close the pressure cooking lid: align the symbol on the lid with the symbol on the cooker base, then lower the lid onto the track. Turn the lid clockwise until the symbol on the lid aligns with the symbol on the cooker base. When it is in the correct position, a jingle sounds and the display indicates OFF. <PIC>"", [""Manual30_12""]"
389,"""To install the float valve, drop the narrow end of the float valve into the float valve hole on top of the lid. Hold one finger on the flat top of the float valve, turn the lid over, then firmly attach the silicone cap to the bottom of the float valve. Do not operate the cooker unless the float valve and silicone cap are properly installed. <PIC>"", [""Manual30_37""]"
390,"""The anti-block shield prevents food particles from coming up through the steam release pipe, helping with pressure regulation. It is integral to product safety and necessary for pressure cooking. <PIC> To remove it, grip the lid like a steering wheel and press firmly with your thumbs against the side of the shield, toward the side of the lid and up, until it pops off the prongs. <PIC> To install it, place it over the prongs and press down until it snaps into position. Do not operate the pressure cooker without the anti-block shield installed. <PIC>"", [""Manual30_19"", ""Manual30_34"", ""Manual30_35""]"
391,"""Install the steam release valve by placing it on the steam release pipe and pressing down firmly; it should sit loosely but stay in place when the lid is turned over. <PIC> To control it, use the quick release button: flick to Seal position, or press down until it clicks/locks into Vent position to release steam. Do not cover or block the valve. <PIC>"", [""Manual30_33"", ""Manual30_14""]"
392,"""To install the anti-block shield, place it over the prongs and press down until it snaps into position. Do not operate the pressure cooker without the anti-block shield installed. <PIC>"", [""Manual30_35""]"
393,"""To install them: drop the narrow end of the float valve into the float valve hole on the top of the lid. Place one finger on the flat top of the float valve, turn the lid over, then firmly attach the silicone cap to the bottom of the float valve. Do not operate the pressure cooker unless both the float valve and silicone cap are properly installed. <PIC>"", [""Manual30_37""]"
394,"""Install the condensation collector before cooking. Align the grooves on the condensation collector over the tabs on the back of the cooker base, then slide the condensation collector into place. <PIC>"", [""Manual30_38""]"
395,"""Place the sealing ring over the sealing ring rack and press it into place. Press down firmly to prevent puckering. When installed properly, it should sit snugly behind the sealing ring rack and should not fall out when the lid is turned over. Only one sealing ring should be installed at a time, and it must be installed before using the cooker. <PIC>"", [""Manual30_31""]"
396,"""Grip the edge of the silicone and pull the sealing ring out from behind the circular stainless-steel sealing ring rack. It is easiest to remove when wet and soapy. After removal, inspect the steel rack to make sure it is secured, centered, and even height all the way around the lid; do not attempt to repair a deformed rack. <PIC>"", [""Manual30_30""]"
397,"""The sealing ring creates an air-tight seal between the pressure cooking lid and the inner pot when the lid is closed. It must be installed before using the cooker, and only one sealing ring should be installed in the lid at a time. <PIC> Use only authorized sealing rings; do not use one that is stretched or damaged. Always check for cuts, deformation, and correct installation before cooking. Replace it every 12–18 months, or sooner if it is stretched, deformed, or damaged. To install, place it over the sealing ring rack and press firmly so it is snug behind the rack and does not fall out when the lid is turned over. <PIC> Silicone can absorb strong aromas and flavors, so keeping extra sealing rings can help limit flavor transfer between dishes."", [""Manual30_16"", ""Manual30_31""]"
398,"""The steam release valve sits loosely on the steam release pipe. When the cooker releases pressure, steam ejects from the top of the valve. It is essential for product safety and necessary for pressure cooking—do not cover or block it. <PIC> The quick release button controls whether pressure is released; pressing it to the Vent position releases a jet of steam, which is normal. <PIC> To install it, place the valve on the steam release pipe and press down firmly; when properly installed it sits loosely but should stay in place if the lid is turned over. <PIC>"", [""Manual30_15"", ""multi-use_pressure_cooker_and_air_fryer_01"", ""Manual30_33""]"
399,"""The quick release button controls the steam release valve, determining whether pressure is released. For Quick Release, press it down until it clicks and locks into the Vent position; steam ejecting from the top of the valve is normal. When pressure is fully released, the float valve drops into the lid. To seal, use a flicking motion and do not turn the button more than 45°. <PIC> <PIC> <PIC>"", [""Manual30_14"", ""multi-use_pressure_cooker_and_air_fryer_01"", ""multi-use_pressure_cooker_and_air_fryer_02""]"
400,"""Natural Release (NR/NPR) means cooking stops gradually as the cooker cools and depressurizes naturally over time. To use it, leave the quick release button in the Seal position after cooking completes and turn Keep Warm off. Food may continue “carryover cooking”; depressurization time varies and can take up to 40 minutes. When pressure is fully released, the float valve drops into the lid. Use NR for high-starch foods such as soups, stews, chilis, pasta, oatmeal and congee, or foods that expand when cooked such as beans and grains. <PIC>"", [""Manual30_9""]"
401,"""The provided manual fragment only includes the vacuum robot anatomy illustration, without text labels for individual parts. <PIC>"", [""Manual32_0""]"
402,"""The two modes are Halo Mode and Virtual Wall Mode."", []"
403,"""Press the bin release button to remove the bin <PIC>. Then open the bin door to empty the bin <PIC>. If the full bin indicator comes on during cleaning, pause the cleaning job, empty the bin, then continue cleaning."", [""Manual32_8"", ""Manual32_9""]"
404,"""Remove the filter by grasping the yellow tab <PIC>. Shake off debris by tapping the filter against your trash container <PIC>. Reinsert the filter with the yellow tab facing up; the filter door won’t close unless the filter is reinserted."", [""Manual32_10"", ""Manual32_11""]"
405,"""To clean the full bin sensors: 1. Remove and empty the bin. <PIC> 2. Wipe the sensors with a clean, dry cloth. <PIC> 3. Wipe the inner and outer sensor ports on the bin with a clean, dry cloth. <PIC>"", [""Manual32_12"", ""Manual32_13"", ""Manual32_14""]"
406,"""To clean the extractors: 1. Pinch the yellow extractor frame release tabs, lift the extractor frame, and remove any obstructions. <PIC> 2. Remove the extractors and yellow extractor caps; remove hair or debris from under the caps and around the metal axles, then reinstall the caps. <PIC> 3. Remove hair and debris from the square and hexagonal plastic pegs on the other side of the extractors. <PIC> 4. Clear the vacuum path. <PIC> 5. Reinstall the extractors, matching the color and shape of the extractor pegs with the icons on the cleaning head module."", [""Manual32_19"", ""Manual32_20"", ""Manual32_21"", ""Manual32_22""]"
407,"""Wipe the sensors with a clean, dry cloth. Do not spray cleaning solution directly onto the sensors or sensor openings. <PIC> Then wipe the charging contacts on the vacuum cleaner and the Home Base with a clean, dry cloth. <PIC>"", [""Manual32_17"", ""Manual32_18""]"
408,"""Place the Home Base in an open, uncluttered area: leave at least 1.5 ft on each side, at least 4 ft in front, at least 4 ft away from stairs, and at least 8 ft from virtual wall barriers. Always keep it plugged in and in an area with consistent coverage so the vacuum can receive information via the app."", []"
409,"""To clean the front caster wheel: 1. Pull firmly on the front wheel to remove it. <PIC> 2. Remove any debris from inside the wheel cavity. 3. Spin the wheel by hand. If rotation is restricted, remove the wheel from its housing, push firmly to remove the axle, and clear any debris or hair wrapped around it. 4. Reinstall all parts and make sure the wheel clicks back into place."", [""Manual32_15""]"
410,"""Use a coin or small screwdriver to remove the screw <PIC>. Then remove the brush, clean the brush and brush post, and reinstall the brush."", [""Manual32_16""]"
411,"""The dual-mode virtual wall barrier keeps the vacuum in areas you want cleaned and out of areas you don’t. It has two modes: Halo Mode creates a protective zone around items or undesired areas, and Virtual Wall Mode creates an invisible barrier to block openings up to 10 feet."", []"
412,"""If the vacuum indicates a problem, it will make a two-tone distress sound followed by a spoken message, and the troubleshooting indicator will blink. Check the app or online for more detailed support and videos. For some errors, reboot the vacuum: press and hold CLEAN for 10 seconds until all indicators illuminate, then release. A tone confirms a successful reboot. If you use scheduling, open the app after rebooting to confirm the schedule remains intact."", []"
413,"""T-rail mounting instructions: Use the included hardware; it supports most 9/16\"", 15/16\"", or 1 1/2\"" T-rails.\n1. Using the dashed lines on the mount plate template as a guide, set the proper spacing of the clips. <PIC>\n2. Tighten the set screws on the T-rail clips and secure them with a 5/64\"" (2 mm) hex key. <PIC>\n3. Attach the mount plate to the T-rail clips using the mount plate holes marked \""G\"". <PIC>\n4. Attach the T-rail clips to the T-rail by rotating them and snapping them into place as shown; the black foam pads should be compressed slightly after installation. <PIC>\nFor standard T-rail installation, use standard 6-32 x 4 mm T-rail screws. <PIC>"", [""Manual33_10"", ""Manual33_11"", ""Manual33_12"", ""Manual33_13"", ""Manual33_14""]"
414,"""Turn the power switch to <ON> to operate the camera. Set it to <OFF> to turn the camera off. If the camera turns off automatically after non-operation, press the shutter button to turn it on again. <PIC>"", [""Manual10_29""]"
415,"""To stop the machine, squeeze the brake lever toward the handlebar; the brake light will illuminate when the brake is operated. Make sure the brake lever end does not project beyond the handlebar end. <PIC> To apply the parking brake when parking or starting the engine, squeeze the brake lever, push down the parking brake button while releasing the brake lever. To release the parking brake, squeeze the brake lever again. Always set the parking brake before starting the engine, and never run the machine with the parking brake applied. <PIC>"", [""Manual34_39"", ""Manual34_40""]"
416,"""Before using the snowmobile: read the Owner’s Manual and all labels; become familiar with all controls; perform the pre-operation checks; check throttle, steering, and brake operation every time before starting; ensure the throttle lever moves freely and returns to idle when released; apply the parking brake before starting and do not drive with it applied; make sure the fuel tank cap is securely closed after refueling; ensure the drive belt/guard is in place; check the drive select lever position before moving; wear an approved helmet, eye protection, and suitable snowmobile clothing."", []"
417,"""The provided manual fragments do not include the actual page 7-1~7-2 engine-start procedure. They state these required steps/precautions before and around starting: 1. Perform the pre-operation checks. 2. Wear proper snowmobiling clothing/protection. 3. Check throttle, brake, and steering for proper operation before starting the engine. 4. Set the parking brake before attempting to start the engine. 5. Make sure the fuel tank cap is securely closed after refueling. 6. Do not operate the engine without the drive belt or drive guard. 7. Start the engine following the instructions on page 7-1~7-2, then let it warm up before riding. 8. Never run the vehicle with the parking brake applied; release it before moving. In an emergency, stop the engine by pushing the engine stop switch down."", []"
418,"""A V-Belt Holder is the provided holder used to store a spare V-belt for emergency use. When installing the V-belt in the holder, tighten the bolt, make sure the fuel hose is not pinched and is in place, and ensure the V-belt is secured so it cannot come loose and be damaged by the hot muffler."", []"
419,"""Before adjusting, make sure the engine idle speed has been adjusted first. 1. Loosen the adjuster locknut. 2. Turn the adjuster in or out until the proper throttle lever free play is achieved: BR250T/ET410TR/VK540E: 1.0–2.0 mm (0.04–0.08 in); CS340E: 0.5–1.0 mm (0.02–0.04 in). <PIC> 3. Tighten the locknut."", [""Manual34_148""]"
420,"""To steer, slow down as you approach a curve and turn the handlebars in the desired direction. Put your weight on the running board on the inside of the turn and lean your upper body into the turn; lean more for sharper or faster turns. Practice this at slow speed in a large, flat, obstacle-free area. Always keep both hands on the handlebars and avoid abrupt throttle changes, excessive braking, incorrect body movement, or too much speed. <PIC>"", [""Manual34_127""]"
421,"""To turn a snowmobile: slow down as you approach the curve, turn the handlebars in the desired direction, put your weight on the running board on the inside of the turn, and lean your upper body into the turn. Practice this at slow speed in a large, flat, obstacle-free area. Lean more for sharper turns or higher speeds. If the snowmobile begins to tip, lean more into the turn; if necessary, gradually let off the throttle and/or steer to the outside of the turn. <PIC>"", [""Manual34_127""]"
422,"""Practice first on gentle slopes and attempt harder climbs only after developing skill. As you approach a hill, accelerate before the climb, then reduce throttle to prevent track slippage. Keep your weight on the uphill side at all times; for straight climbs, lean forward, and on steeper inclines stand on the running boards and lean forward over the handlebars. Slow down near the crest and be ready for obstacles, sharp drops, or others on the other side. If you cannot continue uphill, do not spin the track: stop the engine, set the parking brake, turn the rear of the snowmobile so it points downhill, avoid the downhill side, then restart, release the brake, and descend."", []"
423,"""When riding downhill, keep speed to a minimum. Apply just enough throttle to keep the clutch engaged so engine compression helps slow the snowmobile and prevents it from rolling freely downhill. Also apply the brake frequently with light pressure. Steep slopes are not recommended for beginners or novice riders. <PIC>"", [""Manual34_128""]"
424,"""Side hills are not recommended for beginner or novice riders. When crossing a slope, keep your weight toward the uphill side by leaning uphill. A recommended position is to kneel with the downhill-leg knee on the seat and the uphill-leg foot on the running board, so you can shift weight as needed. If the snowmobile slips sideways, steer in the direction of the slide if there are no obstacles, then gradually steer back toward your intended direction. If it starts to tip, steer down the hill to regain balance. <PIC>"", [""Manual34_129""]"
425,"""Remove the spark plug periodically and inspect it. Check the coloration on the white porcelain insulator around the center electrode; normal coloration is medium to light tan. If the color is distinctly different, such as very white, do not diagnose it yourself—take the machine to your dealer. Check that the spark plug has the proper reach/thread length <PIC>. Before reinstalling, measure the electrode gap with a wire thickness gauge and adjust to specification <PIC>. Clean the gasket surface, wipe grime from the threads, and tighten the spark plug to 28 Nm (2.8 m-kg, 20 ft-lb)."", [""Manual34_138"", ""Manual34_139""]"
426,"""To clean the snowmobile: 1. Thoroughly clean the machine inside and out to remove corrosive salts and acids. 2. Use Mud and Grease Release, or an equivalent, to loosen mud, grease, and grime. 3. Wash with mild soap. 4. Rinse thoroughly. 5. Dry completely."", []"
427,"""You can use either of these MANUAL PROGRAM methods:\n1. MEMORY/ERASE button: use the ▲/▼ or NUMBER buttons to select the channel, then press MEMORY/ERASE to choose Memory or Erase. <PIC>\n2. MENU: press MENU, select Manual, select Channel, choose the channel number, select Memory, then choose On or Off; press MENU repeatedly to exit. <PIC> <PIC>"", [""Manual35_9"", ""Manual35_10"", ""Manual35_11""]"
428,"""Common causes/conditions of poor reception include: interference from automobile ignition systems, neon lamps, electrical drills, or other electrical appliances, which may cause flutter, drift, black spots, or horizontal streaking <PIC>; signal reflections from tall buildings, hills, or other objects causing “ghosts” <PIC>; being in a weak or fringe TV signal area causing “snow” or small dots <PIC>; strong random signals from a car or airplane; a weak antenna signal; and severely weathered antennas or antenna cables reducing signal quality."", [""television0_01"", ""television0_02"", ""television0_03""]"
429,"""You can set captions/on-screen text in either of these ways:\n1. Using the CAPTION button: Press CAPTION, press CAPTION again to choose Off, Mode1, Mode2, Text1, or Text2, then press ENTER to exit. <PIC>\n2. Using the MENU button: Press MENU, use the up/down buttons to select the Special menu, press right, select Caption, press right again, then choose Off, Mode1, Mode2, Text1, or Text2. Press MENU repeatedly to exit. <PIC>\nNote: The TV remembers the last caption mode even after it is turned off."", [""Manual35_37"", ""Manual35_38""]"
430,"""For best reception, use an outdoor antenna. Before connecting, inspect the antenna and antenna cable, because severely weathered antennas or cables can reduce signal quality. If using 300 ohm flat wire: connect the flat wire to the screws on the 300-to-75 ohm adapter, then push the adapter end into the TV’s 75 ohm antenna jack. If using a 75 ohm coaxial cable: connect it directly to the TV’s 75 ohm antenna jack. <PIC>"", [""Manual35_39""]"
431,"""Connect the DVD player using component video for best performance: connect DVD Y, PB, PR outputs to the TV’s DVD INPUT (480i) Y, PB, PR jacks, and connect DVD audio outputs to the TV AUDIO L/R inputs. <PIC> DVD output labels may appear as Y/Cb/Cr, Y/B-Y/R-Y, Y/Pb/Pr, or Y/PB/PR; match them to the TV’s Y/PB/PR inputs. <PIC> Then turn on the TV, press TV/VIDEO to select COMPONENT, and turn on/play the DVD player. If using an audio amplifier, connect its inputs to the TV OUT jacks for monitoring the selected program."", [""Manual35_43"", ""Manual35_44""]"
432,"""Check these key factors: whether the device has been exposed to spills or foreign liquid, rain or water; whether it was damaged by falling; whether there is obvious overheating; whether it still cannot work properly despite correct operation. If it cannot power on for the first time, charge it via USB until the battery indicator is full. Do not disassemble or repair it yourself; contact the manufacturer."", []"
433,"""To ensure safe operation: disconnect power before installation or maintenance; have installation/maintenance done by qualified personnel; ensure the appliance is earthed; do not use adapters or extension cords; do not operate with wet body parts or barefoot; keep children away; avoid touching heating elements or internal surfaces until cooled; open the door carefully to release hot air/steam; use oven gloves; keep flammable items away; do not heat sealed containers or use synthetic containers; monitor foods with oil/fat, alcohol, or during drying; do not block ventilation openings."", []"
434,"""Your toothbrush has 3 intensity settings: High intensity = three lights, Medium intensity = two lights, Low intensity = one light. <PIC> To select the desired intensity, press the intensity indicator lights on the handle to cycle through the options. You can change the setting before, during, or after brushing. It can also be customized from the app. <PIC>"", [""toothbrush0_06"", ""toothbrush0_07""]"
435,"""To customize usage: 1. Connect the toothbrush to the app using the App - Getting Started instructions. 2. In the app, use the customizable settings to adjust Intensity Settings and Mode Controls. 3. In the app, activate or deactivate Adaptive Intensity and Scrubbing Feedback. Note: Adaptive Intensity is activated by default and will be deactivated if Pressure Sensor Feedback is deactivated. The manual also lists Pressure Sensor Feedback and Brush head replacement reminder as activatable/deactivatable features, but the provided snippets do not include their specific steps."", []"
436,"""1. Plug the USB cord into the travel case and into the USB wall adapter <PIC>. 2. Plug the wall adapter into an electrical outlet. 3. Place the toothbrush into the travel case <PIC>. To confirm charging has started, the toothbrush should beep twice and the lights illuminate upward; while charging, the battery indicator blinks white <PIC>. Leave the travel case plugged in until fully charged; the battery light turns off when charging is complete <PIC>. Place the travel case on its side for better stability."", [""Manual37_18"", ""Manual37_19"", ""Manual37_20"", ""Manual37_21""]"
