id,ret
1,"您好，店内大部分商品支持 **7天无理由退换货**，需在签收后7天内申请，并保证商品不影响二次销售（包装、吊牌/配件、赠品等齐全）。

运费规则一般如下：  
- **个人原因退换**（不喜欢、拍错、尺码不合适等）：寄回运费通常由买家承担。  
- **商品质量问题、错发/漏发等商家原因**：运费由我们承担。  
- 如商品页面标注“不支持7天无理由”（如定制类、拆封后影响二次销售等），则按页面规则执行。

您可以在订单里点击【申请售后】提交，我们会尽快为您处理。"
2,"您好，可以的。一般售后维修服务范围包括：

1. **保修期内非人为故障**：如产品本身质量问题、正常使用下出现功能异常等，可按售后政策检测维修。  
2. **保修期外故障**：可提供检测及付费维修服务。  
3. **配件/部件问题**：如可更换部件损坏，检测后可更换维修。  

如果是**人为损坏**（如摔坏、进水、私自拆修、使用不当导致损坏等），通常不属于免费保修范围，但**可以申请付费维修**。费用一般会根据检测结果核算，包含可能的**配件费、维修人工费**，以及如需寄回的**物流费用**等。具体金额需售后检测后给出报价，您确认后再维修。

您可以提供一下**订单号、产品型号、故障描述和照片/视频**，我们帮您先初步判断并登记售后。"
3,"您好，可以开发票的。  

**发票类型**一般支持：  
1. **电子普通发票**（常用，个人/企业均可）  
2. **增值税专用发票**（如需专票，请提供公司抬头、税号、注册地址电话、开户行及账号等信息，具体以店铺/平台支持为准）

**开票时间**：通常在订单完成/确认收货后申请开具，电子发票一般会在 **1–3个工作日** 内开出，并通过短信、邮箱或订单发票入口查看下载。  

您下单后可在订单页面申请发票；如果找不到入口，也可以把订单号和开票信息发给我们，我们帮您核实处理。"
4,"您好，建议您先这样处理：

1. **拍照/录像留证**：请拍下外包装破损处、快递面单、商品本体及配件情况。  
2. **检查商品是否受损**：如商品有破损、缺件或无法正常使用，请尽快联系店铺客服申请售后。  
3. **保留包装**：在售后处理完成前，请暂时保留外包装、内包装和全部配件，方便核实。

关于是否影响退换货：  
- **仅快递外包装破损，商品本身完好**，一般不影响正常退换货申请。  
- 如果**商品原包装/商品本体受损**，请提供照片，我们会根据情况为您处理退换货、补发或赔付。  

您可以把破损照片和订单号发给客服，我们会尽快帮您核实处理。"
6,"您好，我们的退款一般会按原支付方式退回。

- **退款政策**：符合售后条件的订单（如未影响二次销售、在可退换期限内等）可申请退款/退货退款；退货退款通常需在商品寄回并验收通过后处理。
- **到账时间**：退款审核通过并发起后，通常 **1–7个工作日**到账，具体以支付平台/银行处理时间为准。
- **信用卡退款**：会**原路退回至原信用卡账户**，一般会在信用卡账单中体现，可能不是实时入账；若遇到账单日，可能显示在下期账单或作为冲正/退款记录。

您可以在订单详情页查看退款进度；如果超过预计时间仍未到账，建议提供订单号，我们帮您进一步核查。"
7,"非常抱歉给您带来不好的购物体验，我们会认真处理您的投诉。

请您先提供以下信息，方便我们核实并尽快解决：  
1. 订单号  
2. 收到商品的实拍照片/视频（尽量在自然光下拍摄）  
3. 商品页面展示图或您认为差异较大的位置截图  

核实后，如果确实存在明显色差或与页面描述不符，我们会为您优先安排退货退款、换货或补偿方案，并将问题反馈给商品/页面审核部门处理。

您可以直接把订单号和照片发给我，我马上帮您登记投诉并跟进。"
8,"非常抱歉给您带来不好的购物体验，我们重视您的投诉。为了尽快核实处理，请您提供以下信息：

1. 订单号/购买账号  
2. 商品名称或链接  
3. 您认为宣传不一致的功能点  
4. 宣传页面截图、实物使用情况照片/视频等凭证  

收到后我们会立即登记投诉并反馈给专员核查。若确认商品描述与实际不符，我们将按平台及售后规则为您办理退货退款、换货或其他合理处理方案，并尽快给您明确答复。您也可以直接在订单页面发起“投诉/售后申请”，我们会同步跟进。"
9,"非常抱歉让您久等了，也理解您已经等了一周还没补发的着急心情。

请您把以下信息发我，我马上帮您核实并催办：  
1. 订单号  
2. 少发的商品名称/数量  
3. 之前客服承诺补发的时间或聊天截图（如有）  

核实后我们会优先为您处理：  
- 如补发单已生成：立即查询物流并反馈单号；  
- 如还未发出：帮您加急补发；  
- 如暂时无法补发：可为您申请退款或其他解决方案。  

我会尽快给您明确处理结果。"
10,"非常抱歉给您带来这么差的售后体验，也理解您等了半个月还没修好会很着急。

麻烦您提供一下**订单号/售后单号、商品名称、送修时间和联系方式**，我这边会立即帮您核实维修进度，并反馈给售后维修点**加急处理**。  
如果确实存在超时或进度异常，我们会协助您跟进解决方案，例如：**加急维修、确认预计完成时间、申请换新/退款等可行处理**（以售后检测结果和平台规则为准）。

您把信息发我后，我马上帮您查。"
11,"非常抱歉给您带来不好的体验。请您先不要拆封/使用该商品，并将以下信息发给我们核实：

1. 订单号  
2. 商品外包装保质期/生产日期/批号照片  
3. 收到商品的快递面单照片（如还在）

我们会尽快为您核查。如果确认收到的是临近效期且不符合发货标准，我们会为您安排退换货或退款处理，并承担相应运费。您把照片发来后，我马上帮您跟进。"
12,"非常抱歉给您带来这么差的收货体验，快递员辱骂客户是不能接受的。我们会协助您尽快投诉并跟进处理。

请您提供以下信息，方便我们核实并反馈快递公司：  
1. 订单号/运单号  
2. 收货人姓名和手机号后四位  
3. 送货时间、快递公司名称  
4. 事情经过（如有录音、短信/聊天截图也可提供）

收到后我们会为您登记投诉，要求快递公司核查处理，并反馈处理结果。如您仍未收到包裹，也可以同时告知我们当前包裹状态，我们会协助催派或改派。"
13,"非常抱歉给您带来不好的体验，也理解您现在的着急和不满。请您先不要担心，我们会尽快为您处理。

麻烦您提供以下信息，方便我们核实并加急售后：  
1. 订单号/下单手机号  
2. 商品损坏部位照片或视频  
3. 使用一次后出现的具体问题描述  
4. 之前联系过客服的时间或沟通截图（如有）

收到后我们会优先核查，如确认属于质量问题，将按售后规则为您办理退换货、维修或退款处理。对于您反馈“联系客服没人管”的情况，我们也会同步记录并反馈给相关人员改进服务。"
14,"非常抱歉给您带来这么差的收货体验，这种情况我们会按异常售后/投诉优先处理。

请您先不要继续使用商品，并保留外包装、快递面单和商品现状。麻烦您提供以下信息，方便我们马上核实并处理：

1. 订单号  
2. 商品外包装/封口被拆开的照片  
3. 商品污渍位置的清晰照片或视频  
4. 快递面单照片  
5. 您希望的处理方式：退货退款 / 换新 / 投诉追责

收到信息后，我们会为您登记投诉并提交仓库/物流核查。如确认商品存在拆封、污渍或二次销售问题，将为您优先办理退换或退款处理，并跟进责任部门整改。给您造成的不便，我们再次深表歉意。"
15,"非常抱歉给您带来这样的购物体验，我们非常重视“疑似假货”问题，会优先为您核查处理。

请您先不要丢弃商品、外包装、吊牌/防伪码等材料，并提供以下信息给我们：  
1. 订单号/下单手机号  
2. 商品实物照片、包装照片、防伪验证结果截图或鉴定证明  
3. 您认为与正品不符的具体位置说明

收到后我们会立即提交投诉工单并升级核查商品来源。若核实存在问题，我们会按平台规则为您办理退货退款/赔付等处理，并对相关商品和商家进行进一步处理。  
您也可以直接在订单页面发起“售后/投诉”，我们会同步跟进。"
16,"可以申请换货的。很抱歉给您带来不好的体验，建议您在订单售后有效期内提交“换货/售后”申请，并提供以下信息便于核实：

1. 商品划痕位置的清晰照片/视频  
2. 商品外包装、物流面单照片  
3. 订单号及问题说明  

我们核实为非人为原因后，会按售后规则为您安排换货。若您不方便换货，也可以说明情况，我们也会帮您看看是否有其他处理方案。"
17,"可以申请换货，但是否能通过要看商品情况和换货原因：

1. **如果是质量问题/错发漏发**：即使原包装盒丢了，一般也可以协助处理换货，建议您提交问题照片/视频便于核实。  
2. **如果是非质量原因换货**：原包装丢失可能会影响二次销售，商家需要审核；若商品、配件、吊牌、赠品等齐全且不影响使用，通常仍可尝试申请。

**包装费方面**：一般不会单独收取“包装费”。但请您退回时用其他纸箱/气泡袋做好保护，避免运输损坏。若因缺少原包装导致商品价值受影响，可能会以审核结果为准。

您可以在订单里提交换货申请，并备注“原包装盒已丢失”，同时上传商品现状照片，我们会尽快帮您确认是否支持换货。"
18,"您好，超过“7天无理由退换货”期限后，若是非商品质量问题，一般无法办理无理由退货。

如果商品存在质量问题、错发漏发、描述不符等情况，仍可申请售后处理。建议您准备以下信息后联系我们/提交售后申请：  
1. 订单号  
2. 商品问题照片或视频  
3. 外包装、配件是否齐全  
4. 收货时间及问题说明  

我们会根据商品实际情况和售后政策，为您核实是否可退货、换货或维修。"
19,"您好，可以的。  

1. **纸质版说明书**：部分商品包装内会随附纸质说明书；如未随箱提供，您可以联系客服提供**订单号/商品型号**，我们帮您确认是否可补寄或提供纸质版。  

2. **电子版说明书**：一般可在以下位置查看：  
   - 商品详情页的“说明书/资料下载”区域  
   - 订单页面或售后服务入口  
   - 品牌官网的“支持/下载中心”  
   - 也可以直接联系在线客服，我们可为您发送电子版链接或文件。  

您把商品名称或订单号发我，我帮您查询对应说明书。"
20,"您好，可以的，部分商品支持寄送到国外，但需根据收货国家/地区、商品类型和物流限制确认。

运费一般按以下因素计算：  
1. 收货国家/地区  
2. 商品重量/体积  
3. 选择的物流方式  
4. 是否产生关税或清关费用（通常由当地海关政策决定）

时效方面，一般国际物流约 **7–20个工作日**，具体会因国家地区、清关速度和物流渠道不同而变化。

您可以把要购买的商品、收货国家/城市发给我们，我们帮您确认是否可寄、预估运费和大概到达时间。"
21,"可以的，开公司抬头发票建议注意以下几点：

1. **公司抬头需填写完整准确**：请按营业执照上的公司全称填写。  
2. **税号必填**：公司发票一般需要填写统一社会信用代码/纳税人识别号。  
3. **发票类型**：如需增值税专用发票，可能还需提供开户行、账号、注册地址、电话等信息，具体以开票页面要求为准。  
4. **开票金额与内容**：通常按实际支付金额和订单商品内容开具，不支持随意更改品类或金额。  
5. **提交前请核对**：抬头、税号一旦开具错误，处理会相对麻烦。

如果**抬头写错了**，一般可以申请重新开具。请您通过订单详情的“申请发票/发票管理”入口，或联系在线客服，提供：  
- 订单号  
- 原错误发票信息  
- 正确公司抬头和税号  
- 如是纸质发票，可能需要先寄回原发票  

我们会协助作废或红冲原发票后重新开具，具体处理时效以财务审核为准。"
22,"可以申请售后。若商品瑕疵属于质量问题，且不是使用过程中人为造成的，即使已使用过，也可以提交售后申请。

一般处理方式如下：  
1. **在售后有效期内且确认质量问题**：可优先申请换货；若无库存或不适合换货，可能安排维修或退款。  
2. **已使用但不影响二次鉴定**：需提供瑕疵照片/视频、订单号，由售后核实后判断是否支持换货。  
3. **若为人为损坏或正常使用磨损**：通常不支持免费换货，可能只能维修，或需付费维修。

建议您先提交售后申请，并上传瑕疵清晰照片/视频，我们会根据商品情况和售后规则为您确认是换货还是维修。"
23,"可以的，具体要看订单状态：

- **未发货**：您可以直接申请取消订单，审核通过后一般会**全额原路退款**（含实际支付金额）。
- **已发货/已出库**：通常无法直接取消，您可以选择**拒收**或收到后申请退货退款；商品退回并验收无误后退款，运费是否退还以订单规则为准。
- **使用了优惠券/积分**：退款时会按平台规则退回或失效，具体以页面显示为准。

您可以在【我的订单】找到该订单，点击【取消订单/申请退款】操作。若页面无法操作，请把**订单号**发给我，我帮您进一步核实处理方式。"
24,"您好，部分商品会随箱附带售后保障卡/保修卡，具体以商品页面说明和实际包装为准。

如果卡丢了，一般也不影响正常售后服务。您可以凭以下任一信息申请售后：  
1. 平台订单记录/订单号  
2. 购买凭证或发票  
3. 商品序列号、包装信息等（如有）

只要商品在售后保障期内，并符合退换/维修条件，我们都会按规定为您处理。您可以直接在订单页申请售后，或把订单号发给客服协助查询。"
25,"您好，部分商品/品类支持以旧换新服务，具体以商品页面活动标识或下单页面显示为准。  

您可以这样查看：  
1. 进入对应商品详情页，查看是否有“以旧换新/旧机抵扣”等入口；  
2. 下单时若支持，会显示旧品估价、回收方式和抵扣金额；  
3. 如您不确定，可以把商品链接/型号发给我们，我们帮您确认是否支持以及具体流程。"
26,"您好，智能客服可以协助解答常见电商服务问题，例如：

1. **订单相关**：下单、修改/取消订单、订单状态查询  
2. **物流配送**：发货时间、物流进度、签收异常、地址问题  
3. **售后服务**：退货、换货、退款、维修/质保咨询  
4. **发票问题**：开票、补开发票、发票信息修改  
5. **支付与优惠**：支付异常、优惠券/活动规则咨询  
6. **投诉与反馈**：商品、服务、物流等问题反馈处理指引  

如果智能客服无法解决您的问题，您可以选择**转接人工客服**或**提交工单/留言**。建议您同时提供订单号、问题截图、联系方式等信息，人工客服会进一步核实并协助处理。"
33,"您好，一般情况下，店铺支持符合条件的商品办理 **7天无理由退货**，具体以商品页面/订单售后规则为准。

需满足以下条件：  
1. **签收后7天内**提交退货申请；  
2. 商品需保持**完好、未使用、不影响二次销售**；  
3. 外包装、吊牌/标签、配件、赠品、说明书、发票等需**齐全完整**；  
4. 非定制类、鲜活易腐、贴身/个人护理、已拆封影响安全卫生或其他法律/平台规定不支持无理由退货的商品。  

如非质量问题退货，通常退回运费由买家承担；若是质量问题或商家原因，我们会按规则处理运费。您可以在订单页面点击“申请售后/退货退款”提交，我们会尽快审核。"
34,"很抱歉给您带来不便。请您先提供以下信息，我们会尽快为您核实处理：

1. 订单号  
2. 少发的商品名称/数量  
3. 包裹外包装面单照片、箱内商品照片  
4. 如有开箱视频，也请一并提供

我们收到信息后会联系仓库核对出库记录及包裹重量。若确认少发，会为您安排补寄或按您的意愿处理退款。

补寄时间：一般核实通过后 1–2 个工作日内安排发出，具体到达时间以物流为准。  
运费：因少发产生的补寄运费由商家承担，您无需承担。"
35,"可以的，若商品在售后期内且不影响二次销售（未使用、吊牌/包装/配件齐全），一般可以申请换成其他款式。

您可以这样操作：  
1. 在订单页面点击【申请售后/换货】；  
2. 选择想更换的款式/规格；  
3. 如有差价，按页面提示补差或退差；  
4. 按售后地址寄回商品，审核通过后为您发出新款。

温馨提示：若是个人原因换款，往返运费通常需买家承担；若商品存在质量问题，运费由商家承担。您也可以把订单号和想换的款式发我，我帮您确认是否支持换货。"
36,"您好，商品的生产日期一般以实物包装上的标签/喷码为准，通常会标注在外包装、瓶底/盒底或封口处。

如果您已经下单或收到商品，可以把订单号、商品名称以及包装上批号/喷码照片发给我们，我们帮您核实具体生产日期；如果还未购买，也可以提供商品链接或规格，我们帮您咨询仓库当前批次信息。"
37,"您好，一般部分大件商品或指定品类支持上门安装，具体需以商品页面标注或下单时可选服务为准。

您可以这样确认：  
1. 查看商品详情页是否有“上门安装/安装服务”说明；  
2. 下单时查看是否可勾选安装服务；  
3. 若已下单，请提供订单号/商品名称，我们帮您查询是否支持安装及费用；  
4. 如支持，通常可在商品送达后预约安装时间。

如果您把商品链接或订单号发来，我可以帮您进一步确认。"
38,"您好，部分商品可能会提供试用装/小样，具体要看商品类目、库存及当前活动安排。

您可以这样确认：
1. 查看商品详情页是否标注“试用装/小样/体验装”；  
2. 下单前把想了解的商品链接或名称发给我们，我们帮您查询是否有试用装；  
3. 若暂无试用装，也可以看看是否有小规格/体验装可购买。"
39,"您好，可以申请售后。请您先提供以下信息，我们会帮您核实处理方案：

1. 订单号/购买账号  
2. 商品出现问题的照片或视频  
3. 问题描述及大概出现时间  
4. 商品外包装、配件是否齐全（如需寄回会用到）

如果商品仍在售后/质保期内，确认属于质量问题后，可按规则为您安排维修、换货或其他处理；若已超出质保期或属于人为损坏，我们也会协助确认是否可付费维修。建议您尽快提交资料，我们帮您跟进。"
40,"可以的亲，如果商品未使用、不影响二次销售，且吊牌/包装/配件齐全，在售后时效内一般可以申请换更大尺寸，具体以页面售后入口和库存为准。

**操作方式：**  
进入订单 → 申请售后 → 选择“换货/更换尺码” → 选择需要的大尺码并提交。

**尺寸差价处理：**  
- 如果新尺码价格相同：直接换货即可。  
- 如果新尺码更贵：需要补差价，客服可协助确认补差方式。  
- 如果新尺码更便宜：差价一般会原路退回或按平台规则处理。  
- 若系统不支持直接补差/退差，可能需要您先退货退款后重新下单对应尺码。

建议您把订单号和想更换的尺码发来，我帮您确认库存和差价处理方式。"
41,"非常抱歉给您带来不便。快递疑似丢失的话，建议您先把**订单号/收件手机号/快递单号**发给我们，我们会立即联系快递核实轨迹并发起异常件处理。

一般处理方式如下：

1. **先核实物流状态**：我们会催促快递网点查找包裹，并确认是否确认为丢失。  
2. **确认丢失后赔付/处理**：  
   - 如果商品仍有库存：可为您安排**补发**；  
   - 如果您不想等或无库存：可为您办理**退款**；  
   - 如涉及额外赔偿，会根据平台规则、商品金额及快递核实结果处理。  
3. **处理时效**：通常物流核查需要 **1–3个工作日**；确认丢失后，补发/退款一般会尽快安排，退款到账时间以支付渠道为准。

您不用自行和快递扯皮，我们会协助跟进。请把订单信息发我，我马上帮您登记处理。"
42,"您好，是否能退款需要看商品类型、使用情况以及退款原因：

1. **如果是商品质量问题**：即使已使用过，也可以申请售后处理。建议您在订单中提交退款/退货申请，并上传问题照片、视频等凭证，我们会尽快核实处理。  
2. **如果是非质量原因**：已使用过且影响二次销售的商品，一般不支持无理由退货退款。  
3. **特殊商品**（如贴身用品、食品、定制类、拆封后不宜退换的商品等）可能不支持退换，具体以页面规则为准。

您可以先在订单里发起售后申请，说明原因并上传凭证，平台/商家会根据实际情况审核。"
43,"您好，快递送达时您不在家，可以这样处理：

1. **联系快递员**：在物流信息里查看派件员电话，协商改时间派送、放到快递柜/驿站，或约定其他地点签收。  
2. **保持电话畅通**：快递员派送前通常会联系您，方便沟通处理方式。  
3. **查看物流状态**：如果显示“派送失败/无人签收”，一般会再次派送或暂存网点。  
4. **尽快处理**：若长时间未领取，包裹可能会被退回。如有退回风险，您也可以联系商家客服协助跟进。

建议您先查看物流详情并联系派件员，通常都可以安排妥善处理。"
44,"您好，优惠券不一定适用于所有商品，具体以优惠券的使用规则为准哦。

您可以查看优惠券详情，一般会标明：
- 适用商品/店铺/品类范围  
- 是否有满减门槛  
- 有效期  
- 是否可与其他优惠叠加  
- 不可用商品或特殊活动限制  

下单结算时，系统也会自动显示当前订单可用的优惠券；如果没有显示，通常说明该商品或订单条件暂不符合使用规则。

如果您方便提供优惠券名称/截图或想购买的商品链接，我可以帮您一起核对是否可用。"
45,"您好，是否支持“终身维修”需要根据具体商品品牌和售后政策确认。一般情况下：

- 在保修期内，符合保修范围的质量问题可按政策免费维修/换新；
- 超出保修期后，通常可提供有偿维修或协助联系品牌售后；
- 部分商品可能不支持终身维修，具体以商品页面说明或品牌售后政策为准。

您可以提供一下商品名称/型号或订单号，我们帮您查询对应的售后服务政策。"
46,"非常抱歉给您带来不好的体验。您这个情况涉及 **质量故障、维修超时/延迟、疑似翻新机冒充全新机**，建议按以下方式处理：

1. **先保留证据**  
   请保存好订单截图、商品页面“全新”宣传信息、故障视频/照片、寄修物流单号、维修单号、售后沟通记录，以及能证明疑似翻新机的证据（如序列号激活时间、历史维修记录、外观使用痕迹、厂家鉴定等）。

2. **提交退货退款/投诉申请**  
   在订单售后页面选择“退货退款”或“商品质量问题/描述不符/疑似翻新机”，上传上述证据，并备注：  
   “使用不到一个月故障，已寄修15天未解决，疑似翻新机冒充全新，要求退货退款并依法/按平台规则赔付。”

3. **要求出具检测/鉴定结果**  
   可要求商家或品牌售后提供书面检测报告、维修进度说明，以及该机器是否为全新机的核验结果。

4. **赔偿问题需核实后处理**  
   如果核实确实存在翻新机冒充全新、虚假宣传或质量问题未按约处理，平台/商家应按售后规则及相关法律规定处理，包括退货退款及相应赔付。

5. **建议您现在提供信息给客服加急**  
   请准备：订单号、维修单号、寄修物流单号、购买时间、故障描述、翻新机证据截图/照片。客服可据此帮您升级投诉，催促商家/品牌售后限时给出处理方案。

在问题未解决前，建议不要确认售后完成，也不要删除相关聊天和凭证。"
47,"您好，给您带来不便非常抱歉。您这种情况可同时处理 **质量问题换货、少发补寄、发票重开**，建议按以下流程操作：

1. **准备资料**
   - 订单号、收货人信息；
   - 20件质量问题商品的照片/视频（能体现问题点、商品外包装/条码更好）；
   - 15件少发的凭证：外箱照片、面单、装箱清单、实际收货数量照片等；
   - 正确的发票抬头、税号、开票信息及接收邮箱/地址。

2. **提交售后申请**
   - 在订单页面选择“申请售后/联系客服”；
   - 质量问题的20件选择“换货”，上传问题凭证；
   - 少发的15件选择“少件/漏发补寄”，上传收货数量及包装凭证；
   - 若系统无法同时提交，建议先联系在线客服备注“企业采购批量订单”，由客服协助合并处理。

3. **质量问题商品换货**
   - 审核通过后，我们会告知退回方式/取件方式；
   - 收到退回商品并核验后，会安排换货发出；如确认为质量问题，相关运费一般由商家承担。

4. **少发商品补寄**
   - 客服核实仓库出库记录和物流重量后，确认少发会尽快安排15件补寄，并提供补寄物流单号。

5. **发票重开**
   - 请提供正确抬头和税号；
   - 原发票如已开具，通常需先作废/冲红后重新开具；
   - 若为纸质发票，可能需要您寄回原票；电子发票则按流程作废/红冲后重开。

建议您先把以上资料整理好，通过订单售后入口提交，或直接联系在线客服说明“100件企业采购订单，20件质量问题、15件少发、发票抬头错误需重开”，客服会为您建立工单并跟进处理。"
48,"非常抱歉给您带来不好的购物体验。食品出现包装破损、受潮无法食用的情况，我们会优先按食品安全售后处理。

请您先按以下方式操作：

1. **立即停止食用**相关商品，并保留未食用部分、外包装、快递包装和商品标签。  
2. **拍照/录像留证**：包括破损包装、受潮情况、生产日期/保质期、批次号、快递面单等。  
3. 在订单页面提交**退货退款/仅退款申请**，售后原因选择“商品破损/变质/食品安全问题”，并上传凭证。  
4. 如商品确实存在破损受潮、影响食用的情况，我们会协助您办理**退款/退货退款**，退回运费由责任方承担；是否可直接仅退款，会根据商品状态和平台规则核实处理。  
5. 关于您提出的**赔偿诉求**，请一并在售后申请中备注，我们会根据实际情况、商品问题凭证及平台/商家相关规则协助核实处理。

关于健康保障：如果您食用后出现不适，建议您**尽快就医**，并保留就诊记录、诊断证明、检查单、费用票据等材料。您可以将相关凭证提交给客服，我们会协助反馈商家/平台进行食品安全问题核查及后续责任处理。

请您把**订单号、商品照片/视频、生产日期和破损受潮情况**发给我们，我们会尽快为您跟进。"
49,"可以申请售后，已签收也不代表不能处理。建议您尽快按以下步骤操作：

1. **保留证据**：不要丢弃外包装、快递面单、填充物及受损商品。  
2. **拍照/录像**：拍摄外包装破损处、快递面单、商品损坏细节、整体包装情况；如有开箱视频也一并保留。  
3. **提交售后申请**：进入订单页面选择“申请售后/退换货/退款”，问题类型可选“商品破损/物流损坏”，上传相关凭证。  
4. **说明情况**：备注“签收后发现包装破损及商品损坏，快递员拒绝承认运输问题”，平台/商家会根据证据协助核实。  
5. **联系在线客服**：如果系统无法提交或已超出入口时间，请联系平台客服人工介入处理。

一般情况下，只要在售后期限内且凭证充分，仍可申请退款、换货或维修等处理。"
50,"非常抱歉给您带来不好的安装体验。您这种情况建议按以下方式处理：

1. **先保留证据**  
   请拍照/录像保留：家电损坏位置、安装现场、安装人员信息、额外收费明细/收据、聊天或通话记录等。

2. **核实收费是否合理**  
   免费安装通常指“标准安装服务免费”，但如涉及加长管线、支架、特殊打孔等非标配件，可能会产生配件费。安装人员应提前告知价格并经您确认，且需提供正规收费凭证。  
   如未提前说明、收费不透明或无法提供凭证，您可以拒绝支付或申请退回不合理费用。

3. **立即联系平台/商家售后登记投诉**  
   提供订单号、安装时间、安装人员信息、收费情况和损坏证据，要求售后介入核查。

4. **针对损坏问题申请处理**  
   如确认是安装操作不规范导致，可要求安排上门检测，并根据结果进行**免费维修、换机、补偿或其他售后方案**。

5. **如影响使用安全，建议暂停使用**  
   尤其是空调、热水器、洗衣机等大家电，避免因安装问题造成进一步损坏或安全隐患。

您可以把订单号、收费金额、损坏照片和安装人员信息提交给商家/平台客服，我们会协助核实费用并跟进安装投诉及损坏赔付处理。"
51,"您好，遇到这种情况建议按以下步骤处理：

1. **先确认收费原因**  
   请维修方提供书面检测结果/维修单，说明配件损坏原因。若属于商品本身质量问题且仍在质保期内，一般应按质保政策免费维修；若被认定为人为损坏、进水、摔坏、私拆、耗材损耗等，可能会产生费用。

2. **暂不要先行支付不明确费用**  
   在未确认收费依据前，建议不要直接支付配件费。可要求售后明确：配件名称、费用明细、收费依据及是否在保修范围外。

3. **要求履行承诺并加急处理**  
   维修已超过承诺的7天，您可以要求售后给出明确完成时间，并申请加急；如因商家/维修方原因延误，可要求相应补偿方案或替换处理方案。

4. **联系平台/店铺售后介入**  
   提供订单号、质保凭证、寄修物流单号、维修单、收费通知、沟通记录等，申请平台客服介入，要求核实是否应免费维修及处理超时问题。

5. **仍无法解决可进一步投诉**  
   若商家无合理依据仍收费或拖延处理，可通过平台投诉入口、12315或消费者协会进行维权。

建议您先把维修方的收费说明和维修单发给商家/平台客服，明确要求：**质保期内质量问题免费维修、取消不合理配件费，并给出超时维修的解决方案和完成时限**。"
52,"您好，您可以按以下方式处理，尽量保障维修进度和运输风险可控：

1. **要求检修人员出具书面说明**  
   请对方在工单/检修单上写明：设备故障情况、无法现场修复原因、需拉回仓库维修、预计维修周期（或无法确定的原因）、联系人及工单编号。

2. **拉回前做好设备交接确认**  
   建议您和工作人员一起拍摄设备外观、配件、序列号、当前故障状态等照片/视频，并在交接单上注明设备现状、附件清单、是否有磕碰划痕，双方签字/线上确认。

3. **确认运输责任和防护措施**  
   请客服或检修人员明确：运输由谁负责、是否有专业包装/固定、防震防护措施，以及运输途中如发生损坏由谁承担责任。建议保留聊天记录或短信确认。

4. **要求提供维修进度和时限**  
   若维修时间不确定，您可以要求售后给出预计检测完成时间、维修方案确认时间，并约定定期反馈进度。

5. **如设备影响使用，可申请临时方案**  
   如果设备属于生产/经营/日常必需使用，您可以向售后申请备用机、加急维修、换新评估或其他补偿方案，具体以订单售后政策和故障检测结果为准。

建议您先不要让设备无单据拉走，务必确认工单、交接单和运输责任后再安排返仓。若工作人员无法提供明确说明，您可以联系平台/商家客服要求升级售后专员介入处理。"
53,"您好，可以的，建议您尽快提交售后申请，我们会根据商品试用规则和检测结果处理：

1. **试用期延长**  
   如商品在试用期间出现非人为故障，您可以申请延长试用期。是否可延长以及延长多久，需要以商家/平台审核结果为准。

2. **故障商品更换**  
   如果经核实属于商品质量问题，且非人为损坏，一般可以为您办理**换货、维修或退货退款**，具体以商品售后政策为准。

3. **建议您准备以下信息**  
   - 订单号  
   - 故障现象说明  
   - 故障照片/视频  
   - 商品外包装及配件是否齐全  
   - 说明您希望“更换商品并延长试用期”

您可以在订单页面点击【申请售后】提交，或把订单信息发给客服，我们会协助您尽快处理。"
54,"您好，遇到这种情况您可以申请售后处理。若下单页面未明确标注“临期商品”，且商品包装/外部也无临期提示，可能属于商品信息披露不充分或与描述不符，您可要求退货退款；赔偿部分需由平台/商家根据核实结果及相关规则判定。

建议您这样操作：

1. **先保留证据**  
   - 订单截图、商品页面截图（显示未标注临期）  
   - 商品生产日期/保质期照片  
   - 收货时间截图、外包装照片  
   - 商品未使用/未拆封状态照片（如有）

2. **提交售后申请**  
   选择原因：**商品与描述不符 / 临期未告知 / 质量问题**，备注说明“收到时仅剩15天过期，下单页及包装均未提示临期”。

3. **运费承担**  
   如核实为商家未提前告知临期，一般应由商家承担退货运费。

4. **关于赔偿**  
   您可以在售后中明确提出赔偿诉求；平台会结合商品类型、页面展示、保质期剩余情况、是否影响使用等进行核实处理。若商家拒绝，您也可以申请平台介入。

我们会优先协助您推动退货退款，并将赔偿诉求一并反馈给商家核实处理。"
55,"非常抱歉给您带来不好的购物体验。您可以申请换货处理，建议按以下步骤操作：

1. 进入订单页面，点击【申请售后/退换货】  
2. 选择【换货】  
3. 原因可选择【商品与描述不符】或【质量问题】  
4. 上传商品实拍图（对比颜色）、详情页截图，以及异味情况说明  
5. 提交后等待售后审核

请您先保留好商品、吊牌、包装及配件，避免影响换货。若核实确实存在颜色与描述不符或质量问题，换货产生的运费一般由商家承担。审核通过后，按系统提示寄回商品即可。"
57,"可以申请售后。建议您尽快操作，并保留好相关凭证：

1. **先不要丢弃商品、外包装、快递面单和填充物**。  
2. **拍照/录像取证**：包括商品损坏位置、外包装破损情况、快递面单、整体包装等。  
3. 进入订单页面点击 **“申请售后/退换货”**，选择“商品破损/运输损坏”等原因，上传凭证。  
4. 如系统需要，也可以联系在线客服协助登记，我们会根据凭证与物流情况核实处理。

即使没有当场验货，只要在售后时效内并能提供有效凭证，通常仍可申请处理。建议越早提交越好。"
58,"您好，给您带来不好的体验非常抱歉。若商品实际功能与详情页描述不一致（如标称支持无线充电但实际不支持、续航明显不符），经核实属于商家/商品描述问题的，一般可以为您办理退货退款；由此产生的退回运费通常由责任方承担。

关于您提出的赔偿诉求，我们会同步提交平台/商家核实处理，是否赔偿及赔偿标准需根据商品页面描述、检测结果、平台规则及相关规定判断，无法在未核实前直接承诺。

建议您先这样操作：  
1. 在订单页面申请【退货退款】，原因选择“商品与描述不符/功能不符”；  
2. 上传证据：详情页标注支持无线充电/续航的截图、商品实际不支持无线充电的视频或照片、续航测试情况说明；  
3. 保留商品、包装、配件、赠品齐全，避免影响退货处理；  
4. 如商家拒绝或处理不一致，您可以申请平台介入，我们会协助核实。

您也可以把订单号和相关凭证发来，我帮您进一步查看处理进度。"
64,"""使用吹风机时，人员需配备/佩戴：合格的听力防护装备、合格的眼部防护装备；多尘环境中需佩戴面罩；穿防滑鞋底的工作靴或工作鞋；并配备急救箱。<PIC>"", [""Manual04_3""]"
65,"""操作吹风机时应注意：佩戴合格听力、眼部防护装备，多尘环境戴面罩，穿防滑工作靴/鞋，并备急救箱；操作前阅读并理解说明书，勿穿宽松衣物、围巾或项链，长发需束起；饮酒、服药后或疲劳时不得操作，未成年人禁止操作；作业区10米内不得有无关人员和动物，严禁喷口对准人或动物；防护装置缺失、检修盖未关闭/损坏/无法闭合时不得操作；安装或拆卸配件前、加油前必须关闭发动机；不得在通风不良空间、室内或易燃材料附近启动/操作，注意消音器和排气口高温及火灾风险，避免身体接触；不得站在梯子或支架上操作；按要求用肩带固定设备；吹扫时避免对墙壁、车辆等固定物体吹扫，角落作业从角落向中心吹，勿对准娇嫩植物，并留意儿童、宠物、敞开窗户和刚清洗车辆。"", []"
66,"""化油器有 H（高速油针）、L（低速油针）、T（怠速调节螺钉）三处调节。<PIC> 顺时针旋入 H/L 会使混合气变稀、转速升高；逆时针旋出会使混合气变浓、转速降低。T 顺时针旋入怠速升高，逆时针旋出怠速降低。调节步骤：先确认吹风管和喷口已装好，将 H、L 逆时针旋至限位终点；启动后以怠速和半油门交替运转 1–2 分钟预热；调 T 使发动机稳定怠速且不过高；微调 L 至最大怠速后再逆时针旋出最多 1/4 圈；调 H 时全油门，调至最大转速后再逆时针旋 1/8 圈（受限位限制则小于 1/8 圈）。注意不要拆除 H、L 油针限位装置；调 H 时全油门最长 10 秒，之后至少怠速 10 秒。"", [""Manual04_42""]"
67,"""冷机启动步骤：将停机开关调至启动位置；将阻风门控制器调至阻风门位置（A）；反复按压泵油膜片直至燃油充满膜片（无需完全充满）。<PIC>左手将机身按压在地面，右手缓慢拉启动绳至有阻力后快速用力拉动；发动机点火后立即按下阻风门控制器并重复操作至启动。启动后迅速全开油门，启动油门会自动解除。注意：切勿用脚踩压机身，切勿完全拉出启动绳或在完全拉出时松手。<PIC>"", [""Manual04_25"", ""Manual04_28""]"
68,"""热机启动：将停机开关调至启动位置；将阻风门控制器先调至阻风门位置，再转回原位（B），只启用启动油门、不使用阻风门；反复按压泵油膜片至燃油充满膜片（无需完全充满）。<PIC> 左手将机身按压在地面，右手缓慢拉启动绳至有阻力后快速用力拉动；发动机启动后迅速全开油门，启动油门自动解除。<PIC>"", [""Manual04_27"", ""Manual04_28""]"
69,"""将停止开关拨到 STOP 位置，即可关闭发动机。"", []"
70,"""空调主要包括室内机和室外机。室内机部件包括：进风口、前格栅、空气滤网、3M 多重防护滤网（可选）、等离子滤网、导风板、出风口、开/关键、信号接收器、操作指示灯。<PIC> 室外机部件包括：进风口、出风口、底板、制冷剂管、排水管、连接线。<PIC>"", [""Manual01_0"", ""Manual01_1""]"
71,"""查看无线遥控器示意图：按键位于遥控器的控制面板区域，附加功能的按键位于遥控器盖板下方。<PIC>"", [""air_conditioner_01""]"
72,"""使用前请安装 7 号电池：1. 取下电池盖。<PIC> 2. 装入新电池，确保正、负极安装正确。<PIC> 3. 重新装上电池盖。注意不要混用不同型号电池或新旧电池；若遥控器显示屏变暗，请更换电池。"", [""Manual01_2"", ""Manual01_3""]"
73,"""将遥控器支架安装在无阳光直射的位置：1. 选择安全且便于取用的位置。2. 用螺丝刀将两颗螺丝拧紧，固定支架。<PIC> 3. 将遥控器滑入支架中。<PIC>"", [""Manual01_4"", ""Manual01_5""]"
74,"""可使用“极速制冷/制热模式”：先按开/关键开启电源，再按“极速键”。<PIC> 极速制冷时，空调以18℃强风出风30分钟；极速制热时，以30℃强风出风30分钟。注意：循环、自动或自动转换模式下无法使用，部分机型不支持。"", [""Manual01_16""]"
75,"""制冷和除湿运行时，可使用自清洁功能去除室内机内部水汽。按下“自清洁”键，显示屏会显示自清洁标识 <PIC>。若关闭电源，风扇将继续运行 30 分钟，对室内机内部进行清洁。自清洁运行时，部分按键无法使用。"", [""Manual01_17""]"
76,"""使用等离子净化功能：按下开/关键开启电源，然后按下等离子键，显示屏会显示等离子标识。<PIC>\n注：无需开启空调，直接按下等离子键也可使用；运行时等离子灯和制冷灯会同时亮起；部分机型不支持此功能。"", [""Manual01_18""]"
77,"""单冷型空调开启自动运行模式：1. 按下开/关键开启电源；2. 反复按下模式键，选择自动运行模式；3. 若当前温度高于或低于所需温度，按上升/下降键选择所需运行代码。此模式下风扇转速和温度会根据室内温度自动调节。<PIC>"", [""Manual01_19""]"
78,"""自动转换运行会自动切换运行模式，将设定温度的波动控制在 2℃ 以内。使用方法：1. 按下开/关键开启电源；2. 反复按下模式键，选择自动转换运行模式，显示屏会显示对应标识 <PIC>；3. 按上升/下降键设置所需温度，范围为 18℃（64℉）-30℃（86℉）；4. 反复按下风速键选择风扇转速。注：部分机型不支持此功能。"", [""Manual01_20""]"
79,"""开启节能制冷模式：1. 按下开/关键开启电源；2. 反复按下模式键，选择制冷模式；3. 按下节能键，显示屏上会显示节能标识。<PIC> 注：部分机型不支持此功能。"", [""Manual01_21""]"
80,"""遥控器无法使用时，可通过室内机开/关键操作空调：1. 打开前盖板，轻轻掀起盖板两侧。<PIC> 2. 按下开/关键。<PIC> 此时风扇转速默认设为高速。冷暖型机型会根据室内温度自动切换运行模式 <PIC>；单冷型机型温度默认设为 22℃（71.6℉）。"", [""Manual01_22"", ""Manual01_23"", ""Manual01_24""]"
81,"""空调自动重启为工厂默认设置：停电后再次开启空调时，会恢复之前的运行设置。如已关闭，可重新开启：打开前盖板 <PIC>，按住开/关键 6 秒钟，设备发出两声蜂鸣且蓝色指示灯闪烁 4 次，即表示已开启自动重启功能。<PIC>"", [""Manual01_25"", ""Manual01_26""]"
82,"""手册未按具体型号分别列出清洁频率，仅说明部分配件可能因机型不同未配备。清洁频率为：空气滤网每 2 周；3M 多重防护滤网每 1 个月；等离子滤网每 3 个月；室内机表面定期清洁；室外机定期清洁。<PIC>"", [""Manual01_28""]"
83,"""建议每两周清洁一次，必要时增加频率。步骤：1. 关闭电源并拔下电源线。2. 打开前盖板，轻轻掀起盖板两侧。<PIC> 3. 握住空气滤网把手，轻轻向上提起并取出。<PIC> 4. 用吸尘器清理滤网，或用温水冲洗；污垢较难清理时，可在温水中加入洗涤剂清洗。注意不要使用 40℃以上热水。5. 将滤网置于阴凉处晾干，清洁后务必牢固安装。"", [""Manual01_29"", ""Manual01_30""]"
84,"""清洁 3M 多重防护滤网：1. 关闭电源并拔下电源线。2. 打开前盖板，取出空气滤网。3. 抽出 3M 多重防护滤网。<PIC> 4. 用吸尘器清理滤网污垢。切勿用水清洗，以免损坏滤网。"", [""Manual01_31""]"
85,"""关闭电源并拔下电源线；打开前盖板，取出空气滤网；在 10 秒内取下等离子滤网 <PIC>；用吸尘器清理污垢，污垢较难清理时可用温水冲洗；最后置于阴凉处晾干。注意不要使用 40℃ 以上热水；部分机型可能未配备等离子滤网。"", [""Manual01_32""]"
86,"""蒸汽清洁机组装无需专用工具：1. 从主机身背部取下主机身固定扣（部件15），将主机身底部滑入旋转拖头（部件18）颈部。<PIC> 2. 对齐旋转拖头颈部背部孔位与主机身孔位，将固定扣插入主机身背部孔位锁紧。<PIC> 3. 将手柄杆（部件4）插入主机身（部件7），直至听到“咔嗒”声到位。<PIC>"", [""Manual05_3"", ""Manual05_4"", ""Manual05_5""]"
87,"""实用功能：水箱可加自来水，也可用蒸馏水或去离子水；水过滤器可过滤矿物质和杂质、减少水垢；就绪指示灯亮起表示可使用；按下开关即可出蒸汽；旋转拖头可清洁狭小空间及橱柜下方；拖布可吸附蒸汽松动的污垢，并可重复使用、机洗。\n快速上手：先安装拖布 <PIC>；再用配套量杯加水，或按下水箱解锁扣取下水箱到水槽加水 <PIC>。注意不要加入任何化学药剂，水箱无水时切勿使用。清洁硬质地面前先扫地或吸尘，待就绪指示灯亮后，缓慢移动并按下开关出蒸汽；如需消毒，同一区域停留至少15秒但不超过20秒。"", [""Manual05_6"", ""Manual05_7""]"
88,"""清洁硬质地面前，先确认地面适用：可用于瓷砖、Vinyl 地板、复合地板、大理石、石材及封边木地板；不可用于未封边木地板，打蜡地板可能降低光泽度。首次使用请先在不显眼处测试。\n\n使用步骤：\n1. 先扫地或吸尘。\n2. 安装拖布：按下拖布释放扣，拉开挡板，装入拖布。<PIC>\n3. 加水：可用配套量杯加水，或按下水箱解锁扣取下水箱加水；不要添加任何化学药剂。<PIC>\n4. 就绪指示灯亮起后，缓慢移动清洁机，同时按下开关出蒸汽。\n5. 如需消毒，将蒸汽拖把置于该区域至少 15 秒，但不超过 20 秒。\n6. 不出蒸汽时，拔掉电源，取下水箱加水后继续清洁。首次使用可能需数秒才出蒸汽。"", [""Manual05_6"", ""Manual05_7""]"
89,"""组装涉及的部件包括：椅背、座椅、底座（C1、C2）、扶手×2、气杆、底盘、脚踏、连接件、脚轮×5、头枕、腰枕、扳手，以及螺丝/垫圈/橡胶圈/盖帽等配件。<PIC>"", [""Manual02_0""]"
90,"""大多数情况下，扶手和椅背的螺丝会在使用一段时间后松动，重新拧紧螺丝即可解决。"", []"
91,"""这款椅子的主要功能包括：高度调节、椅背后仰并可锁定、腰枕 USB 按摩功能；另外配有脚踏、头枕和腰枕。"", []"
92,"""洗碗机部件包括：台式（视型号而定）、上层喷淋臂、下层碗篮、下层喷淋臂、过滤器、控制面板、机门、洗涤剂盒、下层喷淋臂槽、餐具篮、专用盐箱盖、上层篮导轨、带支架的上层碗篮、风扇烘干系统（视型号而定）。<PIC>"", [""Dish_washer_08""]"
93,"""排水管可直接连接到排水孔或水槽排水口；连接点距地面高度应为最小 50 厘米、最大 100 厘米。将排水管平直连接，不得弯折，并牢固固定以防工作时脱落。排水管长度超过 4 米会导致洗涤不干净，且必须连接到污水系统，不得连接到地表水。<PIC>"", [""Manual06_2""]"
94,"""使用前请只使用洗碗机专用软化盐，建议颗粒或粉末状，勿用食盐等。步骤：1. 取出下层碗篮。2. 逆时针旋开盐箱盖。3. 首次使用前，向软水系统注入 1 升水。4. 用盐斗向盐箱加盐，必要时用勺子搅拌加速溶解；盐箱约可装 2 公斤。5. 加满后盖上并拧紧盖子。若加盐后不立即洗涤，请空载运行最短程序以溶解并冲散散落的盐。"", []"
95,"""请在即将运行机器前添加洗涤剂：1. 向右推动卡扣打开洗涤剂盒盖。2. 加入建议量的洗碗机专用粉末或块状洗涤剂；可按盒内 15cm3 或 25cm3 刻度添加，装满为 40cm3。若餐具残渣已干涸，可同时加满 5cm3 小格。3. 轻轻按下盒盖，听到“咔嗒”声表示关紧。请勿加入溶剂。"", []"
96,"""在即将运行机器前添加洗涤块：1. 向右推动卡扣，打开洗涤剂盒盖。<PIC> 2. 将建议量的块状洗涤剂放入洗涤剂盒。<PIC> 3. 轻轻按下盒盖，听到“咔嗒”声表示已关紧。使用洗涤块时，请遵守洗涤剂生产商包装说明。"", [""Dish_washer_03"", ""Manual06_4""]"
97,"""亮碟剂可提高烘干效率并防止水渍/水垢，请仅使用洗碗机专用亮碟剂。先查看亮碟剂指示灯：常亮表示充足，熄灭则需添加。添加时按下卡扣打开亮碟剂盒盖（B），加注至 MAX 刻度线，再轻轻按下关闭盒盖，并擦净溢出的亮碟剂，以免产生泡沫、降低洗涤效果。<PIC> 使用时将亮碟剂剂量调节旋钮手动调至 1-6 之间；餐具洗后有污渍则调高剂量，手擦后有蓝色痕迹则调低剂量，出厂默认设置为 4。<PIC>"", [""Manual06_6"", ""Manual06_7""]"
98,"""不适合在洗碗机中清洗的物品包括：沾有烟灰、蜡烛残渣、抛光剂、染料、化学品等的餐具；铁制器具；带木质或骨质手柄、黏合部件、不耐热部件的银质餐具和刀具；铜和镀锡容器；带装饰的玻璃和光泽瓷器。瓷器装饰花纹、铝制和银质器具可能褪色或失去光泽，精致玻璃和水晶也可能逐渐失去光泽。"", []"
99,"""餐具篮为视型号而定的配件，用于更干净地清洗叉、勺等餐具。若您的型号配备餐具篮，可按图将上方格架放到餐具篮上。<PIC>"", [""Manual06_12""]"
100,"""手册未提供单独安装步骤；仅说明下层碗篮上的两根可折叠架丝可单独或同时折叠，按下卡扣（A）即可放下，以腾出更大空间。<PIC>"", [""Manual06_12""]"
101,"""手册说明的是满载上层篮高度调节：无需取出碗篮即可调节。升高：抓住上层篮一侧架丝向上提起，另一侧重复，并确保两侧处于同一水平。<PIC> 降低：按下碗篮调节机构上的卡扣降低碗篮，另一侧重复，并确保两侧处于同一水平。<PIC>"", [""Manual06_13"", ""Manual06_14""]"
102,"""定期检查进水管滤网和水管，必要时清洁：1. 关闭水龙头并拆下水管；2. 取出滤网后在自来水下清洁；3. 将清洁后的滤网装回水管原位；4. 将水管装回水龙头。<PIC>"", [""Manual06_22""]"
103,"""为保证高效运行，至少每周清洁一次喷淋臂。检查上层喷淋臂（2）的孔是否堵塞；若堵塞，向左旋转螺母拆下上层喷淋臂并清洁。安装时确保螺母拧紧。<PIC>"", [""Manual06_23""]"
104,"""拆除前请务必拔下设备插头。步骤：1. 双手握住设备上盖并向上拉起。<PIC> 2. 握住背部滤网盖把手并向前拉出。<PIC> 3. 拆除滤网上的塑料包装。<PIC> 4. 将滤网上下推入设备，确保贴合紧密。<PIC> 5. 装回滤网盖：先插入底部固定卡槽，再向前滑动卡入顶部卡槽。<PIC> 6. 将设备上盖滑回原位，确保标识朝前。<PIC> 安装完成后，长按控制面板上的“睡眠 + 自动”键 5 秒以上进行初始化。"", [""Manual03_0"", ""Manual03_1"", ""Manual03_2"", ""Manual03_3"", ""Manual03_4"", ""Manual03_5""]"
105,"""脚轮安装方法：1. 包装盒内有一小盒，内含 4 个脚轮和 8 颗螺丝。2. 用螺丝刀拆下空气净化器底部四个底座。3. 每个脚轮用两颗螺丝替换原底座。4. 保留拆下的底座和螺丝以备后续使用。注意：若滤盒内无脚轮盒，请联系客服。"", []"
106,"""手册列出的运行模式/功能包括：\n1. 常规运行：按开机键开机，按上下键选择风速；风速可在1档（F1）至18档（F18）之间调节。\n2. 自动运行：开机后按自动键选择；每按一次可在自动运行和常规运行间切换。特点是根据室内空气质量自动调节风速，智能自动运行期间不能手动调节风速。\n3. 涡轮风扇运行：在常规运行模式下，同时长按控制面板上下键3秒开启。特点是可更快净化室内空气；按下控制面板下键后风速调至18档，涡轮运行停止。\n4. 睡眠运行：开机后按睡眠键选择，按上下键可调风速F1-F18；再次按睡眠键恢复之前模式，关机后取消。特点是显示屏熄灭以免干扰睡眠，仅保留月亮图标，默认风速为1档。\n5. 自动关机功能：开机时长按睡眠键3秒以上，初始显示1小时；用上下键选择1至12小时，再长按睡眠键3秒以上确认。特点是到设定时间后自动关机，断电后预设时间会取消。"", []"
107,"""室内空气质量（IAQ）指示灯是环绕显示屏外缘的灯光，用于实时显示室内空气质量。设备会根据传感器检测到的细颗粒物浓度，用蓝、绿、黄、红四种颜色表示空气状态：蓝色好、绿色正常、黄色差、红色非常差。<PIC>"", [""Manual03_20""]"
108,"""清洁前务必拔下电源插头，勿通电清洁。建议每月清洁 1-2 次，灰尘较多地区可增加频率。外部：用温水或温和清洁剂浸湿的布擦拭外壳，再用软布擦干。内部：打开背部滤网盖并取出滤网，用吸尘器和湿毛巾清洁滤网仓内部。预过滤网每月清洁 1-2 次，更换滤网期间可用吸尘器或软刷清洁；滤网过脏请直接更换，切勿用水清洗滤网。"", []"
109,"""清洁前务必拔下电源插头。打开背部滤网盖并取出滤网，用吸尘器和湿毛巾清洁滤网仓内部。每月清洁设备及预过滤网 1-2 次，预过滤网可用吸尘器或软刷清洁；灰尘较多地区可增加频率。滤网过脏请直接更换，切勿用水清洗滤网。"", []"
110,"""当滤网更换指示灯亮红色时需更换，建议每 6–12 个月更换一次。步骤：1. 拔下电源，双手握住上盖向上拉起。<PIC> 2. 握住背部滤网盖把手并向前拉出。<PIC> 3. 取出旧滤网，将新滤网上下推入设备，确保贴合紧密。<PIC> 4. 装回滤网盖：先插入底部固定卡槽，再向前滑动卡入顶部卡槽。<PIC> 5. 将上盖滑回原位，确保标识朝前。<PIC> 6. 更换后长按控制面板上的“睡眠 + 自动”键 5 秒以上重置指示灯，红色滤网指示灯会熄灭。<PIC>"", [""Manual03_0"", ""Manual03_1"", ""Manual03_3"", ""Manual03_4"", ""Manual03_5"", ""Manual03_21""]"
111,"""清洁前请务必拔下电源插头。1 双手握住设备上盖并向上拉起。<PIC> 2 握住背部滤网盖把手并向前拉出。<PIC> 3 拆下设备右侧灰尘传感器盖。<PIC> 4 用蘸少量水的棉签擦拭灰尘传感器镜头和进风口，再用干净干棉签彻底擦干。<PIC> 5 装回灰尘传感器盖和滤网盖，将设备上盖标识朝前装回。请勿使用丙酮、酒精等强腐蚀性化学试剂擦拭传感器部件。"", [""Manual03_22"", ""Manual03_23"", ""Manual03_24"", ""Manual03_25""]"
112,"""长期存放前：晴天运行设备 1 小时，然后拔下电源插头，晾干设备内部；之后遮盖设备，并存放在干燥、无阳光直射的地方。"", []"
113,"""可查看手册“技术规格”部分及机身产品规格标签位置 <PIC>。该单车技术规格：最大使用者重量 136 千克（300 磅）；设备总占地面积 5670 平方厘米；机器重量 26.5 千克（58.4 磅）；尺寸约 105cm × 54cm × 141cm <PIC>；电源要求为 220V–240V 交流电、50Hz、0.4A；交流电源适配器符合 CE 认证，本产品符合固定式健身器材 EN ISO 20957 国际标准，S 级。"", [""Manual14_0"", ""Manual14_1""]"
114,"""启动/使用前请：阅读并理解完整手册和警告；确认单车已完全装配、所有配件紧固且部件装配正确；连接交流电源适配器；将单车放在坚固水平地面并调至水平稳固；每次使用前检查是否有零件松动或磨损，异常时请勿使用；穿橡胶底运动鞋和适合运动的衣物；调好并锁紧座椅，固定脚踏绑带。"", []"
115,"""这款健身单车的控制台可在运动时提供重要运动信息，并可控制阻力等级；配有带触控按键的显示屏，用于浏览运动程序。显示区包括程序曲线、强度、心率区间、目标完成情况、用户档案和成就提示。下部显示可显示速度、时间、距离、阻力等级、转速、心率和卡路里等数据。<PIC><PIC>"", [""Manual14_21"", ""exercise_bikes_02""]"
116,"""运动前主要调整座椅高度：脚掌中心对准脚踏板中心、踏板在前位时膝盖应微弯；腿太直或脚够不到就调低，膝盖弯曲过度就调高。调节时先下车，确认锁销完全卡入并拧紧，不要超过 STOP 限位标记。<PIC> 同时将脚踏绑带固定在鞋面上，确保脚尖和膝盖朝前。<PIC>"", [""Manual14_24"", ""Manual14_25""]"
117,"""轻松骑行类别包含 3 个预设运动程序：起伏山丘 <PIC>、公园骑行 <PIC>、轻松之旅 <PIC>。"", [""Manual14_27"", ""Manual14_28"", ""Manual14_29""]"
118,"""手册片段仅说明预设程序分为轻松骑行、山地、挑战三类，但未提供“山地”类别下的具体预设运动程序名称。"", []"
119,"""手册片段仅说明预设程序分为“轻松骑行、山地、挑战”类别，但未列出“挑战”类别下的具体预设运动程序。"", []"
120,"""编辑用户档案步骤：1. 在开机模式界面，按增加（?）或减少（▼）按钮选择用户档案。2. 按确认按钮选择。3. 出现编辑提示和当前档案名称时，按确认开始编辑；如需退出，按暂停/结束。4. 编辑姓名：用增加/减少浏览字母和空格，用左/右切换字符段，按确认接受；姓名最多 10 个字符。5. 依次编辑年龄、体重、身高、性别：用增加/减少调节，每项完成后按确认。6. 设置扫描提示：选择运动数据显示方式“开启”或“关闭”，按确认。7. 编辑下部显示：用增加/减少隐藏或显示当前运动数据，用左/右切换项目，完成后按确认。8. 控制台返回已选择用户的开机模式界面。"", []"
121,"""可以参考手册的年龄目标心率区间图来设置。手册说明：燃脂目标通常为最大心率的 50–70%，并建议将心率维持在目标区间 20 分钟以上；HRC 程序可选择 50–60%、60–70%、70–80%、80–90% 最大心率区间，选择 80–90% 前请咨询医生。图中为基于年龄的通用建议，个人最佳目标心率可能更高或更低，请咨询医生确认。<PIC>"", [""Manual14_23""]"
122,"""体能测试程序用于评估体能水平提升：它将功率输出（瓦特）与心率对比，体能提升后，同样心率下功率输出会增加。测试需控制台能读取心率；开始时选择初级或高级，并根据用户档案的年龄、体重计算得分。测试中强度会逐渐增加，达到个人最大心率 75% 的测试区间后保持 3 分钟，再测量心率和功率输出，计算“体能得分”。该得分仅用于与自己的历史得分对比。"", []"
123,"""充电步骤：1. 插入电池组前，先将充电器插入合适的插座。2. 将电池组（K）插入充电器，确保完全就位；红色充电指示灯持续闪烁表示开始充电。<PIC> 3. 红色指示灯常亮表示充电完成，电池组已充满，可使用或留在充电器中。"", [""Manual11_2""]"
124,"""DCB101 指示灯标识包括：电池组充电中 <PIC>、电池组已充满 <PIC>、过热/过冷延迟 <PIC>、电池组或充电器故障 <PIC>、电源故障 <PIC>。"", [""drill0_08"", ""drill0_09"", ""drill0_10"", ""drill0_11"", ""drill0_12""]"
126,"""安装钻头或其他附件到单套无键夹头：1. 关闭工具并断开电源。<PIC> 2. 一手握住夹头黑色套筒，另一手固定工具，逆时针旋转套筒，直到开口足够放入附件。<PIC> 3. 将附件插入夹头约 3/4 英寸（19 毫米），一手顺时针旋转夹头套筒紧固，另一手握住工具，确保附件紧固。<PIC> 注意：不要通过握住夹头前部并启动工具来拧紧附件。"", [""drill0_01"", ""drill0_02"", ""drill0_03""]"
127,"""安装前确保电池组已充满电。安装：将电池组（K）对准工具手柄内的导轨，滑入手柄，直到牢固就位且不会松脱。拆卸：按下电池释放按钮（J），将电池组从工具手柄中平稳拔出。<PIC>"", [""Manual11_8""]"
128,"""使用腰带挂钩和批头夹时注意：调整或拆装前，先关闭工具并取下电池组；不要将工具悬挂在高处，也不要在腰带挂钩上悬挂物体，仅可挂在工作腰带上；确保固定螺钉拧紧；安装或更换时仅使用随附螺钉（H），并务必拧紧。<PIC>"", [""Manual11_7""]"
129,"""手册片段提到可配备/使用的附件包括：钻头或其他附件；腰带挂钩（G）和批头夹（I，批头夹另售），可用随附螺钉（H）安装在工具任意一侧。进行砌体或冲击钻孔时，应使用额定冲击钻孔的硬质合金或砌体钻头。<PIC>"", [""drill0_14""]"
130,"""手册片段未说明“三年有限保修”的具体覆盖内容；仅说明除保修外还享有：购买后第一年内免费维护工具并更换正常使用造成的磨损部件；指定电池组享2年免费服务；其他电池组享3年免费服务。电池组若被擅自改装，产品保修失效。"", []"
131,"""包装盒内应包含：配有小号表带的手表 <PIC>、充电线 <PIC>、额外大号表带 <PIC>。"", [""fitness_trackers_01"", ""fitness_trackers_02"", ""fitness_trackers_03""]"
132,"""为健身追踪器充电：1. 将充电线插入电脑USB端口、UL认证的USB墙充充电器或其他低功耗充电设备。2. 将充电线另一端靠近手表背面的充电接口，直至磁吸吸附，并确保充电线金属触点与手表背面接口对齐。<PIC> 充电时可轻点屏幕两次或按下按钮点亮屏幕；完全充满约需1-2小时，充电12分钟可续航24小时。"", [""Manual16_1""]"
133,"""不运动时，将健身追踪器佩戴在腕骨上方一指宽的位置。<PIC> 运动时，可将表带向上移动，以获得更贴合的佩戴效果；手表应戴在手腕正面，并确保设备背面与皮肤接触。<PIC>"", [""Manual16_4"", ""Manual16_5""]"
134,"""将底部表带穿入顶部表带的第一个环扣 <PIC>；收紧到舒适贴合后，将表扣钉按入表带孔中 <PIC>；再把松散端穿入第二个环扣，使其平整贴在手腕上 <PIC>。如果太紧，请松开；佩戴时应留有空隙，可在手腕上轻微移动。若小号表带用到最后两个孔，建议更换大号表带。"", [""Manual16_6"", ""Manual16_7"", ""Manual16_8""]"
135,"""拆卸表带：1. 将健身追踪器翻面，找到表带卡扣。<PIC> 2. 松开卡扣，将扁平按钮向表带方向滑动。3. 轻轻将表带从手表上拔下。<PIC> 4. 另一侧重复操作。"", [""Manual16_9"", ""Manual16_10""]"
136,"""操作健身追踪器界面可按以下方式：主屏幕为时钟界面；轻点屏幕、左右上下滑动或按下按钮进行操作。向下滑动查看快捷设置，向上滑动查看通知，左右滑动查看功能卡片。<PIC> 按下按钮可打开应用菜单或返回时钟界面；在时钟界面按下按钮可打开已安装应用列表。<PIC> 长按时钟界面可切换已保存的表盘。"", [""Manual16_12"", ""Manual16_13""]"
137,"""健身追踪器可显示手机的来电、短信、日历和应用通知；收到通知时手表会震动，可即时查看或稍后查看。<PIC> 它最多可存储30条通知，可展开、清除单条或全部清除；也可关闭特定通知或关闭所有通知。<PIC> 与手机配对后，还可在手表上接听或拒接来电。<PIC>"", [""Manual16_28"", ""Manual16_29"", ""Manual16_30""]"
138,"""健身追踪器会在你每晚睡觉时记录皮肤温度，并显示其与个人基准的差异，帮助你识别身体变化和趋势。你需要佩戴健身追踪器睡觉 3 晚，才能看到个人皮肤温度基准。查看方法：打开手机上的健身追踪器应用，在“今日”页面点击“温度”卡片。"", []"
139,"""在健身追踪器上打开运动应用，选择运动类型并点击播放开始追踪；运动中可查看心率、消耗卡路里、耗时等实时数据。运动结束后，手表会显示运动摘要；在健身追踪器应用的运动卡片中可查看完整运动数据，若使用 GPS 还可查看运动强度地图。设备也可自动识别并记录许多持续至少 15 分钟的高强度活动；开启步行、跑步或骑行检测后，识别到相应运动时会自动打开运动应用。"", []"
140,"""手册片段未说明健身追踪器测量心率的具体原理。手册仅说明：它会使用心率储备（最大心率与静息心率之差）来个性化设置你的心率区间，并可在运动时查看心率和心率区间。"", []"
141,"""先确保已在健身追踪器应用中添加至少1张合作银行的信用卡或借记卡，并佩戴健身追踪器。在支持非接触式支付标志的商店 <PIC>：1. 打开健身追踪器上的钱包或支付应用（可双击按钮快速访问）。2. 如提示，输入4位手表PIN码，屏幕会显示默认卡 <PIC>。3. 使用默认卡时，将手腕靠近支付终端；使用其他卡时，滑动选择卡片后再将手腕靠近终端。支付成功时，健身追踪器会震动并显示确认信息。"", [""Manual16_46"", ""Manual16_47""]"
142,"""可能遇到的问题及处理：1. 心率信号丢失：屏幕显示虚线 <PIC>。请确认佩戴正确，可上下移动手表或收紧/放松表带，确保与皮肤接触；手臂静止伸直片刻后通常可恢复。2. GPS信号丢失/搜索：高楼、茂密森林、陡峭山坡和厚云层可能干扰GPS；开始运动前等待找到信号。搜索时顶部显示旋转GPS图标 <PIC>；运动中丢失时图标变红，手表会尝试重新连接 <PIC>。3. 无法同步、无法响应轻点/滑动/按钮、无法追踪步数或其他数据、无法显示通知：请重启手表。4. 电量严重不足（8%或更低）：屏幕亮度、震动等功能会受限，GPS追踪、EDA传感器、常亮显示、语音助手、快捷回复可能无法使用；为健身追踪器充电后即可使用或调整这些功能 <PIC>。"", [""Manual16_48"", ""Manual16_49"", ""Manual16_50"", ""Manual16_22""]"
144,"""可在健身追踪器应用中开启设备锁：进入应用的“今日”页面，点击左上角图标 > 健身追踪器卡片 > 设备锁。开启后，解锁手表需输入个人 4 位 PIN 码。若已设置非接触式支付，设备锁会自动开启且必须设置密码。"", []"
145,"""1. 请勿在冰箱顶部放置重物或装液体的物品。\n2. 请勿倚靠或悬挂在冰箱门体及搁架上。\n3. 防止儿童进入产品内部。\n4. 开关冰箱门时请小心。\n5. 请勿将冰箱安装在潮湿环境中。"", []"
146,"""前五条注意事项：1. 请勿让电源插头朝上或被挤压在冰箱冰柜背面。2. 安装过程中拔下插头后推入冰箱时，防止电源线被挤压或弯折。3. 请勿让重物挤压或弯折电源线。4. 请勿延长或改装电源插头长度。5. 清洁、操作或更换冰箱冰柜内部灯泡时，请拔下电源插头。"", []"
153,"""使用/加油时注意：加油前务必关闭发动机 <PIC>；加油时严禁吸烟或靠近明火 <PIC>；不要让燃油洒在发动机或消音器上，溢出应立即擦拭；切勿加注至燃油滤清器顶部以上，加油后务必拧紧油箱盖 <PIC>。如吞入燃油、吸入燃油蒸汽或燃油入眼，请立即就医；燃油溅到皮肤或衣物上，应立即用肥皂水清洗并更换衣物。操作或运输时保持机身直立，防止燃油泄漏 <PIC>；运输时还要拧紧油箱盖通气旋钮。"", [""generator_20"", ""generator_21"", ""generator_14"", ""generator_03""]"
154,"""发动机运行后，发动机及消音器温度极高：检修或维修时，必须等其冷却后再接触，切勿让身体或衣物触碰。<PIC> 同时，将发电机放在行人或儿童不易触碰处；运行时排气口附近不要放易燃物；与建筑物或其他设备至少保持1米距离；不要在防尘罩覆盖下运行；搬运时仅通过提手搬运。"", [""generator_11""]"
155,"""日常使用中应：切勿在雨雪中运行发动机 <PIC>；切勿湿手触碰发电机 <PIC>；务必对发电机接地，并使用足够载流量的接地导线 <PIC><PIC>；避免将发电机接入市电插座，避免与其他发电机并联使用 <PIC>；如需接入建筑物电气系统，必须由持证电工安装隔离（转换）开关。"", [""Manual18_12"", ""Manual18_13"", ""Manual18_14"", ""Manual18_15"", ""Manual18_16""]"
156,"""供油时：先确认油箱盖通气旋钮已从拧紧位置逆时针旋转1圈，使燃油可流向化油器；然后将燃油开关旋钮置于“开启”位置。<PIC> 若燃油开关旋钮无法转动，取下盖板①，使用内部燃油开关拨杆供油。<PIC>"", [""Manual18_19"", ""Manual18_20""]"
157,"""每次使用前应检查燃油：确认油箱内燃油充足，使用无铅汽油；油箱容量总计 2.5 升。发动机适用泵法辛烷值 86 及以上或研究法辛烷值 91 及以上的普通无铅汽油。加油时不要加注至燃油滤清器顶部以上，防止受热膨胀后溢出；若有溢油应立即擦拭。加油后务必拧紧油箱盖。<PIC><PIC><PIC>"", [""generator_12"", ""generator_13"", ""generator_14""]"
158,"""1. 按住油箱盖防止转动，将通气旋钮逆时针旋转1圈，打开油箱通气口。<PIC> 2. 将燃油开关旋钮置于“开启”位置。<PIC>"", [""Manual18_26"", ""Manual18_27""]"
159,"""连接交流电时请注意：切勿在雨雪中运行发动机 <PIC>；切勿湿手触碰发电机 <PIC>；务必使用足够载流量的接地导线对发电机接地 <PIC><PIC>。避免将发电机接入市电插座，避免与其他发电机并联；若接入建筑物电气系统，必须由持证电工安装隔离（转换）开关 <PIC>。连接前确认所有电气设备、线路及插头状态良好，插入插头前关闭所有电气设备，并确保总负载和插座负载电流在额定范围内。"", [""Manual18_12"", ""Manual18_13"", ""Manual18_14"", ""Manual18_15"", ""Manual18_16""]"
160,"""发电机上的两种开关/保护器主要是：\n1. 经济控制开关：置于Ⅰ（开启）时，会根据外接负载调节发动机转速，以降低油耗和噪音；置于○（关闭）时，发动机始终以额定转速5000转/分钟运行。使用压缩机、潜水泵等启动电流较大的设备时，必须置于○（关闭）。<PIC>\n2. 直流保护器：当负载超过发电机额定输出时会自动断开；断开后应降低负载至额定输出范围内，按下即可复位。若再次断开，请咨询发电机经销商。<PIC>"", [""generator_07"", ""generator_08""]"
161,"""请在指定位置记录产品识别码和序列号，以便订购零配件；同时另行妥善保管这些识别码，以防机器被盗。<PIC> 机器序列号标注在图示位置。<PIC>"", [""Manual18_0"", ""Manual18_1""]"
162,"""充电时务必关闭经济控制开关；确保电池接线正确、通气软管连接正确且无损坏或堵塞。若直流保护器断开，请将负载降至发电机额定输出范围内；若再次断开，请咨询发电机经销商。按下即可复位直流保护器。<PIC>"", [""Manual18_38""]"
163,"""每次使用前都应检查发动机机油：打开机油加注口，确认机油油位处于机油加注口的上限位置；如不足，应添加至上限。<PIC><PIC> 注意：发电机出厂时未加注发动机机油，必须先加注，否则无法启动。推荐机油等级为 API 标准 SE 级或 SF 级。"", [""generator_17"", ""generator_18""]"
164,"""最后三个步骤是：5. 缓慢拉动反冲启动器至啮合位置，然后快速拉动；6. 发动机启动后进行暖机，直到阻风门旋钮推回原位发动机也不会熄火；7. 将阻风门旋钮推回原位。"", []"
165,"""发电机直流额定电压为12V。正确充电步骤：1）务必关闭经济控制开关；2）将充电线在提手上缠绕2至3圈，并插入直流插座；3）启动发动机后再连接电池，红线夹接电池正极（+），黑线夹接电池负极（-），切勿接反；4）按下直流保护器进行充电。<PIC> 若直流保护器断开，先将负载降至发电机额定输出范围内，再按下复位；若再次断开，请咨询发电机经销商。<PIC> 充电时严禁吸烟，远离火花、明火；保持通风，佩戴护目镜，避免接触电解液，并放在儿童接触不到的地方。电池充满时电解液比重为1.26至1.28，建议每小时检查一次。<PIC>"", [""Manual18_37"", ""Manual18_38"", ""Manual18_39""]"
166,"""停机步骤：先关闭所有电气设备，并将经济控制开关置于○（关闭）位置。<PIC> 1. 断开所有电气设备。<PIC> 2. 将发动机开关置于“停止”位置。<PIC> 3. 将燃油开关旋钮置于“关闭”位置。<PIC> 4. 顺时针拧紧油箱盖通气旋钮至手指拧紧状态。<PIC>"", [""generator_22"", ""generator_23"", ""generator_24"", ""Manual18_40"", ""Manual18_41""]"
167,"""开始保养前先停机。火花塞应定期拆下检查：取下盖板，检查是否变色并清除积碳；标准电极颜色为黄褐色 <PIC>。检查火花塞型号及间隙：标准火花塞为 CR6HSB（NGK），间隙为 0.7–0.8 mm <PIC>。检查、调整并清洁，必要时更换；安装火花塞时扭矩为 12.5 N·m <PIC>，最后装回盖板。"", [""Manual18_44"", ""Manual18_45"", ""Manual18_47""]"
168,"""前六个步骤：1. 将机器放置在水平面上，暖机数分钟，然后停机，将燃油开关旋钮置于“关闭”位置，并顺时针拧紧油箱盖通气旋钮。2. 取下盖板①。<PIC> 3. 从发电机底部拆下放油接头①，打开机油加注口盖。<PIC> 4. 将放油接头①安装到机油加注口。<PIC> 5. 在发动机下方放置接油盘，倾斜发电机将机油完全排空。<PIC> 6. 添加发动机机油至上限位置（① 上限）。<PIC>"", [""Manual18_49"", ""Manual18_50"", ""generator_25"", ""generator_26"", ""Manual18_51""]"
169,"""空气滤清器正确步骤：1. 取下盖板①。<PIC> 2. 松开固定空气滤清器盖的卡箍。<PIC> 3. 取下空气滤清器盖及滤芯④。4. 用溶剂清洗滤芯并晾干。5. 给滤芯上油并挤出多余机油，滤芯应湿润但不滴油；推荐使用泡沫空气滤清器专用油或 SAE 20号发动机油。注意：请勿拧绞滤芯，以免撕裂；使用溶剂时严禁吸烟或靠近明火。6. 将滤芯装入空气滤清器，确保滤芯密封面与空气滤清器贴合，无漏气。<PIC> 7. 将空气滤清器盖装回原位并安装卡箍。8. 安装盖板。注意：发动机严禁无滤芯运行，否则会导致活塞及气缸过度磨损。"", [""Manual18_62"", ""Manual18_63"", ""Manual18_64""]"
170,"""发动机无法启动时，请按手册检查：1. 油箱无油：添加燃油。2. 油箱有油：确认油箱盖通气旋钮已“开启”（逆时针旋转1圈）、燃油开关旋钮在“开启”。3. 燃油管路堵塞：清洁燃油管路；化油器堵塞：清洁化油器。4. 机油液位低：添加发动机机油；发电机出厂时未加注机油，必须加注机油，否则无法启动。5. 如仍无法启动，检查火花塞、燃油管路和空气滤清器；必要时清洁、更换或咨询 Yamaha 经销商。"", []"
171,"""排空燃油步骤：\n1. 打开油箱盖，用市售手动虹吸管将油箱内燃油排入合格汽油容器，然后装回油箱盖。<PIC>\n2. 取下盖板①，松开化油器浮子室放油螺丝，排空化油器内燃油。<PIC>\n3. 将燃油开关旋钮置于“关闭”位置，启动发动机直至自行停机，以燃烧完化油器内剩余燃油。\n注意：燃油高度易燃且有毒；如有溢出应立即擦拭。"", [""Manual18_66"", ""Manual18_67""]"
172,"""使用该发电机为对电压敏感的精密设备供电前，应先咨询该精密设备的供应商；此类设备可能需要比便携式发电机更稳定的电压供应。"", []"
173,"""拖曳速度：最低操控速度，几乎不加油门，艇体沉入水中，无尾流；用于靠岸、停靠码头或接近物体，技巧是低速直行、转向和满舵360°转向。<PIC> 半滑航速度：中等速度，艇首略微抬离水面但仍在水中行驶，会产生尾流；手册说明其转向方式与滑航速度不同。<PIC> 滑航速度：较快速度，艇体更平稳，在水面滑行并产生尾流；用于高速操作训练，涉及油门控制、转向、重心转移与侧滑，速度越快停车距离越长，过度转向可能侧滑。<PIC>"", [""Manual40_1"", ""Manual40_2"", ""Manual40_3""]"
174,"""深水登艇与平衡应先在近岸练习，熟练后再到开阔水域；练习时不要启动发动机，在水深至少齐胸的水域让艇漂浮，并将熄火绳系在手腕上。步骤：1. 游至艇尾，双手放在登艇平台上，单手抓住扶手。<PIC> 2. 将身体拉到平台上成跪姿，再移至座位跨坐。<PIC> 3. 将熄火绳系在手腕上并把卡扣安装到熄火开关；双手紧握车把，双脚放入脚坑。<PIC> 反复练习登艇与平衡，直到全过程能保持良好平衡。"", [""Manual40_13"", ""Manual40_14"", ""Manual40_15""]"
175,"""滑航速度下急转弯要点：转向时必须配合加油门，避免松油后艇体失去对车把的响应；不要把车把转得过度，否则艇体可能侧滑，进水减少、转向推力下降，反而无法更急转弯；若发生侧滑，应将车把转回较小角度以恢复正常转向。练习时先从低速、平缓转向开始，左右画椭圆，再逐步提高速度、减小转弯半径，并练习圆圈和8字路线，切勿急于求成。<PIC><PIC>"", [""Manual40_26"", ""Manual40_27""]"
176,"""要保持操控性和稳定性：1. 用油门与车把配合转向，转弯时必须保持加油门；松开油门后转向能力会迅速下降，艇体可能不再响应车把。<PIC> 2. 大椭圆转弯：逐渐加速至半滑航速度，保持速度平稳，分别练习右转、左转，再完成完整椭圆。<PIC> 3. 绕圈：先以稳定速度绕大圈，再逐渐缩小圈径，左右方向都要练习。<PIC> 4. 8字行驶：先完成大8字路线，再重复练习并逐步缩小尺寸。<PIC> 5. 在半滑航速度急转弯时，转向同时要加大油门。"", [""Manual40_20"", ""Manual40_22"", ""Manual40_23"", ""Manual40_24""]"
177,"""中低速转弯时，车把要与油门配合：转动车把会改变尾部喷嘴角度，但转向速度和方向取决于喷射推力；除拖曳速度外，转向时必须始终加油门。半滑航速度下应逐渐加速并保持速度平稳再转向；绕圈时保持速度不变，再逐渐缩小圈径。若松开油门，转向能力会迅速下降，艇体可能不再响应车把；需要逐渐重新加油门恢复操控。中低速急转弯时，应同时加大油门。<PIC>"", [""Manual40_20""]"
178,"""拖曳速度是最低操控速度，几乎不加油门，艇体沉入水中且无尾流。<PIC> 操作时：先登艇并观察周围人员、物体和其他船只；启动发动机后直线行驶；转弯时不加油门，按约15–21米（50–70英尺）的大8字路线练习，以保持动作平顺。<PIC> 还可将车把向任一方向转到最大，做360°转向，并分别练习顺时针和逆时针，熟悉艇体对车把动作的响应。"", [""Manual40_1"", ""Manual40_19""]"
179,"""全加速行驶需停车时，松开油门手柄，让摩托艇靠水阻减速并滑行至停止；本艇没有独立制动系统。发动机减速后，艇体对车把响应会下降，需到拖曳速度后再转向；若不确定能否在障碍物前停下，应加油门并转向避让。从全速松油门或停发动机到完全停止约需90米（300英尺），具体受载重、水面和风向影响；握紧RiDE手柄减速可使停车距离约缩短30%。<PIC><PIC>"", [""Manual40_25"", ""Manual40_21""]"
180,"""为避免碰撞：持续观察周围人员、物体及其他船只，留意影响视线或遮挡视野的情况 <PIC>；以安全速度谨慎驾驶，并保持安全距离。不要紧跟其他摩托艇或船只，不要靠近他人喷水或溅水，避开水下障碍物和浅水区。避免急转弯、快速减速等让他人难以避让或判断方向的操作。尽早采取避让行动，记住摩托艇和其他船只没有刹车；EX Deluxe 的 RiDE 系统也不是用于规避危险的制动装置。转向避让时不要松开油门，转向需要油门动力。启动前务必检查油门和转向操控是否正常，并遵守航行规则与当地法规。"", [""Manual40_0""]"
181,"""发动机停机步骤：1. 将油门手柄完全向左推。<PIC> 2. 将发动机开关置于“OFF”位置。<PIC> 3. 将燃油开关手柄置于“OFF”位置。<PIC>"", [""Manual31_16"", ""Manual31_17"", ""Manual31_18""]"
182,"""手册片段未提供“核心部件”的完整清单。已提到的主要部件/控制件包括：发动机、水泵泵体、接头、软管、卡箍、滤网、机油警告系统、发动机开关、油门手柄、燃油开关手柄、阻风门手柄和反冲启动器。"", []"
183,"""清洗油箱滤网步骤：1. 拆下油箱盖及油箱滤网（①油箱盖，②油箱滤网）。2. 用溶剂清洗滤网，损坏则更换。3. 擦干滤网后装回。4. 务必拧紧油箱盖。操作时严禁在吸烟或明火附近使用或靠近燃油及溶剂。<PIC>"", [""Manual31_32""]"
184,"""安全排放燃油时，严禁在吸烟或明火附近操作。步骤：1. 停止发动机；2. 将燃油开关手柄置于“OFF”；3. 拆下燃油开关杯及垫片；4. 用溶剂清洗开关杯并擦干；5. 检查垫片，损坏则更换；6. 重新安装垫片及燃油开关杯，并务必拧紧。<PIC>"", [""Manual31_31""]"
185,"""水泵无法抽水可按以下顺序诊断处理：1. 启动前确认泵内已注满水；水泵应放在稳固平面并尽量靠近水源，吸程越高，注水时间越长、出水量越小。2. 检查接头安装时垫片是否到位，软管是否牢固，否则会进气导致无法抽水。<PIC><PIC> 3. 检查注水螺塞或放水螺塞是否松动，松动则拧紧。4. 检查软管接头或卡箍是否松动，松动则拧紧。5. 检查是否漏水，重新拧紧螺栓、螺塞、卡箍及软管接头，必要时更换O形圈和/或垫片。<PIC> 6. 若O形圈或垫片损坏，应更换；若机械密封损坏，应咨询经销商。"", [""Manual31_3"", ""Manual31_4"", ""Manual31_24""]"
186,"""设置日期：按菜单键进入设备菜单，显示 PROG 后按 + 或 - 选择 DATE，按选择键；年份闪烁时按 + 或 - 调整年份并按选择键；再依次调整月份、日期，每次按选择键，最后保存并退出。<PIC>\n设置时间：按菜单键进入设备菜单，显示 PROG 后按 + 或 - 选择 TIME，按选择键；按 + 或 - 选择 12 小时制或 24 小时制并按选择键；再按 + 或 - 调整小时、分钟，每次按选择键，最后按选择键保存并退出。<PIC>"", [""Manual36_43"", ""Manual36_42""]"
187,"""系统运行：按“模式”键循环切换，直到所需模式显示并保持激活。可选模式包括：自动（按需自动选择供暖或制冷）、供暖（仅控制供暖）、制冷（仅控制制冷）、应急供暖（仅适用于带辅助加热的热泵，不使用压缩机）、关闭（供暖/制冷关闭；若风扇为开启或循环仍可运行）。可用模式因型号和系统设置而异；供暖/制冷指示灯可能因压缩机保护闪烁5分钟。<PIC>\n风扇运行：按“风扇”键循环切换，直到所需模式显示并保持激活。自动：仅在供暖或制冷系统运行时启动；开启：持续运行；循环：随机运行约33%的时间。可用风扇模式因系统设置而异。<PIC>"", [""Manual36_29"", ""Manual36_30""]"
188,"""可每天设置4个时段，工作日和周末可设置不同参数；建议使用预设设置以降低供暖/制冷能耗：起床、离家、回家、睡眠，其中离家和睡眠通常设置为节能温度。<PIC> 调整步骤：按菜单键 <PIC>，显示 PROG 后按选择键；显示“开启”后按选择键；用 +/? 选择要编辑的日期或日期组并按选择键；选择起床/离家/回家/睡眠时段并按选择键；保持该时段开启，或按 + 后按选择键关闭；用 +/? 调整开始时间并按选择键；再调整供暖设定温度和制冷设定温度并分别按选择键。<PIC> 对其余时段重复，完成后按主页键保存并返回主界面。<PIC>"", [""Manual36_31"", ""thermostat_04"", ""thermostat_05"", ""thermostat_06""]"
189,"""按“+”或“-”将温度调到所需设定值即可，无需其他操作；新的设定温度会保持到下一个预定时间段开始，不会更改已编程日程。若要取消临时保持，按“+”或“-”，然后按“取消”键。<PIC>"", [""Manual36_32""]"
190,"""出现警报图标时，应进入菜单查看警报，获取错误/警报代码；查看后主界面警报符号会保留直至清除。根据错误代码对照警报代码表确定问题。暂态警报若在警报菜单中取消，7天后会再次显示；也可选择取消警报。"", []"
191,"""热泵接线时，将每根已标记电线接到新温控器上相同字母的端子；若插入困难，可按对应端子旁按钮。<PIC> 若标签不匹配，按热泵备用接线处理：R滑动开关保持向上（1根电线）；若旧温控器同时有V和VR，停止并联系专业安装人员；若有单独O和B线，将B线接至C端子，若C端子已有线则停止并联系专业安装人员；若有Y1、W1和W2线，也停止并联系专业安装人员。<PIC>"", [""Manual36_35"", ""Manual36_36""]"
192,"""安全更换步骤：\n1. 为保护人身和设备安全，先在断路器箱或控制供暖/制冷系统的开关处关闭电源。\n2. 从UWP底座上拆下温控器。\n3. 在温控器背面装入两节AA碱性电池，建议使用碱性电池。<PIC>\n4. 将温控器对准UWP底座并用力卡入到位。<PIC>\n5. 打开电源。<PIC>\n6. 若两分钟内完成更换，无需重新设置时间和日期；其他设置会永久存储，无需电池供电。电池低电量图标出现时应立即更换；即使未出现，也应每年更换一次或离家超过一个月前更换。"", [""Manual36_22"", ""Manual36_23"", ""Manual36_24""]"
193,"""标签与端子不匹配时，不要按线色随意接线。先拍照记录旧端子字母，拆除跨接线，并在断开时按旧端子字母给每根线贴标签。然后按系统类型使用备用接线图：常规系统按图接线 <PIC>；若需同时接R和Rc，或旧温控器有R和RH，将R滑动开关拨到向下位置，R线接Rc端子，RH线接R端子；仅1根C/C1接C端子，若有2根C/C1则分别用电工胶带包裹且不连接。热泵系统按备用接线图接线 <PIC>；R滑动开关保持向上位置；若旧温控器同时有V和VR，或有Y1、W1和W2，应停止并联系专业安装人员。接好后每个端子只插一根线，轻拉确认牢固，并确认接线与拍摄照片记录一致。"", [""Manual36_34"", ""Manual36_36""]"
194,"""可按以下情况排查：\n1. 屏幕空白：若使用电池供电，确认已正确安装全新 AA 碱性电池。\n2. 无法切换至制冷模式：检查系统设置选项 220，确保设置为 1 或 2。\n3. 需要供暖时风扇不启动：检查系统设置选项 205，确保与供暖设备匹配。\n4. 制冷模式下供暖系统运行：检查系统设置选项 200 或 218，确保与供暖和制冷设备匹配。\n5. 供暖或制冷系统无响应：将系统设为供暖，确保温度设定高于室内温度；检查断路器并必要时复位；确认系统电源开关已打开、炉门紧闭；等待 5 分钟。\n6. 屏幕上“供暖开启/制冷开启”闪烁：压缩机保护功能已启动，等待 5 分钟让系统安全重启。\n7. 热泵供暖吹冷风或制冷吹热风：检查系统设置选项 200 或 218，确保与供暖和制冷设备匹配。"", []"
195,"""处理器单元的关键组件包括：正面：状态指示灯（白色表示已开机，红色表示待机模式）、AUX端口、HDMI输出端口。<PIC> 背面：HDMI电视端口、HDMI PS4端口、USB端口、DC IN 12V接口、通风口。<PIC>"", [""Manual38_1"", ""Manual38_2""]"
196,"""手册中提到的耳机包括立体声耳机，以及立体声头戴设备（另售）；立体声耳机带耳塞。<PIC> 耳塞出厂已安装M号，可更换为S号或L号。取下时，旋转耳塞后拔下；安装时请牢固装好，防止使用中意外脱落。<PIC>"", [""Manual38_3"", ""Manual38_4""]"
197,"""清洁遮光罩前，请拔下电源线并断开所有线缆。将遮光罩从VR头显上取下，用水清洗；再用软布完全擦干。装回时，将遮光罩上的凸点与头显上的13个孔对齐后安装。<PIC>"", [""Manual38_5""]"
198,"""游玩区域推荐约宽 1.9 m、深 3.0 m；使用前请清理大于游玩区域的活动空间，并调整摄像头使自己处于游玩区域中央。<PIC>"", [""Manual38_0""]"
199,"""使用和操作VR头显时应注意：12岁以下儿童不适用；疲劳、头晕、恶心、醉酒、服药或平衡感受损时不要使用，严重疾病者使用前应咨询医生；使用前清理大于游玩区域的空间，远离墙壁、楼梯、家具等障碍物，并防止宠物、他人进入；佩戴时尽量位于游玩区域中央、保持坐姿，避免剧烈动作，并检查线缆是否缠绕身体或四肢；出现头晕、视觉异常、抽搐、方向障碍、恶心等不适应立即停止使用，休息至症状消失，必要时就医；建议每游玩1小时休息15分钟，初次使用应短时间体验；连接前检查接口无灰尘杂物，追踪灯熄灭后再取下头显或拔线；不要甩动线缆、摔落、投掷或强烈撞击产品；避免液体或细小颗粒进入接口、通风口，发生后立即停用并断电；避免灰尘、烟雾、蒸汽，定期清理通风口灰尘；雷雨时不要触碰电源线、电源适配器或处理器单元；开机时避免长时间接触处理器单元、电源适配器或通风口热风；正确佩戴，不要把调节旋钮拧得过紧，定期检查佩戴状态；保持附着传感器无遮挡；不要拆卸或改装；耳机音量保持安全水平，避免高音量导致听力损伤；不要使用溶剂或化学药剂清洁，避免橡胶或乙烯基材料长期接触产品。"", []"
200,"""保修通常包含：功能键盘保修期为 2 年 <PIC>；仅覆盖原始消费者购买的产品；需提供购买凭证；保修期内经合理判定的故障，可由厂商自行决定维修或更换（新品或翻新、功能相近且价值相等或更高）；更换品保修为剩余保修期或 30 天中较长者。不包含：未经许可改装产品或序列号/保修标签、非制造缺陷损坏、意外/滥用/误用/疏忽/火灾/进水/雷击/自然灾害/未按说明操作导致的问题、安装不当或非授权维修、运输损坏、正常磨损，以及间接或继发性损害。"", [""Manual21_16""]"
201,"""保修项下的唯一义务与责任仅限于自行选择维修或更换故障产品；在任何情况下均不对任何间接或继发性损害承担责任，包括服务中断、数据丢失、业务损失，或因产品及其使用、持有相关的民事侵权责任。"", []"
202,"""设置步骤：1. 将 USB-C 线连接到键盘背面接口，另一端连接电脑上可用的 USB 2.0（或更高速度）接口。2. 将腕托（仅全尺寸及无小键盘版本）安装到键盘正面，腕托为磁吸设计，会自动吸附并居中。3. 如需更高打字倾斜角度，可展开键盘底部可调节支撑脚，共有中高两档角度可选。"", []"
203,"""拆卸：使用附赠的拔轴器，从顶部夹住轴体，工具两端沿轴体前后方向放置；按下固定在定位板上的两个卡扣即可拆卸。注意不要刮擦上盖面板，无需从轴体下方撬动，只需夹住轴体外壳底部两侧。<PIC>\n重新安装：安装前确认所有针脚笔直、无弯曲或折向轴底外壳；将两个金属针脚对准键盘轴座插孔，垂直向下用力插入。正确插入后，轴体外壳两侧应紧贴键盘上盖面板。<PIC>"", [""Manual21_14"", ""Manual21_15""]"
204,"""搭配 CAM 使用：1. 前往官网下载并安装最新版 CAM 软件。2. 在 CAM 中设置配置文件并保存到键盘；键盘自带 4 个板载配置文件，保存后无需运行 CAM 也可使用已存储的灯光、宏命令等功能。3. 按 FN+F1/F2/F3/F4 切换对应 1–4 号配置文件。4. 可在 CAM 的键盘/灯光、键盘/宏命令、键盘/按键重映射设置界面，自定义 RGB 灯光、宏命令和按键绑定，并按需保存至配置文件。"", []"
205,"""在硬件模式下，按 FN（功能键）+ F1、F2、F3 或 F4，可切换到对应的 1-4 号配置文件。配置文件 1-4 自带四种默认灯光模式；若已将自定义灯光分配到某板载配置文件，切换到该配置文件时会自动激活自定义灯光。"", []"
206,"""安装挡泥板：先将挡泥板侧转，然后向上滑入左侧把手管，注意不要让“凸点”卡入1号孔。<PIC> 接着调整挡泥板，使“凸点”卡入2号孔。<PIC>"", [""rideon_motorcycle_01"", ""rideon_motorcycle_02""]"
207,"""将前轴穿过两侧把手管及前轮，两侧把手管内外均需安装垫片；再用两个螺母将前轴和车轮固定在把手管上，并用随产品提供的扳手拧紧螺母直至螺纹尽头。<PIC> 安装完成后检查车轮与把手管之间的间隙；若间隙过大、车轮定位不稳，可在车轮与把手管之间加装额外垫片（不随产品提供），确保车轮可自由转动；若车轮卡死，则减少一片垫片。<PIC>"", [""Manual26_6"", ""Manual26_7""]"
208,"""鼠标需使用两节 AA 电池：1. 按下按钮，电池仓盖弹出。<PIC> 2. 按照鼠标内部标注的正负极（+ 和 -）装入两节 AA 电池。<PIC> 3. 装回电池仓盖。<PIC>"", [""Manual27_1"", ""Manual27_2"", ""Manual27_3""]"
209,"""安装前先将 USB 蓝牙接收器插入电脑 USB 接口。步骤：1. 放入附带安装光盘。2. 驱动自动加载；若未自动加载，双击光驱 bin 文件夹内的 Setup.exe。3. 欢迎界面点击“下一步”。<PIC> 4. 选择“我接受许可协议中的条款”，点击“下一步”。<PIC> 5. 确认或更改安装路径后点击“下一步”。<PIC> 6. 点击“安装”开始安装。<PIC> 7. 出现完成界面表示安装完成。<PIC> 8. 拔下接收器并重新插入，鼠标会自动配对；点击“完成”退出，并按提示选择立即或稍后重启电脑。<PIC>"", [""Manual27_4"", ""Manual27_5"", ""Manual27_6"", ""Manual27_7"", ""Manual27_8"", ""Manual27_9""]"
210,"""卸载 WIDCOMM 蓝牙驱动程序步骤：1. 拔下 USB 蓝牙接收器。2. 点击“开始 > 设置 > 控制面板 > 添加或删除程序”。3. 在程序列表中选择“WIDCOMM 蓝牙软件”，点击“删除”。4. 等待系统卸载完成。5. 提示重启时，点击“是”立即重启，或点击“否”稍后重启。"", []"
211,"""Windows 系统快速配对步骤：1. 将 USB 蓝牙接收器插入电脑 USB 接口。2. 按下鼠标底部的配对按钮。<PIC> 3. 按下 USB 蓝牙接收器底部按钮，直至 LED 指示灯每秒闪烁一次，表示接收器开始搜索待配对设备。<PIC> 4. 移动鼠标确认连接成功。（本款鼠标不含接收器销售。）"", [""Manual27_10"", ""Manual27_11""]"
212,"""请先确保 USB 蓝牙接收器已插入电脑。双击系统托盘中的蓝牙图标 <PIC>，启动蓝牙初始配置向导并按屏幕提示完成配置。配置完成后会出现 HID 界面并开始搜索蓝牙设备 <PIC>，点击要连接的蓝牙激光鼠标，再按屏幕提示启用所选设备即可。"", [""Manual27_16"", ""Manual27_17""]"
213,"""可通过鼠标电量 LED 查看：电量耗尽时 LED 会变为琥珀色，请立即更换电池。<PIC> 如需查看更详细的电量信息，请进入 控制面板 > 鼠标 > 蓝牙。<PIC>"", [""Manual27_14"", ""Manual27_15""]"
214,"""首次使用蓝牙驱动程序：双击系统托盘中的蓝牙图标 <PIC>；蓝牙初始配置向导启动后，按屏幕说明完成配置；配置完成后会出现 HID 界面并开始搜索蓝牙设备 <PIC>；点击要连接的 HID 设备，并按屏幕说明启用所选设备。"", [""Manual27_16"", ""Manual27_17""]"
215,"""1. 确保 USB 蓝牙接收器已插入电脑。2. 将要连接的蓝牙设备设置为可被蓝牙驱动程序搜索。3. 按下 USB 蓝牙接收器按钮，直到出现 HID 界面。4. 从下拉菜单选择要搜索的设备类型 <PIC>。5. 检测到设备后，点击该设备，并按驱动程序提示启用连接。"", [""Manual27_18""]"
216,"""拆卸烤箱门前，请佩戴防护手套，确保烤箱已冷却，并断开电源。步骤：1. 完全打开烤箱门。2. 抬起卡扣并向前推至极限位置。<PIC> 3. 将烤箱门关至最大角度（A），向上抬起（B）并转动（C），直至脱开（D）。<PIC>"", [""oven_01"", ""oven_02""]"
217,"""佩戴防护手套，确认烤箱已冷却并断开电源。安装门体：1. 将铰链装入对应位置；2. 完全打开烤箱门；3. 放下两个卡扣；4. 关闭烤箱门。"", []"
218,"""移动前请佩戴防护手套，确保烤箱已冷却，并在维护前断开电源。步骤：1. 取下侧边配件支架格栅 <PIC>。2. 轻轻拉出顶部加热元件 <PIC>，然后向下放下 <PIC>。3. 复位时，抬起加热元件并轻轻向自身方向拉动，确保其支撑在侧支架上。"", [""oven_03"", ""oven_04"", ""oven_05""]"
219,"""更换后部灯（如有）：先佩戴防护手套，确保烤箱已冷却，并断开电源。拧下灯罩 <PIC>，更换灯泡（仅使用25-40W/230V E-14、耐温300℃白炽灯），再拧回灯罩 <PIC>。最后重新接通电源。注意：灯罩复位前请勿使用烤箱。"", [""oven_06"", ""oven_07""]"
220,"""接油盘用于放在烤架下方，收集油脂和食物碎屑；也可作为烤盘烹饪肉类、鸡肉、鱼类等，并可搭配蔬菜使用。使用时可向接油盘中倒入少量水，以避免油脂飞溅及冒烟。<PIC>"", [""oven_08""]"
221,"""仅在烤箱冷却后清洁，维护前请断开电源。外部表面用湿布清洁；若污渍严重，可在水中加入几滴洗洁精，最后用干布擦干。请勿使用腐蚀性或研磨性清洁剂；若意外接触设备，请立即用湿布擦拭。"", []"
222,"""烤架用于烧烤食物，或作为锅具、蛋糕模及其他烹饪容器的支架；可放在任意可用层位，安装时可凸面朝上或朝下。烧烤肉类时，建议在烤架正下方放置加有半升水的接油盘收集肉汁，并在烹饪约三分之二时间时翻面。<PIC>"", [""oven_10""]"
223,"""催化侧面板带有特殊微孔搪瓷涂层，可吸附油脂飞溅物；烹饪油脂较多的食物后，建议执行自动清洁程序。<PIC>"", [""oven_11""]"
224,"""烤盘用于烘焙饼干、蛋糕及披萨。使用时按烹饪表建议选择功能、温度和层位；烤披萨时可在烤盘上轻微刷油，使披萨底更酥脆。使用后可放入加有洗洁精的水中浸泡，再用刷子或海绵清除食物残留。<PIC>"", [""oven_09""]"
225,"""烤架烤盘套装包含烤架（6a）和搪瓷容器（6b）。使用时，将该套装放置在烤架（3）上，并配合烧烤功能使用。<PIC>"", [""oven_13""]"
226,"""油脂过滤器仅用于油脂较多的烹饪。使用时将其挂在烤箱腔体后壁、风扇对面位置；可配合热风循环功能使用。清洁时可放入洗碗机清洗。<PIC>"", [""oven_14""]"
227,"""滑动搁架可在烹饪过程中将烤架与接油盘半拉出使用；适用于所有配件，并可用洗碗机清洗。<PIC>"", [""oven_15""]"
228,"""肩带另售。先用卡扣安装工具打开肩带卡扣 <PIC>；将挂绳环钩入卡扣开口，用另一只手按住卡扣并取出工具 <PIC>；将卡扣完全旋转穿过每个挂绳环，直至咔哒闭合 <PIC>；最后将肩带穿过每个卡扣 <PIC>。注意：肩带仅作肩带使用，请勿套在脖子上，并注意不要遮挡相纸出口。"", [""Manual29_12"", ""hybrid_instant_camera_03"", ""hybrid_instant_camera_04"", ""hybrid_instant_camera_05""]"
229,"""装入电池步骤：1. 滑动电池盖将其打开。<PIC> 2. 按照电池上的箭头方向装入电池，确保电池上的黄线与相机上的标记对齐。<PIC> 3. 关闭电池盖。<PIC>"", [""Manual29_13"", ""Manual29_14"", ""Manual29_15""]"
230,"""装入前注意：相纸用完前请勿打开后盖；仅使用 instax SQUARE 拍立得相纸；装入时不要按压相纸盒背面的两个矩形孔。\n步骤：1. 按住相仓锁按钮，并将拨杆向右滑动，直至相仓略微打开。<PIC>\n2. 握住相纸盒两侧，将相纸盒底部对准相仓凹槽，然后平直插入。<PIC>\n3. 关闭后盖，确保后盖锁咔哒到位。<PIC>\n4. 关闭后盖后，黑色相纸保护盖会自动弹出；从相纸出口取出保护盖。<PIC>"", [""Manual29_26"", ""Manual29_27"", ""hybrid_instant_camera_01"", ""hybrid_instant_camera_02""]"
231,"""相纸用完时，拍摄画面右侧的所有点会以灰色显示。取出相纸盒：先按住相仓锁按钮（1），将拨杆向右滑动，直至相仓略微打开。<PIC> 然后握住相纸盒上的矩形孔，平直拉出。<PIC>"", [""Manual29_28"", ""Manual29_29""]"
232,"""将侧面的打印模式选择器切换到“AUTO”<PIC>，拍摄画面会显示自动打印图标<PIC>；之后图像保存后会立即开始打印<PIC>。"", [""Manual29_30"", ""Manual29_31"", ""Manual29_32""]"
233,"""手动打印模式为默认设置。若需设置，请将相机侧面的打印模式选择器切换到“MANUAL”<PIC>。拍摄画面会出现手动模式图标<PIC>；此模式下图像会保存到内存中，可稍后选择并打印，不会立即打印。"", [""Manual29_33"", ""Manual29_34""]"
234,"""拍摄步骤：1. 顺时针转动镜头环（电源开关）开机。<PIC> 2. 双手持机并确认构图。<PIC> 3. 选择拍摄模式或进行图像效果设置。4. 半按快门对焦：成功会有蜂鸣声并显示绿色对焦框；失败会显示红色对焦框，可更改构图或使用对焦锁定。5. 完全按下快门拍摄，照片会保存到相机内存；若打印模式为自动打印，图像会被打印。拍摄时注意不要触碰镜头，手指或肩带不要遮挡闪光灯、镜头或相纸出口。"", [""Manual29_36"", ""Manual29_37""]"
241,"""Before first use, you should: 1. Remove all packing material. 2. Remove any stickers or labels (if available) from the appliance. 3. Thoroughly clean the appliance before first use, as indicated in the cleaning chapter."", []"
242,"""The approval labels of the emission control certificate are attached to each engine unit and to the inside of the engine compartment. <PIC> <PIC>"", [""Manual09_6"", ""Manual09_7""]"
243,"""The provided manual does not contain information about a battery conversion feature."", []"
244,"""The watercraft is steered by turning the handlebars in the direction you wish to travel. Turning the handlebars changes the angle of the jet thrust nozzle, which changes the direction <PIC>. Steering control depends on the combination of handlebar position and the amount of throttle <PIC>. More throttle produces higher thrust for sharper turns. If the engine is stopped, there is no thrust and the watercraft will go straight even though the handlebars are turned <PIC>."", [""Manual20_50"", ""Manual20_74"", ""Manual20_75""]"
245,"""If an over temperature warning occurs, \""Over Temperature\"" will be displayed and the engine speed is automatically limited. Check that water comes out of the cooling water pilot outlets while the engines are running <PIC>. If you do not see any water, do not continue to run the engines. Follow the instructions on the displayed warning message <PIC> <PIC>. If you have any questions, consult a Boat Dealer."", [""Manual09_95"", ""Manual09_90"", ""Manual09_92""]"
246,"""To control music playback on your phone, please refer to the following operations: <PIC>."", [""Manual12_8""]"
247,"""To store wet items, use the wet storage compartment located under the swim platform. To open it: (1) Pull the lock handle up. (2) Turn the lock handle clockwise, and then open the rear platform hatch <PIC>. To close it: (1) Close the rear platform hatch. (2) Turn the lock handle counterclockwise and make sure that the hatch is securely closed. (3) Push the lock handle down <PIC>."", [""Manual09_143"", ""Manual09_144""]"
248,"""The battery compartment is located on the port side of the boat at the stern. To open the battery compartment: Unhook the latch, and then open the battery compartment lid. <PIC>"", [""Manual09_157""]"
249,"""The manual does not provide instructions for installing the anchor light while the boat is moving, as it is intended for navigation at night or in low-visibility conditions. \n\nTo set up the anchor light when needed:\n- 210FSH DELUXE: Remove the anchor light from the lockable storage compartment and fit anchor light stopper B into the anchor light socket <PIC> <PIC>.\n- 210FSH SPORT: Pull the lock tab, raise the anchor light located at the top of the T-top, and then move the lock tab to its original position to lock it in place <PIC>."", [""Manual09_165"", ""Manual09_166"", ""Manual09_160""]"
250,"""To use the jet wash:\n1. Connect the coil hose to the hose fitting <PIC>.\n2. Start the engines.\n3. Push the jet wash switch <PIC>.\n4. Move the jet wash handle lever to discharge water <PIC>.\n\nTo stop using the jet wash:\n1. Push the jet wash switch.\n2. Stop the engines.\n3. Push the collar on the hose fitting inward, and then disconnect the coil hose from the fitting <PIC>.\n\nTo turn the water supply on or off:\n1. Stop the engines.\n2. Open the rear platform hatch.\n3. Remove the inspection cover <PIC>.\n4. To turn on the water supply, turn the shut-off valve 90 clockwise <PIC>.\n5. To turn off the water supply, turn the shut-off valve 90 counterclockwise.\n6. Install the inspection cover.\n7. Close the rear platform hatch.\n\nWARNING: The jet wash system must be used only by a passenger who is not operating the boat."", [""Manual09_173"", ""Manual09_174"", ""Manual09_177"", ""Manual09_178"", ""Manual09_179"", ""Manual09_180""]"
251,"""Remove the inspection cover <PIC>. To turn on the water supply, turn the shut-off valve 90° clockwise <PIC>. To turn off the water supply, turn the shut-off valve 90° counterclockwise. Install the inspection cover and close the rear platform hatch when finished."", [""Manual09_179"", ""Manual09_180""]"
252,"""To remove the bimini top:\n\nFor 210FSH DELUXE:\n(1) Store the bimini top in the fully collapsed position.\n(2) Remove the main pole mounting pins securing the bimini top to the main pole mounting brackets. <PIC>\n(3) Remove the bimini top from the boat.\n\nFor 210FSH SPORT:\n(1) Open the flap on the starboard side of the bimini top. <PIC> <PIC>\n(2) Loosen the ratchet, and then loosen the strap securing the bimini top. <PIC>\n(3) Slowly pull the bimini top toward the bow and remove it."", [""Manual09_193"", ""Manual09_182"", ""Manual09_183"", ""Manual09_184""]"
253,"""To install the bimini top, simply reverse the removal steps, and then make sure that the main pole mounting pins are securely installed. <PIC>"", [""Manual09_182""]"
254,"""To store the bimini top in the upright position:\n(1) Remove the lock pins, and then push the center poles down. <PIC>\n(2) Pull the bimini top toward the bow. <PIC>\n(3) Install the storage cover."", [""Manual09_189"", ""Manual09_190""]"
255,"""To check the engine oil level on water, moor the boat so it will not drift away. Stop the engine, ensure the boat is level, and start the engine. Run it at idling speed for 6 minutes or more (add 5 minutes if the temperature is 20°C/68°F or less). Stop the engine, open the hood, and check the dipstick to ensure the oil level is between the minimum and maximum level marks <PIC>."", [""Manual09_218""]"
256,"""You can operate the bilge pump by turning on the bilge pump switch <PIC>. Even if the switch is not turned on, the bilge pump will automatically detect excessive water in the bilge and drain most of it through the outlet."", [""Manual09_201""]"
257,"""To perform the anchor light switch check:\n1. 210FSH DELUXE: Install the anchor light.\n2. Push the upper side of the navigation and anchor lights switch <PIC> and check that the bow light <PIC> and anchor light come on (210FSH SPORT <PIC>, 210FSH DELUXE <PIC>).\n3. Push the lower side of the navigation and anchor lights switch and check that only the anchor light comes on."", [""Manual09_223"", ""Manual09_224"", ""Manual09_225"", ""Manual09_226""]"
258,"""To start the engine, ensure the levers are in the neutral position due to the \""start-in-gear\"" protection. Always attach the engine shut-off cord (lanyard) to your PFD before starting the engine <PIC>."", [""Manual09_41""]"
259,"""To turn the boat while sailing, turn the steering wheel in the same direction you wish to travel. Steering control depends on the combination of steering wheel position and the amount of throttle; you need throttle to steer. At trolling speed, the boat can be turned gradually by steering wheel position alone using just the amount of thrust available at engine idle <PIC>."", [""Manual09_241""]"
260,"""To cross a wake or swell, change your speed and choose the angle at which you cross. Usually, a slower speed and \""quartering\"" the wake (crossing at an angle) will reduce the jolt <PIC>. Small swells are not as difficult to cross as larger swells or wakes, and crossing a sharp wake gives more of a jolt than a broad swell <PIC>. When crossing at a smaller angle, the effect can be very strong, so be prepared to steer and balance as necessary."", [""Manual09_249"", ""Manual09_250""]"
261,"""To load the boat after the cruise is over, follow these steps: 1. Drain any excess water from the bilge using the bilge pump. 2. Ensure all people are standing clear. 3. Lift the boat slowly just far enough to verify it is securely held and properly balanced. 4. If necessary, lower the boat again and adjust the slings. 5. When ready, lift the boat slowly and carefully."", []"
262,"""(1) Connect the garden hose adapter to a garden hose <PIC>. (2) Loosen the flush hose connector cap and remove it. Insert the garden hose adapter into the flush hose connector by pushing and twisting it until it is securely connected. (6) Turn off the water supply, and then drain residual water from the exhaust system by alternately pushing the remote control lever up to half throttle and back to idle for 10 to 15 seconds."", [""Manual09_257""]"
263,"""To replace a fuse: (1) Open the engine hood. (2) Unfasten the band. <PIC> (3) Remove the fuse box from the air filter case by pulling the fuse box toward the bow. (4) While pushing both sides of the fuse box cover inward, pull the cover toward the bow and remove it. <PIC> (5) When replacing the accessory fuse and bilge pump fuse, remove the fuse holder. (Open the battery compartment to access the accessory fuse and bilge pump fuse.) <PIC> (6) Replace the blown fuse with the spare fuse of the correct amperage by using the fuse puller. <PIC> (7) Install the fuse box cover. (8) If the accessory fuse or bilge pump fuse was replaced, install the fuse holder. (9) Install the fuse box to the air filter case. (10) Fasten the band. (11) Close the engine hood."", [""Manual09_281"", ""Manual09_282"", ""Manual09_284"", ""Manual09_283""]"
264,"""To check the engine oil level:\n1. If on land, place the boat in a precisely level position and supply water to the cooling water passages. If on water, moor the boat so that it will not drift away.\n2. With the engine stopped, look in all directions, and then start the engine.\n3. Run the engine at idling speed for 6 minutes or more. Run the engine an additional 5 minutes if the ambient temperature is 20 (68F) or less.\n4. Stop the engine.\n5. Open the engine hood to check the oil level. If the oil level is low, add enough engine oil to raise it to the proper level."", []"
265,"""The machine automatically enters power-off mode after 9 minutes. To turn it on, press the Espresso or Lungo button <PIC>. To turn it off manually before the automatic mode, press both the Espresso and Lungo buttons simultaneously <PIC> <PIC>. To change the setting, press the Espresso button: once for 9 minutes, twice for 30 minutes, and three times to deactivate <PIC> <PIC>. To exit the energy saving mode, press the Lungo button for 3 seconds <PIC>."", [""Manual07_3"", ""Manual07_4"", ""Manual07_5"", ""Manual07_7"", ""Manual07_8"", ""Manual07_9""]"
266,"""To change the default setting of the energy saving mode:\n1. With the machine turned off, press and hold the Espresso button for 3 seconds <PIC>.\n2. The Espresso button will blink to indicate the current setting.\n3. Press the Espresso button to change the setting: one time for power off mode after 9 minutes, one more time for power off mode after 30 minutes, or one more time to deactivate <PIC>.\n4. To exit the energy saving mode, press the Lungo button for 3 seconds <PIC> <PIC>."", [""Manual07_6"", ""Manual07_7"", ""Manual07_8"", ""Manual07_9""]"
267,"""To program the water volume:\n1. Turn the machine on and wait for it to be in ready mode (steady lights) <PIC>.\n2. Fill the water tank with potable water and insert a capsule <PIC>.\n3. Place a cup under the coffee outlet <PIC>.\n4. Press and hold the Espresso or Lungo button <PIC>.\n5. Release the button once the desired volume is served.\n6. The water volume level is now stored."", [""Manual07_24"", ""Manual07_25"", ""Manual07_26"", ""Manual07_27""]"
268,"""To empty the system before a period of non-use, for frost protection, or before a repair, follow these steps:\n1. Press both the Espresso and Lungo buttons to turn the machine off <PIC>.\n2. Remove the water tank and open the lever <PIC>.\n3. Press both the Espresso and Lungo buttons for 3 seconds <PIC>. Both LEDs will blink alternatively <PIC>.\n4. Close the lever <PIC>.\n5. The machine will switch off automatically.\n6. Empty and clean the used capsule container and drip tray.\nNote: The machine will be blocked for 10 minutes after emptying mode."", [""Manual07_28"", ""Manual07_29"", ""Manual07_30"", ""Manual07_31"", ""Manual07_32""]"
269,"""1. With the machine turned off, press and hold down the Lungo button for 5 seconds. <PIC>\n2. LEDs will blink fast 3 times to confirm the machine has been reset to factory settings. <PIC>\n3. LEDs will then continue to blink normally, as heating up, until ready. Steady lights indicate the machine is ready. <PIC>"", [""Manual07_33"", ""Manual07_34"", ""Manual07_35""]"
270,"""To clean your coffee maker and extend its lifespan:\n- Unplug the machine and let it cool down before cleaning. Never immerse it in water.\n- Clean the coffee outlet regularly with a soft damp cloth <PIC>.\n- The maintenance unit can be removed in separate pieces for easy cleaning <PIC>.\n- Use a damp cloth and mild cleaning agent for the surface.\n- Do not use strong cleaning agents, solvents, sharp objects, brushes, a dishwasher, or steam/pressure cleaners."", [""Manual07_47"", ""Manual07_48""]"
271,"""To open the wet storage compartment under the swim platform: (1) Pull the lock handle up <PIC>. (2) Turn the lock handle clockwise, and then open the rear platform hatch <PIC>."", [""Manual09_143"", ""Manual09_144""]"
272,"""To open the livewell, pull the latch to open the livewell lid <PIC> <PIC>. To add water, push the livewell switch to turn on the livewell pump and supply water <PIC>. When there is sufficient water, push the switch to turn off the pump."", [""Manual09_153"", ""Manual09_154"", ""Manual09_155""]"
273,"""The maintenance setting screen displays the number of hours that the engines have been running since the last maintenance <PIC>. It can be accessed by selecting the \""Wellness\"" button on the setting screen <PIC>."", [""Manual09_83"", ""Manual09_72""]"
274,"""The factory reset screen shows \""Factory Reset\"", \""Reset all parameters to factory setting?\"", and the \""Reset\"" and \""Back\"" buttons <PIC>."", [""Manual09_87""]"
275,"""The trip screen displays the hours of engine operation, fuel consumption, and other information. It includes items such as water temperature, average fuel consumption, trip distance, fuel used, fuel flow, highest speed, average speed, and engine hours <PIC> <PIC>."", [""Manual09_69"", ""Manual09_70""]"
276,"""When the remote control levers are moved farther forward, the shift gates are lifted all the way up <PIC>. All jet thrust is to the rear, which moves the boat forward."", [""Manual09_50""]"
277,"""Make sure the steering wheel is not loose. There should not be any free play, either in-and-out or in rotation. Always check throttle, shift, and steering controls for proper operation before starting the boat."", []"
278,"""One fire extinguisher (chemical-type, 2 lbs or more) is to be mounted in the lockable storage compartment. If you choose to have two, the other is to be mounted in the battery compartment <PIC>. The fire extinguisher located near the engine compartment should be a “clean agent” type (such as CO2 or FE-36?, 5 lbs or more) <PIC>."", [""Manual09_211"", ""Manual09_212""]"
279,"""Grease the throttle-cable inner wires at the pulley wheel of the APS. <PIC>"", [""Manual09_263""]"
280,"""When not using the camera, remove the battery and attach the protective cover to prevent shorting <PIC>. If the battery is left in the camera for a prolonged period without use, it may discharge excessively and affect its service life. Before using the camera again, be sure to recharge the battery. For details on recharging, refer to the instructions for Battery Pack BP-511A."", [""Manual10_10""]"
281,"""Load a fully charged BP-511A battery pack into the camera."", []"
282,"""To connect the camera to a household power outlet, use the optional AC Adapter Kit ACK-E2 <PIC>. Place the cord in the groove, open the battery compartment cover and the DC coupler cord notch cover <PIC>. Insert the DC coupler until the lock position, put the cord through the notch, and close the cover <PIC>."", [""Manual10_237"", ""Manual10_19"", ""Manual10_20""]"
283,"""To mount the lens:\n1. Remove the rear lens cap and the body cap by turning them as shown by the arrow. <PIC>\n2. Align the EF-S lens with the camera's white EF-S lens mount index and turn the lens as shown by the arrow until it clicks in place. When attaching a lens other than an EF-S lens, align the lens with the red EF lens index mark. <PIC>\n3. When attaching the lens, take care to prevent dust from entering the camera through the lens mount. <PIC>"", [""Manual10_21"", ""Manual10_22"", ""Manual10_24""]"
284,"""To install the card into the camera:\n1. Open the cover by sliding it as shown by the arrow <PIC>.\n2. Face the label side toward you and insert the end with the small holes into the camera <PIC>. The CF card eject button will pop out."", [""Manual10_25"", ""Manual10_26""]"
285,"""The provided manual does not contain information on how to remove the camera shutter button. It only describes how to use the shutter button, such as pressing it halfway to activate autofocusing and automatic exposure, and pressing it completely to take a picture."", []"
286,"""To replace the date/time battery:\n1. Turn the power switch to OFF, open the cover, and remove the battery. <PIC>\n2. Take out the battery holder. <PIC>\n3. Replace the battery in the battery holder, making sure it is in the proper +/- orientation. <PIC>\n4. Close the cover. <PIC>\nBe sure to use a new CR2016 lithium battery."", [""Manual10_46"", ""Manual10_47"", ""Manual10_48"", ""Manual10_49""]"
287,"""This is called \""focus lock.\"" After achieving focus, you can lock the focus on a subject and recompose the shot. Focus lock works only in the One-Shot AF mode."", []"
288,"""To use the eyepiece cover (useful during self-timer or remote operation to prevent stray light from affecting exposure):\n1. Remove the eyecup by pushing it upward from the bottom. <PIC>\n2. Attach the eyepiece cover by sliding it down into the eyepiece groove. <PIC>"", [""Manual10_154"", ""Manual10_155""]"
289,"""To select the AF mode before taking a picture:\n1. On the lens, set the focus mode switch to <AF>. <PIC>\n2. Set the Mode Dial to a Creative Zone mode.\n3. Press the <AF-WB> button. <PIC>\n4. While looking at the LCD panel, turn the <> dial to select the desired AF mode (ONE SHOT, AI FOCUS, or AI SERVO). <PIC>"", [""Manual10_99"", ""Camera_30"", ""Camera_31""]"
290,"""Set the Mode Dial to \""P\"" for Program AE in the Creative Zone."", []"
291,"""To view camera images on a TV, follow these steps:\n1. Always turn off the camera and the television before connecting them with the provided video cable.\n2. Set the power switch to ON.\n3. Press the playback button <PIC>. The image will appear on the TV screen (nothing will be displayed on the camera's LCD monitor).\n4. If the image is not displayed properly, ensure the proper video system format is set in [Video system].\n5. After finishing, set the switch to OFF to turn the TV off, then disconnect the video cable."", [""Manual10_183""]"
292,"""Press the playback button to display the image <PIC>. Turn the dial to select the image to be erased. Then turn the dial to select [Erase] and press the SET button <PIC>. The access lamp will blink and the image will be erased."", [""Manual10_184"", ""Manual10_186""]"
293,"""To erase all images:\n1. Press the playback button to display the image.\n2. Press the erase button to display the erase menu <PIC>.\n3. Turn the dial to select [All], then press the SET button <PIC>.\n4. Turn the dial to select [Erase], then press the SET button. The access lamp will blink and the images will be erased <PIC>.\nNote: Protected images will not be erased."", [""Camera_58"", ""Camera_59"", ""Manual10_186""]"
294,"""To print photos using the CP Direct method: 1. On the menu, set [Communication] to [PTP]. 2. Set the [Style]. 3. Turn the dial to select [OK], then press the SET button to start printing. <PIC>"", [""Manual10_188""]"
295,"""Look through the camera on the Dashboard to fine tune the picture. The camera sensor and lens unit can be physically tilted through a range of 65 degrees, rotated through a range of 350 degrees, and panned through a range of 350 degrees <PIC>. The image can only be rotated by 180 degrees in software, while zoom and focus can be adjusted remotely using the Dashboard."", [""Manual33_7""]"
296,"""The components you should have include the Right Earbud, Left Earbud <PIC>, and Charging Case <PIC>."", [""Manual12_2"", ""Manual12_3""]"
297,"""1. Insert the USB-C cable into the charging port located at the back of the charging case <PIC>. 2. Insert the standard USB cable into any suitable USB port <PIC>."", [""earphones_04"", ""earphones_05""]"
298,"""When pairing and connecting via Bluetooth, you might encounter these scenarios: 1. Auto-reconnect: If previously paired to a nearby device, they will automatically re-connect to it <PIC>. 2. Multipoint connection: Turn Bluetooth OFF on the first device to pair with a second device; turning it back ON will auto-reconnect the first device. 3. Pairing a new device: Turn Bluetooth OFF on your device or press and hold either earbud to enter pairing mode."", [""Manual12_7""]"
299,"""The two main controlling functions of the earphones are Voice Control and the earphones App (which allows you to customize button actions and enable advanced features)."", []"
300,"""Other functions include: activate phone Voice Assistant (press and hold to first beep then let go) <PIC>; activate music app (press and hold to first beep then let go); turn ON/OFF ambient awareness and ANC Modes (press the left earbud to cycle modes) <PIC>; turn ON/OFF Low Latency Mode (press and hold to second beep then let go) <PIC> <PIC>. You can also use the App to enable hands-free voice control, customize button actions, browse advanced features, and update firmware."", [""earphones_01"", ""earphones_02"", ""earphones_03"", ""Manual12_10""]"
301,"""Earbuds must be disconnected from Bluetooth and removed from the case to reset. To perform a factory reset, press and hold for 6 seconds to erase all settings. To perform a hardware reset (if earbuds lock up), press and hold for 10 seconds <PIC>, then press again to power on <PIC>."", [""Manual12_11"", ""Manual12_12""]"
302,"""The maintenance and care policies include: Clean with a soft cloth or paper towel and never use harsh chemicals or detergents. Ensure earphones are dry before charging. Store in a cool, dry place when not in use, and avoid exposure to high temperatures or extreme cold. Never tug or yank cables connected to the charging case; connect and disconnect carefully. Recycle or dispose of properly according to local laws, and contact local recycling facilities or the manufacturer for more information."", []"
303,"""Based on the manual, the buttons, interfaces, and screen options are distributed across the following views:\n1. Navigation button view: Prev/Next Page button, Navigation/Menu button, Zoom in/out button, and Rotate button.\n2. Bottom view: 3.5 mm Earphone Jack and USB Port.\n3. Screen view (eBook mode): Pressing the \""M\"" button displays options including Page Jump, Save Mark, Load Mark, Del Mark, Browser Mode, Flip Time, Brightness, and Set color <PIC>."", [""eReader_08""]"
304,"""The Main Menu interface shows all features of the device, including \""Browser History\"", \""eBook\"", \""Music\"", \""Video\"", \""Photo\"", \""Record\"", \""Explorer\"", and \""settings\"". You can select the desired function and enter it <PIC>. The Browser History displays recently browsed files. You can move the Navigation keys to select a book and press the \""M\"" button to enter, which will take you to the last page you read. Note: If recently read files from the Micro SD card are deleted, the records will remain in the \""Browser history\"" list but cannot be opened <PIC>."", [""Manual13_3"", ""Manual13_4""]"
305,"""When in eBook mode, pressing the \""M\"" button allows you to enter \""Page Jump\"", \""Save Mark\"", \""Load Mark\"", \""Del Mark\"", \""Browser Mode\"", \""Flip Time\"", \""Brightness\"", and \""Set color\"" <PIC> <PIC>."", [""eReader_08"", ""Manual13_5""]"
306,"""To listen to music, connect the device to your computer via USB cable and drag your audio files (supports MP3, WMA, WAV, ACC, ECT formats) into the device. Open the audio files list in the main menu, select the desired file, and press \""M\"" to enter play mode <PIC>. Use the \""left/right direction\"" keys to switch tracks, the \""Up/Down\"" keys to adjust the volume, and the \""Play/Pause\"" key to pause or continue <PIC>."", [""Manual13_8"", ""Manual13_7""]"
307,"""Yes, this eReader can record voice. To operate this feature, select \""Record\"" in the main menu <PIC>, then click the \""M\"" button to enter the voice record mode <PIC>."", [""Manual13_3"", ""Manual13_11""]"
308,"""To play video, go to \""Video\"" in the main menu <PIC> and press the \""M\"" key to enter the Video mode. This device supports AVI, RMVB, and MPEG2 video formats. The video playing interface is shown as <PIC>."", [""Manual13_3"", ""Manual13_9""]"
309,"""Yes, this eReader supports JPEG and BMP formats. To operate the photo viewer: 1. Select \""Photo\"" from the Main Menu <PIC> and press the \""M\"" button to enter Photo mode. 2. Press the \""left / right\"" navigation keys to view the previous or next photo. 3. Press the \""Play/Pause\"" key to rotate the photo <PIC>. 4. Press the zoom keys to zoom in or out."", [""Manual13_3"", ""Manual13_10""]"
310,"""Troubles and solutions include: 1. Defective AC adaptor/USB cable: Contact manufacturer for replacement. 2. No sound/noise with earphones: Adjust volume (not at 0), try another earphone, or ensure high music file compression rate. 3. Cannot download files: Check for defective USB cable, ensure memory is not full, or install USB2.0 driver for Windows 98. 4. Cannot play certain music formats: Contact tech support. 5. Device damage: Avoid unnecessary pressure or striking the device."", []"
311,"""Put the product near a telephone wall jack and a standard AC power outlet. To program this information into your machine, see the Online User's Guide: Set the Date and Time and Set Your Station ID."", []"
312,"""To ensure your safety when using the fax, please pay attention to the following:\n? Do not use the product near water or wet locations (e.g., bathtub, sink, washing machine, or swimming pool).\n? Use only a No. 26 AWG or larger telecommunication line cord.\n? Install the product near an easily accessible AC power outlet so you can unplug it in an emergency.\n? Do not place the product near sources of interference, such as speakers or cordless telephone base units.\n? Do not place anything in front of the product that will block printed pages or received faxes.\n? Read and follow all warnings and instructions marked on the product."", []"
313,"""To prevent injuries, be careful not to put your fingers in the areas shown in the illustrations <PIC>. When changing the tray size from the large paper size to the original size, be careful not to pinch your fingers in the gaps or slots in the bottom of the tray <PIC>."", [""Manual15_6"", ""Manual15_7""]"
314,"""When moving and placing your fax, please pay attention to the following:\n1. Do not place it near water or locations that may become wet, such as near a bathtub, wash bowl, kitchen sink, washing machine, in a wet basement, or near a swimming pool.\n2. Do not place it next to sources of interference, such as speakers or the base units of cordless telephones.\n3. Do not place anything in front of the product that will block printed pages or received faxes."", []"
315,"""Yes, they are important. DO NOT remove or damage any of the caution or warning labels inside the product <PIC> <PIC>."", [""Manual15_14"", ""Manual15_15""]"
316,"""Yes. For models with the fax function in Canada, the product meets the applicable Innovation, Science and Economic Development Canada technical specifications. There is also an Industry Canada Compliance Statement confirming the device complies with Industry Canada's licence-exempt RSSs. Additionally, the machine is approved for use in the country of purchase only, and local fax companies or dealers will only support machines purchased in their own country."", []"
317,"""1. Secure the LP tank onto the grill and turn all control knobs to the OFF position.\n2. Turn the LP tank OFF by turning the OPD hand wheel clockwise to a full stop.\n3. Remove the protective cap from the LP tank valve. Always use the cap and strap supplied with the valve <PIC>. Do not use a POL transport plug.\n4. Hold the regulator and insert the nipple into the LP tank valve. Hand-tighten the coupling nut, holding the regulator in a straight line with the LP tank valve so as not to cross-thread <PIC>. The nipple has to be centered into the LP tank valve <PIC>.\n5. Turn the coupling nut clockwise and tighten to a full stop. An additional one-half to three-quarters turn is required to complete the connection. Tighten by hand only; do not use tools."", [""Manual19_16"", ""Manual19_17"", ""Manual19_18""]"
318,"""To perform a leak test on the valves, hose, and regulator for your safety, follow these steps:\n1. Turn all grill control knobs to OFF.\n2. Ensure the regulator is tightly connected to the LP tank.\n3. Completely open the LP tank valve by turning the hand wheel counterclockwise. If you hear a rushing sound, turn the gas off immediately, as there is a major leak.\n4. Use a clean paintbrush and a 50/50 mild soap and water solution. Brush the soapy solution onto the areas indicated by arrows in the figure <PIC>.\n5. If \""growing\"" bubbles appear, there is a leak. Close the LP tank valve immediately and retighten the connections.\n6. Always close the LP tank valve after performing the leak test by turning the hand wheel clockwise.\n\nSafety precautions:\n- Do not smoke or use an open flame to check for gas leaks.\n- Perform the leak test outdoors in a well-ventilated area, away from ignition sources, open flames, or sparks.\n- Repeat the leak test each time the LP tank is exchanged or refilled."", [""Manual19_20""]"
319,"""Always cook with the lid closed. Cooking times may vary due to weather conditions. During cold and windy conditions, the temperature setting may need to be increased to ensure sufficient cooking temperatures <PIC>."", [""Manual19_37""]"
320,"""The provided manual excerpts do not contain the first three steps of the assembly process."", []"
321,"""Here are some safety tips for using the grill:\n- Do not let children operate or play near the grill. Keep the grill area clear of flammable materials.\n- Use the grill only in a well-ventilated space. NEVER use it in enclosed spaces like a garage, porch, or under an overhead structure.\n- Do not block holes in the bottom or back of the grill. Check burner flames regularly.\n- Before opening the LP tank valve, check the coupling nut for tightness. Turn off all control knobs and LP tank valve when not in use.\n- Never move the grill while in operation or still hot.\n- Use long-handled barbecue utensils and oven mitts. Maximum load for shelves is 10 lbs. Do not use a cooking pot larger than 9 inches on the grid.\n- The grease tray must be emptied after each use. Do not remove it until the grill has completely cooled.\n- If ignition does not occur in 5 seconds, turn the burner control knob OFF, wait 5 minutes, and repeat.\n- Do not use water on a grease fire. If a grease fire develops, turn knobs and LP tank off. Do not leave the grill unattended while preheating. <PIC>"", [""Manual19_26""]"
322,"""The identification numbers include the Primary Identification (PRI-ID) number, Hull Identification Number (HIN), and engine serial number. The PRI-ID number is stamped on a label <PIC> attached inside the engine compartment <PIC>."", [""Manual20_0"", ""jetski_01""]"
323,"""Cruising limitations include: Scan constantly for people, objects, and other watercraft. Be alert for conditions that limit your visibility or block your vision of others <PIC>. Operate defensively at safe speeds and keep a safe distance away from people, objects, and other watercraft. Do not follow directly behind watercraft or other boats. Do not go near others to spray or splash them with water."", [""Manual20_16""]"
324,"""Cruising limitations include: constantly scan for people, objects, and other watercraft, and be alert for conditions that limit visibility or block your vision of others <PIC>. Operate defensively at safe speeds and keep a safe distance away from people, objects, and other watercraft. Do not follow directly behind watercraft or other boats, and do not go near others to spray or splash them with water."", [""Manual20_16""]"
325,"""To use your jetski, you must follow these operation requirements:\n1. Comply with all waterway rules and regulations.\n2. The recommended minimum operator age is 16. Minors must be supervised by adults, and you should know your state's age and training requirements. A boating safety course is recommended.\n3. All riders must wear a Coast Guard approved personal flotation device (PFD) suitable for personal watercraft use.\n4. All riders must wear protective clothing, such as a wetsuit bottom or thick, tightly woven, sturdy and snug-fitting apparel like denim. Normal swimwear or spandex fabrics do not provide adequate protection."", []"
326,"""Jet thrust turns the watercraft. Releasing the throttle completely produces only minimum thrust, resulting in rapidly decreasing steering ability at speeds above trolling. The watercraft will not respond to handlebar input once the engine slows down until throttle is applied again or trolling speed is reached. It is also legally considered a powerboat."", []"
327,"""When encountering other vessels, there are three main situations: Meeting (approaching head-on), Crossing (traveling across another vessel's path), and Overtaking (passing or being passed). In a meeting situation, both you and the meeting vessel must alter course to avoid each other. You should give the right-of-way to any vessels shown in the white area <PIC> (you are the give-way vessel). Any vessels in the shaded area must yield to you."", [""Manual20_26""]"
328,"""To remove the seat: Pull the seat latch up, and then pull the seat off. To install the seat: Insert the projection on the front of the seat into the stay on the deck, and then push the rear of the seat down to lock it in place securely."", []"
329,"""To open the hood, push the latch down, and then lift the hood up <PIC>. To close the hood, push the hood down to lock it in place <PIC>. Make sure that the hood is properly secured before operating the watercraft."", [""Manual20_38"", ""Manual20_39""]"
330,"""To remove the oil tank filler cap <PIC>, turn it counterclockwise. To remove the fuel tank filler cap <PIC>, turn it counterclockwise. Make sure that the filler caps are properly secured before operating the watercraft."", [""Manual20_41"", ""Manual20_40""]"
331,"""To manipulate the two kinds of engine switches:\n1. Engine shut-off switch: Remove the clip to stop the engine and disable it from starting. Attach the engine shut-off cord to your wrist, and then install the clip to the engine shut-off switch.\n2. Start switch: Push to start the engine. <PIC>"", [""Manual20_24""]"
332,"""Squeeze the throttle lever to increase engine speed. Release the throttle lever to decrease engine speed or to return it to the idle position. <PIC>"", [""Manual20_47""]"
333,"""The QSTS selector is located at the left handlebar grip and adjusts the watercraft's trim angle by changing the jet thrust nozzle angle vertically <PIC>. Caution: Do not turn the QSTS selector at full throttle to avoid damage. The neutral \""N\"" position is suitable for most conditions; select bow down or bow up to enhance specific performance."", [""Manual20_52""]"
334,"""The hour meter shows the hours of engine operation that have elapsed since the watercraft was new, making it easy to follow the maintenance schedule <PIC>. The fuel meter is provided for convenient fuel level checking while riding, and it has eight segments which show the amount of fuel remaining in the fuel tank <PIC>."", [""Manual20_54"", ""Manual20_58""]"
344,"""To inspect the fuel tank, check it <PIC> for leakage or water. If water is found in the fuel system or the tank needs cleaning, have a Yamaha dealer service the watercraft. The watercraft is equipped with a disposable fuel filter <PIC>. It should be replaced after the initial 10 hours or first month, and every 200 hours or 24 months thereafter, or if water is found. Do not try to replace the fuel filter yourself; have a Yamaha dealer replace it if necessary."", [""Manual20_82"", ""Manual20_81""]"
345,"""To adjust the adjustable sponson:\n1. Remove the bolts on both sponsons. <PIC>\n2. Remove both sponsons, and then install them in the desired position."", [""Manual20_83""]"
346,"""1. Beach the watercraft and check the intake and impeller. Always stop the engine before beaching. 2. Shut the engine off and remove the clip from the engine shut-off switch. 3. Turn the watercraft on its side as shown <PIC> and remove the weeds or debris."", [""Manual20_85""]"
347,"""Starting from a dock:\n1. Board the watercraft from the side.\n2. Attach the engine shut-off cord to your left wrist, and then install the clip to the engine shut-off switch.\n3. Push the watercraft away from the dock, grip the handlebars with both hands, place both feet on the floor of the footwell, start the engine, and start off. <PIC>"", [""Manual20_89""]"
348,"""1. The passenger must steady the watercraft while the operator climbs on board and sits astride the seat.\n2. The operator pulls himself up onto the platform into a seating position, then balances the watercraft <PIC>.\n3. Attach the lanyard to your left wrist, then install the clip on the lanyard to the engine shut-off switch.\n4. Start the engine and keep it at idle.\n5. The passenger pulls himself up on the platform, kneels down, then crawls onto the seat as the watercraft accelerates.\n6. The operator should check to see that the passenger has his or her feet on the floor of the footwell and that he or she is securely holding on to the operator <PIC>.\n7. The watercraft can now be accelerated to planing speed, then the operator can reduce the throttle to the desired running speed <PIC> <PIC>."", [""jetski_06"", ""jetski_07"", ""jetski_08"", ""Manual20_91""]"
349,"""If it is difficult to balance the watercraft at a standstill, proceed as follows: 1. The passenger must steady the watercraft while the operator is boarding. 2. The operator pulls himself up onto the platform into a seating position, then balances the watercraft. <PIC>"", [""jetski_06""]"
350,"""The maximum load of the jetski is 160 kg (353 lb), which is the total weight of cargo, operator, and passenger."", []"
351,"""The overview of the base station includes buttons to find handsets (press) and enter the registration mode (press and hold) <PIC> <PIC>, along with a speaker <PIC>."", [""Manual22_18"", ""Manual22_19""]"
352,"""To connect the base station, connect each end of the power adapter to the DC input jack at the bottom of the base station and the power socket on the wall. Then, connect each end of the line cord to the telephone socket at the bottom of the base station and the telephone socket on the wall. <PIC>"", [""Manual22_22""]"
353,"""The batteries are pre-installed in the handset. Pull the battery tape off from the battery door before charging. <PIC> Make sure that you have read the safety instructions before you connect and install your handset. <PIC>"", [""Manual22_23"", ""Manual22_20""]"
354,"""The battery icon displays the current battery level <PIC>. When the handset is off the base station, the bars indicate the battery level (full, medium and low). When the handset is on the base station/charger, the bars flash until charging is complete. The empty battery icon flashes when the battery is low and needs recharging <PIC>."", [""Manual22_28"", ""Manual22_29""]"
355,"""If your handset is in searching status, you can do the following:\n- Make sure that the base station has power supply.\n- Register the handset to the base station.\n- Move the handset closer to the base station."", []"
356,"""You can know the current status with different LED indicator behavior on the base station as shown in the table below: <PIC>"", [""Manual22_46""]"
357,"""You can know the current status with different LED indicator behavior on the base station as shown in the table below: <PIC> Steady on: There is no new message and the memory is not full, the handset is switched on, or enter the paging mode. Flashing: There is a new message and the memory is not full, there is an incoming call, recording an incoming message/announcement, message playback, or remote access/listen to messages from the handset. Flashing (Fast): There is no new message and the memory is full, or enter the registration mode."", [""Manual22_46""]"
358,"""1. Remove the hairpin cotters and remove the 2 pins.\n2. Lower the roll bar to the down position (note that there are 2 down positions) <PIC>.\n3. Install the 2 pins and secure them with the hairpin cotters."", [""Manual23_32""]"
359,"""To adjust the rear-shock assemblies, position them anywhere in the slot to achieve your most comfortable ride. The slots have detent positions for reference, but you are not limited to them <PIC>. Ensure that the left and right rear-shock assemblies are always adjusted to the same positions <PIC>."", [""Manual23_37"", ""Manual23_38""]"
360,"""To adjust the height of cut for a lawn mower with an electric deck lift:\n1. Push up on the deck-lift switch <PIC>.\n2. Select a hole in the height-of-cut bracket corresponding to the height of cut desired, and insert the pin <PIC>."", [""Manual23_55"", ""Manual23_56""]"
361,"""The provided manual excerpts do not contain information on how to load the lawn mower."", []"
362,"""To remove the mower deck: 1. Park the machine on a level surface, disengage the blade-control switch (PTO), and engage the parking brake. 2. Shut off the engine, remove the key, and wait for all moving parts to stop. 3. Place the height-adjustment pin in the 7.6 cm (3 inch) cutting-height location. 4. Remove the belt covers. 5. Remove the mower belt. 6. Raise the machine and support it with jack stands. 7. Use a 1/2-inch ratchet or breaker bar in one of the square holes in the idler arm to remove tension on the idler spring <PIC>. 8. Remove the existing belt from the idler pulley, 2 hydraulic-pump-drive pulleys, and engine pulley."", [""Manual23_102""]"
363,"""1. Start the engine and let it run for 5 minutes to warm the oil.\n2. Park the machine so that the drain side is slightly lower than the opposite side.\n3. Disengage the blade-control switch (PTO) and engage the parking brake.\n4. Drain the oil.\n5. Slowly pour approximately 80% of the specified oil into the filler tube and slowly add the additional oil to bring it to the Full mark <PIC> <PIC>.\n6. Start the engine and drive to a flat area.\n7. Check the oil level again.\nNote: Dispose of the used oil at a recycling center. If changing the engine-oil filter, change the filter <PIC> ensuring the gasket touches the engine, then turn it an extra 3/4 turn, and fill the crankcase with new oil."", [""Manual23_75"", ""Manual23_76"", ""Manual23_77""]"
364,"""To remove the filters:\n1. Park the machine on a level surface, disengage the blade-control switch (PTO), and engage the parking brake.\n2. Shut off the engine, remove the key, and wait for all moving parts to stop.\n3. Release the latches on the air cleaner and pull the air-inlet cover off the air-cleaner body <PIC>.\n4. Gently slide the primary filter out of the air-cleaner body <PIC>.\n5. Remove the inner filter only if you intend to replace it."", [""Manual23_83"", ""Manual23_82""]"
365,"""To replace the mower belt:\n1. Shut off the engine, remove the key, and wait for all moving parts to stop.\n2. Use a ratchet in the square hole in the idler arm to remove tension on the idler spring <PIC> <PIC>.\n3. Remove the belt guide on the spring-loaded idler arm <PIC>.\n4. Remove the existing belt from the mower-deck pulleys and the clutch pulley <PIC> <PIC>.\n5. Install the new belt around the mower pulleys and the clutch pulley under the engine <PIC>.\n6. Install the belt guide on the idler arm <PIC>.\n7. If necessary, remove the belt covers, loosen the mower deck idler, remove the bolts and nuts <PIC>, and slide the deck out to access the belt."", [""Manual23_100"", ""Manual23_102"", ""Manual23_128""]"
366,"""Touch the Control Set-Up pad to change the oven's default settings for sound, clock, display speed and defrost weight from Lbs to Kg."", []"
367,"""To set the light timer:\n1. Touch Light Timer pad (Press once for AM, twice for PM).\n2. Enter the time you want the Light to turn on using the number keypad.\n3. Touch Light Timer pad again (Press once for AM, twice for PM).\n4. Enter the time you want the Light to turn off using the number keypad.\n5. Touch Start pad. <PIC>"", [""Manual24_11""]"
368,"""To set your favorite recipe:\n1. Touch the Favorite Recipe pad.\n2. Enter the desired cook time using the number keypad.\n3. Touch the Start pad. <PIC>"", [""Manual24_16""]"
369,"""To reheat food, you can use the Reheat (Sensor) or Pizza (Sensor) functions without programming times and power levels.\nFor Reheat (Casserole, Dinner Plate, Soup/Sauce):\n1. Touch the Reheat pad.\n2. Choose the food category by touching the corresponding number pad <PIC>.\nExample procedure <PIC>.\nRecommended amounts <PIC>.\nFor Pizza:\n1. Touch the Pizza pad.\nRecommended amounts and procedure <PIC>."", [""Manual24_29"", ""Manual24_30"", ""Manual24_31"", ""Manual24_24""]"
370,"""To use Auto Defrost:\n1. Touch Auto Defrost pad.\n2. Choose food category. Touch number pad (1 for Meat, 2 for Poultry, 3 for Fish) <PIC>.\n3. Enter the weight by touching number pads.\n4. Touch Start pad <PIC>.\nNOTE: The oven will beep during the DEFROST cycle. At this time, open the door and turn, separate, or rearrange the food."", [""Manual24_32"", ""Manual24_33""]"
371,"""1. To remove the grease filter, slide it to the side, pull downward, and push to the other side to let it drop out <PIC>.\n2. Wash it in a dishwasher or soak it in hot water with a mild detergent. Rinse well and shake to dry. Note: Do not use ammonia, and avoid placing the aluminum filter in a dishwasher as it will darken <PIC>.\n3. To reinstall, slide the filter into the side slot, then push up and toward the oven center to lock it <PIC>."", [""Manual24_47"", ""Manual24_48"", ""Manual24_49""]"
372,"""To replace the charcoal filter:\n1. Unplug the oven or turn off power at the main power supply.\n2. Remove the two vent grill mounting screws (2 middle screws) <PIC>.\n3. Tip the grill forward, then lift it out.\n4. Remove the old filter <PIC>.\n5. Slide a new charcoal filter into place. The filter should rest at the angle shown.\n6. Slide the bottom of the grill into place. Push the top until it snaps into place. Replace the mounting screws. Turn the power back on at the main power supply and set the clock <PIC>."", [""Manual24_50"", ""Manual24_51"", ""Manual24_52""]"
373,"""To replace the oven light (wear gloves to avoid injury): 1. Unplug the oven or turn off power at the main power supply. 2. Remove the vent cover mounting screws (2 middle screws). 3. Tip the cover forward, then lift out to remove. <PIC> 4. Remove the bulb holder. <PIC> 5. Lift up the bulb holder. <PIC> 6. Replace the bulb with a 30 or 40 watt appliance bulb. 7. Replace the bulb holder. 8. Slide the bottom of the vent cover into place, push the top until it snaps into place, replace the mounting screws, and turn the power back on."", [""Manual24_54"", ""Manual24_55"", ""Manual24_56""]"
374,"""To set the PCI Express 3.0 x16 slots:\n- **Physical Setup**: For a single VGA card, use the PCIe 3.0 x16_1 slot (gray) for better performance. When using multiple graphics cards, connect a chassis fan to the CHA_FAN1/2/3 connector for a better thermal environment and ensure sufficient power is provided.\n- **BIOS Configuration**: In the PEG Port Configuration, use the \""PCIEx16_1/ PCIEx16_2 Link Speed\"" option to configure the speed for slot 1 or 2. Available options are [Auto], [Gen1], [Gen2], and [Gen3].\n- **Operating Modes**: The slots operate in different modes depending on the number of installed cards (Single: x16, Dual: x8/x8, Triple: x8/x8/x4) <PIC>."", [""Manual25_31""]"
375,"""The motherboard features a Clear RTC RAM (2-pin CLRTC) jumper, which allows you to clear the CMOS memory of date, time, and system setup parameters (such as system passwords) by erasing the CMOS RTC RAM data <PIC>. Please note that the fan connectors are not jumpers; do not place jumper caps on the fan connectors <PIC>."", [""Manual25_33"", ""Manual25_41""]"
376,"""The rear panel connectors include: 1. PS/2 Mouse/Keyboard combo port. 2. Display Port. 3. Video Graphics Adapter (VGA) port. 4. LAN (RJ-45) port. <PIC>"", [""Manual25_35""]"
377,"""You can turn off the model name LEDs or change the lit modes from the BIOS or the LED Control app in Ai Suite 3. To change the setting in BIOS, go to Advanced > Onboard Devices Configuration > Model Name LED Lighting. The lit modes are <PIC>."", [""Manual25_56""]"
378,"""To update the BIOS file:\n1. On the FreeDOS prompt, type bupdater /pc /g and press <Enter>.\n2. On the BIOS Updater screen, press <Tab> to switch from Files panel to Drives panel then select D:.\n3. Press <Tab> to switch from Drives panel to Files panel then press <Up/Down or Home/End> keys to select the BIOS file and press <Enter>. <PIC>\n4. After the BIOS Updater checks the selected BIOS file, select Yes to confirm the BIOS update."", [""Manual25_63""]"
379,"""To create RAID:\n1. Press <F11> on your keyboard or click the icon from the BIOS screen to open EZ Tuning Wizard screen.\n2. Click RAID then click Yes to enable RAID. Ensure that your HDDs have no existing RAID volumes and connect your HDDs to Intel SATA connectors.\n3. The available HDDs display. Click Next to continue. <PIC>\n4. Select the type of storage for your RAID: Easy Backup or Super Speed, then click Next. <PIC>\n5. For Super Speed, select from Super Speed (RAID0) or Super Speed (RAID5) then click Next. <PIC>\n6. After selecting the type of RAID, click Yes to continue the RAID setup.\n7. After the RAID setup is done, click Yes to exit the setup then click OK to reset your system.\nAdditionally, if you intend to create a Serial ATA RAID set, set the SATA Mode item in the BIOS to [RAID]. You can create RAID 0, 1, 5, and 10 configuration through the onboard Intel chipset. <PIC> <PIC>"", [""Manual25_72"", ""Manual25_73"", ""Manual25_75"", ""Manual25_48"", ""Manual25_49""]"
380,"""Requirements: 1 x support DVD, 1 x OS 7 installation source, 1 x SATA ODD, 1 x USB device (ODD or storage, 8 GB or more capacity).\n1. Insert the OS 7 installation DVD into a USB ODD, or copy all files to a USB storage device on a working system.\n2. Connect the USB ODD or USB storage device to your platform.\n3. Power on your system and press F8 during POST to enter the boot screen.\n4. Select the ODD or USB storage device as the boot device. <PIC>\n5. The USB 3.0 driver will be loaded automatically. The “Setup is starting...” screen will show up if loaded correctly. <PIC>\n6. Follow the onscreen instructions to complete the OS 7 installation."", [""Manual25_87"", ""Manual25_88""]"
381,"""Place nine screws into the holes indicated by circles to secure the motherboard to the chassis. Do not over tighten the screws! Doing so can damage the motherboard. <PIC>"", [""Manual25_6""]"
382,"""To prepare the CPU installation:\n- Unplug all power cables before installing the CPU <PIC>.\n- Ensure that you install the correct CPU designed for the LGA1151 socket only. DO NOT install a CPU designed for LGA1150, LGA1155, and LGA1156 sockets on the LGA1151 socket.\n- Upon purchase of the motherboard, ensure that the PnP cap is on the socket and the socket contacts are not bent <PIC>.\n- Ensure that the CPU is firmly clicked into place before installing it onto the CPU socket on the motherboard <PIC> <PIC> <PIC>.\n- Use the CPU Installation Tool for installing the CPU only. DO NOT damage or bend the CPU Installation Tool. Always firmly hold both sides of the CPU Installation Tool when installing, removing, or picking up the CPU Installation Tool."", [""Manual25_9"", ""Manual25_10"", ""Manual25_11"", ""Manual25_12""]"
383,"""The motherboard comes with four DDR4 DIMM sockets. DO NOT install a DDR, DDR2, or DDR3 memory module to the DDR4 slot <PIC>. DIMM voltage below 1.65V is recommended to protect the CPU. Due to memory address limitation on a 32-bit OS, the actual usable memory for 4GB or more is about 3GB or less; therefore, use a maximum of 3GB system memory for a 32-bit OS, or install a 64-bit OS for 4GB or more. The default memory operation frequency is dependent on its SPD."", [""Manual25_18""]"
384,"""The Serial port connector (10-1 pin COM) is for a serial (COM) port. Connect the serial port module cable to this connector, then install the module to a slot opening at the back of the system chassis <PIC>. Please note that the COM module is purchased separately."", [""Manual25_39""]"
385,"""The 14-1 pin TPM connector supports a Trusted Platform Module (TPM) system, which securely stores keys, digital certificates, passwords, and data. A TPM system also helps enhance network security, protects digital identities, and ensures platform integrity. <PIC>"", [""Manual25_40""]"
386,"""The Thermal sensor connector (2-pin T_SENSOR) is for the thermistor cable that allows you to monitor the temperature of your motherboard’s critical components and connected devices. The thermistor cable is purchased separately <PIC>."", [""Manual25_43""]"
387,"""To set quick release, press the quick release button down until it clicks and locks into the Vent position <PIC>. When pressed down, a jet of steam will eject through the top of the steam release valve, which is normal. When the pressure has been fully released, the float valve drops into the lid."", [""multi-use_pressure_cooker_and_air_fryer_01""]"
388,"""The pressure cooking lid is used for Pressure Cook, Sauté, Slow Cook, Steam, and Sous Vide <PIC>. Tip: A jingle sounds when the lid is in the correct position, and the display indicates OFF."", [""multi-use_pressure_cooker_and_air_fryer_03""]"
389,"""The float valve and silicone cap work together to seal in pressurized steam. These parts must be installed before use. Do not attempt to operate the Multi-use pressure cooker and air fryer without the float valve properly installed. Do not touch the float valve during use. <PIC>"", [""Manual30_18""]"
390,"""The anti-block shield prevents food particles from coming up through the steam release pipe, assisting with pressure regulation. It is integral to product safety and necessary for pressure cooking <PIC>. To install, place the shield over the prongs and press down until it snaps into position. Do not attempt to operate the pressure cooker without the anti-block shield installed <PIC>."", [""Manual30_19"", ""Manual30_35""]"
391,"""The quick release button controls the steam release valve. You can set it to the Seal position by flicking it to seal, or to the Vent position by pressing it to vent <PIC>."", [""Manual30_14""]"
392,"""Place the anti-block shield over the prongs and press down until it snaps into position <PIC>."", [""Manual30_35""]"
393,"""To install the float valve and silicone cap:\n1. Drop the narrow end of the float valve into the float valve hole on the top of the lid <PIC>.\n2. Place one finger on the flat top of the float valve, then turn the lid over.\n3. Firmly attach the silicone cap to the bottom of the float valve <PIC>.\nDo not attempt to operate the pressure cooker without them properly installed."", [""Manual30_18"", ""Manual30_37""]"
394,"""Align the grooves on the condensation collector over the tabs on the back of the cooker base and slide the condensation collector into place. <PIC>"", [""Manual30_38""]"
395,"""Place the sealing ring over the sealing ring rack and press it firmly into place to prevent puckering. When installed properly, the sealing ring is snug behind the sealing ring rack and should not fall out when the lid is turned over <PIC>."", [""Manual30_31""]"
396,"""To remove the silicone sealing ring, grip the edge of the silicone and pull the sealing ring out from behind the circular stainless-steel sealing ring rack <PIC>. The sealing ring is easiest to remove and install when it is wet and soapy."", [""Manual30_30""]"
397,"""The sealing ring creates an air-tight seal between the lid and the inner pot <PIC>. It must be installed before use, and only one ring should be installed at a time. Since silicone absorbs aromas and flavors, keeping extra rings is recommended to limit flavor transfer. Only use authorized sealing rings; do not use stretched or damaged ones, and always check for cuts, deformation, and correct installation before cooking. Replace the sealing ring every 12-18 months, or sooner if stretching, deformation, or damage is noticed."", [""Manual30_16""]"
398,"""The steam release valve sits loosely on the steam release pipe and is integral to product safety and necessary for pressure cooking. The quick release button controls the steam release valve to determine whether pressure is released or not <PIC>. When pressed down or when the cooker releases pressure, a jet of steam ejects from the top of the steam release valve <PIC>. WARNING: Do not cover or block the steam release valve in any way <PIC>."", [""Manual30_14"", ""multi-use_pressure_cooker_and_air_fryer_01"", ""Manual30_15""]"
399,"""The quick release button controls the steam release valve to release pressure. It stops cooking quickly and prevents overcooking, perfect for quick-cooking vegetables and delicate seafood <PIC>. To use it, press the quick release button down until it clicks and locks into the Vent position <PIC>. When pressed, a jet of steam ejects through the top of the steam release valve, which is normal. When pressure is fully released, the float valve drops into the lid <PIC>."", [""Manual30_14"", ""multi-use_pressure_cooker_and_air_fryer_01"", ""multi-use_pressure_cooker_and_air_fryer_02""]"
400,"""Natural Release (NR or NPR) means the cooker depressurizes naturally over time as the temperature drops. To use it, leave the quick release button in the Seal position (popped-up) after cooking completes <PIC> and turn Keep Warm off. The meal continues to cook (carryover cooking), which is great for large cuts of meat. Depressurization can take up to 40 minutes. When fully released, the float valve drops into the lid."", [""Manual30_9""]"
401,"""The provided manual excerpts do not contain information about the robot anatomy of the vacuum."", []"
402,"""The dual mode virtual wall barrier can be set to one of two modes to fit your home's cleaning needs (See Figure 1)."", []"
403,"""1. Press bin release button to remove bin. <PIC>\n2. Open bin door to empty bin. <PIC>"", [""Manual32_8"", ""Manual32_9""]"
404,"""To clean the vacuum cleaner filter, follow these steps:\n1. Remove the filter by grasping the yellow tab <PIC>.\n2. Shake off debris by tapping the filter against your trash container <PIC>.\n3. Reinsert the filter with the yellow tab facing up. Note that the filter door won't close unless the filter is reinserted."", [""Manual32_10"", ""Manual32_11""]"
405,"""The proper procedure for cleaning the full bin sensors is:\n1. Remove and empty the bin. <PIC>\n2. Wipe the sensors with a clean, dry cloth. <PIC>\n3. Wipe the inner and outer sensor ports on the bin with a clean, dry cloth. <PIC>"", [""Manual32_12"", ""Manual32_13"", ""Manual32_14""]"
406,"""The correct procedure for cleaning the extractors is as follows:\n1. Pinch the yellow extractor frame release tabs, lift up the extractor frame and remove any obstructions. <PIC>\n2. Remove the extractors and the yellow extractor caps. Remove any hair or debris collected underneath the caps and around the metal axles, then reinstall the extractor caps. <PIC>\n3. Remove hair and debris from the square and hexagonal plastic pegs on the other side of the extractors. <PIC>\n4. Clear the vacuum path. <PIC>\n5. Reinstall the extractors by matching the color and shape of the extractor pegs with the extractor icons on the cleaning head module."", [""Manual32_19"", ""Manual32_20"", ""Manual32_21"", ""Manual32_22""]"
407,"""To clean the sensors and charging contacts:\n1. Wipe the sensor with a clean, dry cloth. Do not spray cleaning solution directly on to the sensors or sensor openings. <PIC>\n2. Wipe the charging contacts on the robot and the Home Base with a clean, dry cloth. <PIC>\n\nTo clean the full bin sensors:\n1. Remove and empty the bin. <PIC>\n2. Wipe the sensors with a clean, dry cloth. <PIC>\n3. Wipe the inner and outer sensor ports on the bin with a clean, dry cloth. <PIC>"", [""Manual32_17"", ""Manual32_18"", ""Manual32_12"", ""Manual32_13"", ""Manual32_14""]"
408,"""Place the Home Base in an open, uncluttered area with the following clearances: at least 1.5 feet on each side, at least 4 feet in front and away from stairs, and at least 8 feet from virtual wall barriers. Always keep it plugged in and ensure it is in an area with consistent coverage to allow the vacuum to receive information via the app."", []"
409,"""1. Pull firmly on the front wheel to remove it <PIC>.\n2. Remove any debris from inside the wheel cavity.\n3. Spin the wheel by hand. If rotation is restricted, remove the wheel from its housing and push firmly to remove the axle and clear any debris or hair wrapped around it.\n4. Reinstall all parts when finished. Make sure the wheel clicks back into place."", [""Manual32_15""]"
410,"""1. Use a coin or small screwdriver to remove the screw. <PIC> 2. Remove the brush, clean the brush and the brush post, and reinstall the brush."", [""Manual32_16""]"
411,"""The dual mode virtual wall barrier keeps the vacuum in the places you want to be cleaned and out of the ones you don't. It features two modes: Halo Mode, which creates a protective zone to prevent the vacuum from bumping into items or crossing into undesired areas <PIC>; and Virtual Wall Mode, which functions as a virtual wall to block openings of up to 10 feet with an invisible, cone-shaped barrier <PIC>."", [""Manual32_5"", ""Manual32_6""]"
412,"""If the vacuum indicates a problem, it will emit a two-tone distress sound followed by a spoken message, and the troubleshooting indicator will blink. Troubleshooting steps include checking the app or online for detailed support and videos, and rebooting the vacuum by pressing and holding CLEAN for 10 seconds until all indicators illuminate, then release. Additionally, clear the vacuum path <PIC> and reinstall the extractors, matching the color and shape of the extractor pegs with the icons on the cleaning head module <PIC>."", [""Manual32_21"", ""Manual32_22""]"
413,"""To mount your camera on a drop ceiling T-rail (9/16\"", 15/16\"", or 1 1/2\""), use the included hardware and follow these steps:\n1. Using the dashed lines on the mount plate template as a guide, set the proper spacing of the clips. <PIC>\n2. Tighten the set screws on the T-rail clips and secure them using a 5/64\"" (2 mm) hexkey.\n3. Attach the mount plate to the T-rail clips using the mount plate holes (marked with a \""G\""). <PIC>\n4. Attach the T-rail clips to the T-rail by rotating them and snapping them into place as shown. <PIC>\nNote: The black foam pads should be compressed slightly after installation. <PIC> Standard 6-32 x 4mm T-rail screws are used. <PIC>"", [""Manual33_10"", ""Manual33_11"", ""Manual33_12"", ""Manual33_13"", ""Manual33_14""]"
414,"""To power the camera, turn the power switch to <ON> <PIC>. The camera can operate only after the switch is turned on."", [""Manual10_29""]"
415,"""To stop the machine, squeeze the brake lever towards the handlebar. The brake light will illuminate when operated <PIC>. To apply the parking brake when parking or starting the engine, squeeze the brake lever, push down the parking brake button, and release the brake lever <PIC>. To release the parking brake, simply squeeze the brake lever."", [""Manual34_39"", ""Manual34_133""]"
416,"""Before using the snowmobile, essential preparation checks include:\n1. Read the Owner's Manual and Safety Handbook completely, understand the controls, and read all warning and caution labels.\n2. Perform the pre-operation checks listed in the manual to check the machine's condition.\n3. Wear proper protective clothing, including an approved helmet, face shield or goggles, a snowmobile suit, boots, and gloves <PIC> <PIC>."", [""Manual34_11"", ""Manual34_12""]"
417,"""Set the parking brake and follow the instructions on page 7-1~7-2 to start the engine."", []"
418,"""A V-Belt Holder is a provided holder where you can keep a spare V-belt for emergency use <PIC> <PIC>. To remove the V-belt, loosen the bolt <PIC>. Be sure to tighten the bolt when installing the V-belt in the holder <PIC>."", [""Manual34_49"", ""Manual34_50"", ""Manual34_51"", ""Manual34_52""]"
419,"""CAUTION: Be sure the engine idle speed is adjusted first.\n1. Loosen the adjuster lock nut <PIC>.\n2. Turn the adjuster in or out until proper throttle lever free play is achieved.\n3. Tighten the locknut."", [""Manual34_148""]"
420,"""If your snowmobile begins to slip sideways, steer in the direction of the slide if there are no obstacles in your path. As you regain proper balance, gradually steer again in the direction you wish to travel. If it starts to tip, steer down the hill to regain balance <PIC>. If your snowmobile begins to tip while turning, lean more into the turn to regain balance. If necessary, gradually let off on the throttle and/or steer to the outside of the turn <PIC>."", [""Manual34_129"", ""Manual34_127""]"
421,"""To turn using a snowmobile, follow these steps: 1. As you approach a curve, slow down and begin to turn the handlebars in the desired direction. 2. Put your weight on the running board to the inside of the turn and lean your upper body into the turn. 3. Practice this procedure at slow speed many times in a large flat area with no obstacles."", []"
422,"""The provided manual excerpts do not contain information regarding the proper techniques for riding uphill."", []"
423,"""When riding downhill, keep speed to a minimum. Apply just enough throttle to keep the clutch engaged while descending the hill to use engine compression to help slow the machine and prevent it from rolling freely. Also, apply the brake frequently with light pressure. <PIC>"", [""Manual34_128""]"
424,"""To cross a slope on a snowmobile, properly position your weight to maintain balance by leaning your body towards the uphill side. The recommended riding position is to kneel with the knee of the downhill leg on the seat and the foot of the uphill leg on the running board. This position makes it easier to shift your body weight as needed. Be prepared for the possibility that the snowmobile could slip sideways due to slippery snow and ice."", []"
425,"""To inspect the spark plug on a snowmobile, follow these steps:\n1. Check the coloration on the white porcelain insulator around the center electrode. The ideal color is a medium to light tan. If it shows a distinctly different color, there could be an engine problem; consult your dealer.\n2. Periodically remove and inspect the spark plug, as heat and deposits will cause it to break down and erode.\n3. Before installing any spark plug, measure the electrode gap with a wire thickness gauge and adjust to specification <PIC>.\n4. When installing the plug, always clean the gasket surface <PIC>.\n5. Wipe off any grime from the threads and torque the spark plug properly to 28 Nm (2.8 m-kg, 20 ft-lb)."", [""Manual34_138"", ""Manual34_139""]"
426,"""1. Thoroughly clean the machine inside and out to remove corrosive salts and acids. 2. Use Mud and Grease Release or an equivalent to loosen mud, grease, and grime. 3. Wash with mild soap. 4. Rinse and dry completely."", []"
427,"""To memorize channels using a manual program, use the MEMORY/ERASE button on the remote control: 1. Press the ▲/▼ or NUMBER buttons to select the channel number you want to memorize or erase. 2. Press the MEMORY/ERASE button to select Memory or Erase. <PIC>"", [""Manual35_9""]"
428,"""Common causes and conditions that can lead to poor reception include:\n1. Ignition: Interference from automobile ignition systems, neon lamps, electrical drills, and other electrical appliances, causing the picture to flutter, drift, or suffer from black spots/horizontal streaking.\n2. Ghosts: Caused when the TV signal splits and follows two paths (direct and reflected off tall buildings, hills, or other objects) <PIC>.\n3. Snow: Occurs if the receiver is located in a weak, fringe area of a TV signal <PIC>.\n4. An old, bad, or illegally recorded tape is played <PIC>.\n5. Strong, random signals from a car or airplane interfere with the TV signal.\n6. The signal from the antenna is weak.\n7. The program wasn't captioned when it was produced, transmitted, or taped."", [""television0_01"", ""television0_02"", ""television0_03""]"
429,"""You can enable and customize captions and on-screen text settings using the following methods:\n\nMethod 1: Using the CAPTION button\n1. Press the CAPTION button.\n2. Press the CAPTION button to select OFF, Mode1, Mode2, Text1, or Text2. <PIC>\n3. Press the ENTER(O) button to exit.\n\nMethod 2: Using the MENU button\n1. Press the MENU button.\n2. Press the right arrow and then up/down button to select Caption.\n3. Press the right arrow button and then use the up/down button to select Off, Mode1, Mode2, Text1, or Text2. <PIC>\n4. Repeatedly press the MENU button to exit.\n\nNote: This TV is programmed to remember which mode it was last set to, even if you turn the TV off."", [""Manual35_37"", ""Manual35_38""]"
430,"""For the best reception, use an outdoor antenna. Severely weathered antennas and cables can reduce signal quality, so inspect them before connecting. Any service center can explain the various outdoor antennas available to you.\n\nConnection steps:\n- **300 Ohm Flat Wire**: 1. Connect the 300 ohm flat wire to screws on the 300 ohm to 75 ohm adapter. 2. Push the end of the adapter into the 75 ohm antenna jack <PIC>.\n- **75 Ohm Coaxial Cable**: 1. Connect the 75 ohm coaxial cable directly to the 75 ohm antenna jack <PIC>."", [""Manual35_39""]"
431,"""Connect component DVD inputs to Y, PB, PR(480i) and audio IN to audio(L/R) ports <PIC>. Connect the audio/video output jacks to IN 1(A/V) jacks on the side or back of TV. If you connect the audio jack only, you can't hear the sound from the TV. In case of MONO, connect the output jack to the AUDIO L/MONO IN jack of TV so that the sound can be heard from both speakers <PIC>. If you connect it to the AUDIO R IN jack of TV the sound is heard only from right speaker."", [""television0_06"", ""Manual35_42""]"
432,"Hello! I’m here to help with your order, shipping, returns, or invoice inquiries.

For technical troubleshooting or product malfunctions, I recommend checking the following general steps:
1. **Power & Connections:** Ensure the device is properly plugged in and powered on.
2. **Basic Settings:** Verify that settings are configured correctly according to the user manual.
3. **Reset:** Try restarting or resetting the device to its default settings.

If these steps do not resolve the issue, please provide your **Order ID** so I can assist you further with specific product support or warranty options."
433,"Hello! To provide you with the most accurate safety instructions, could you please specify which product or process you are referring to?

Since our previous context did not mention a specific item, general advice for safe operation usually includes:
1.  **Read the Manual:** Always follow the manufacturer's guidelines.
2.  **Power Safety:** Ensure devices are unplugged before maintenance or cleaning.
3.  **Environment:** Keep electronics away from water and extreme temperatures.
4.  **Personal Protection:** Use appropriate gear (e.g., gloves, glasses) if handling sharp or hazardous materials.

Please let me know the product name or order number so I can give you precise details!"
434,"""The electric toothbrush has 3 intensity settings: High (three lights), Medium (two lights), and Low (one light) <PIC>. To manually adjust the intensity, press the intensity indicator lights on the handle to cycle through the options <PIC>. The setting can be changed before, during, or after brushing, and can also be customized via the app."", [""toothbrush0_06"", ""toothbrush0_07""]"
435,"""You can activate or deactivate features through the App's customizable settings, which include Intensity Settings, Mode Controls, and enabling/disabling Adaptive Intensity and Scrubbing feedback. You can also manage Pressure Sensor Feedback and Brush head replacement reminder. Note: Adaptive Intensity will be deactivated when the pressure sensor is deactivated."", []"
436,"""Steps to charge:\n1. Plug the USB cord into the travel case and into the USB wall adapter <PIC>.\n2. Plug the wall adapter into an electrical outlet.\n3. Place the toothbrush into the travel case <PIC>.\n4. Leave the travel case plugged in until fully charged. The battery light will turn off when finished <PIC>.\n\nTo ensure it charges properly:\n- Make sure the travel case is placed on its side for better stability <PIC>.\n- Charging has started successfully if the toothbrush beeps twice and the lights illuminate in an upward motion. The battery indicator blinks in white while charging."", [""Manual37_18"", ""Manual37_19"", ""Manual37_20"", ""Manual37_21""]"
